"Name","GlobalID","VisualLevel","Deprecated","TID","InfoTID","HousingSpace","BarrackLevel","LaboratoryLevel","Speed","Hitpoints","UpgradeTimeH","UpgradeTimeM","UpgradeResource","UpgradeCost","AttackRange","AttackSpeed","CoolDownOverride","DPS","PreferedTargetDamageMod","DamageRadius","AreaDamageIgnoresWalls","SelfAsAoeCenter","IconSWF","IconExportName","BigPicture","BigPictureSWF","DeathShowTimeMS","Projectile","AltProjectile","PreferedTargetBuilding","PreferedTargetBuildingClass","PreferredTargetNoTargeting","DeployEffect","DeployEffect2","AttackEffect","AttackEffect2","HitEffect","HitEffect2","IsFlying","AirTargets","GroundTargets","TargetableByGroundAndAir","AttackCount","DieEffect","DieEffect2","Animation","ProductionBuilding","IsJumper","IsTotem","MovementOffsetAmount","MovementOffsetSpeed","TombStone","DieDamage","DieDamageRadius","DieDamageEffect","DieDamageDelay","DieDamageAffectsAir","NoDieDamageForSuicide","DisableProduction","CantBeEjected","SecondaryTroop","DontSpawnSecondaryWhenEjected","IsSecondaryTroop","SecondaryTroopCnt","SecondarySpawnDist","SecondaryTroopPattern","RandomizeSecSpawnDist","PickNewTargetAfterPushback","PushbackSpeed","PushbackAfterHit","Pushback","PushbackTime","PushbackHousingLimit","SummonTroop","SummonTroopCount","SummonTime","SummonCooldown","SummonEffect","SummonLimit","SummonLevel","SummonDelay","ConsumeDebrisOnSummon","DebrisSummonCompletionTime","SummonPattern","SpawnIdle","SpawnOnAttack","StrengthWeight","AuraSpell","AuraSpellLevel","SpawnWhenDamaged","SpawnWhenDamagedEffect","JumpHeightPercent","NoClipping","Squad","WallMovementCost","BurstCount","BurstDelay","AttackMultipleBuildings","IncreasingDamage","DPSLv2","DPSLv3","Lv2SwitchTime","Lv3SwitchTime","AttackEffectLv2","AttackEffectLv3","AttackEffectLv4","TransitionEffectLv2","TransitionEffectLv3","TransitionEffectLv4","TargetedEffectOffset","SecondarySpawnOffset","CustomDefenderIcon","SpecialMovementMod","InvisibilityRadius","HealthReductionPerSecond","AutoMergeDistance","AutoMergeGroupSize","IsUnderground","ProjectileBounces","FriendlyGroupWeight","EnemyGroupWeight","NewTargetAttackDelay","TriggersTraps","ChainShootingDistance","ChainAttackDistance","ChainAttackDepth","ChainAttackFactor","ChainAttackDelay","ChainAttackDamageReductionPercent","ChainAttackEffect","PreAttackEffect","MoveStartsEffect","UndergroundEffect","UnderwaterEffect","MovingEffect","BecomesTargetableEffect","HideEffect","VillageType","UnitsInCamp","DisableDonate","ScaleByTH","EnabledByCalendar","EnabledBySuperLicence","LoseHpPerTick","LoseHpInterval","LoseHpEffect","UpgradeLevelByTH","UnlockByTH","EvolveToCharacter","EvolveEffect","EvolveOnDamageDealt","EvolveTime","CanAttackWhileMoving","PreferredMovementTarget","RetargetAfterHit","Damage2","Damage2Radius","Damage2Delay","Damage2Min","Damage2FalloffStart","Damage2FalloffEnd","DamageMultiplierTarget","DamageMultiplierPercent","FrostOnHitTime","FrostOnHitPercent","DoesNotOpenCC","DefensiveTroop","DamageReductionToStorages","BunkerTroops","BunkerTroopCount1","BunkerTroopCount2","BunkerDegenerationTime","BunkerSpawnDist","HeroDamageMultiplier","PenetratingProjectile","PenetratingRadius","PenetratingExtraRange","ImmuneToHealing","PreferHeroes","ForceRetaliation","HealerWeight","DefaultSkin","DefenseBonus","SmoothJump","SpecialAbilities","SpecialAbilitiesLevel","ReflectsDamage","AvoidNoiseInAttackPositionSelection","CarryOverToNextStage","FightWithGroups","TargetGroupsRadius","TargetGroupsRange","TargetGroupsMinWeight","MergeToCharacter","MergeSearchRadius","MergeEffect","SplitEffect","InheritHealthPercentage","PreviewScenario","AltPreviewScenario","StatBars","MaxSearchRadiusForDefender","AlertRadius","TargetKilledCooldownTimer","SpawnAllianceTroopsWithBunkerTroops","MakeCreator","TargetAlwaysValidDuringAttack","ColorMulR","ColorMulG","ColorMulB","DiesWhenSpawnLimitReached","SummonLifetimeLimit"
"String","int","int","boolean","String","String","int","int","int","int","int","int","int","String","int","int","int","int","int","int","int","boolean","boolean","String","String","String","String","int","String","String","String","String","boolean","String","String","String","String","String","String","boolean","boolean","boolean","boolean","int","String","String","String","String","boolean","boolean","int","int","String","int","int","String","int","boolean","boolean","boolean","boolean","String","boolean","boolean","int","int","String","boolean","boolean","int","int","int","int","int","String","int","int","int","String","int","int","int","boolean","int","String","int","boolean","int","String","int","int","String","int","boolean","String","int","int","int","boolean","boolean","int","int","int","int","String","String","String","String","String","String","int","int","String","int","int","int","int","int","boolean","int","int","int","int","boolean","int","int","int","int","int","int","String","String","String","String","String","String","String","String","int","int","boolean","boolean","boolean","boolean","int","int","String","int","int","String","String","int","int","boolean","String","boolean","int","int","int","int","int","int","String","int","int","int","boolean","String","int","String","int","int","int","int","int","boolean","int","int","boolean","boolean","boolean","int","String","int","boolean","String","String","boolean","boolean","boolean","boolean","int","int","int","String","int","String","String","boolean","String","String","String","int","int","int","boolean","String","boolean","int","int","int","boolean","int"
"Barbarian",4000000,1,,"TID_BARBARIAN","TID_CHARACTER_INFO_BARBARIAN",1,1,1,220,45,0,30,"Elixir",10000,40,1000,,9,1,,,,"sc/ui.sc","icon_unit_barbarian","unit_barbarian_big","sc/info_barbarian.sc",,,,,,,"Barbarian Deploy",,"Barbarian Attack",,"Barbarian Hit",,"FALSE","FALSE","TRUE",,,"Barbarian Die",,"Barbarian","Barracks","FALSE",,,0,"TombStone",,,,,,,,,,,,,,,,,,,,,,,,,,,,,,,,,,,800,,,,,,,,,,,,,,,,,,,,,,,-50,,,,,,,,,,50,100,,"TRUE",,,,,,,,,,,,,,,,,,,,,,,,,,,,,,,,,,,,,,,,,,,,,,,,,,,,,,,,,,,,,,,,,,,,,,,,,,,,"TroopGroundAny",,,,,,,,,,,,,
,,2,,,,,,1,,54,1,,,50000,,,,12,,,,,,,,,,,,,,,,,,,,,,,,,,,,"Barbarian",,,,,,,,,,,,,,,,,,,,,,,,,,,,,,,,,,,,,,,,,1200,,,,,,,,,,,,,,,,,,,,,,,,,,,,,,,,,,,,,,,,,,,,,,,,,,,,,,,,,,,,,,,,,,,,,,,,,,,,,,,,,,,,,,,,,,,,,,,,,,,,,,,,,,,,,,,,,,,,,,,,,,,,,
,,3,,,,,,3,,65,2,,,130000,,,,15,,,,,,,,,,,,,,,,,,,,,,,,,,,,"Barbarian3",,,,,,,,,,,,,,,,,,,,,,,,,,,,,,,,,,,,,,,,,1400,,,,,,,,,,,,,,,,,,,,,,,,,,,,,,,,,,,,,,,,,,,,,,,,,,,,,,,,,,,,,,,,,,,,,,,,,,,,,,,,,,,,,,,,,,,,,,,,,,,,,,,,,,,,,,,,,,,,,,,,,,,,,
,,4,,,,,,5,,85,4,,,300000,,,,18,,,,,,,,,,,,,,,,,,,,,,,,,,,,"Barbarian3",,,,,,,,,,,,,,,,,,,,,,,,,,,,,,,,,,,,,,,,,1600,,,,,,,,,,,,,,,,,,,,,,,,,,,,,,,,,,,,,,,,,,,,,,,,,,,,,,,,,,,,,,,,,,,,,,,,,,,,,,,,,,,,,,,,,,,,,,,,,,,,,,,,,,,,,,,,,,,,,,,,,,,,,
,,5,,,,,,6,,105,8,,,800000,,,,23,,,,,,,,,,,,,,,,,,,,,,,,,,,,"Barbarian5",,,,,,,,,,,,,,,,,,,,,,,,,,,,,,,,,,,,,,,,,1700,,,,,,,,,,,,,,,,,,,,,,,,,,,,,,,,,,,,,,,,,,,,,,,,,,,,,,,,,,,,,,,,,,,,,,,,,,,,,,,,,,,,,,,,,,,,,,,,,,,,,,,,,,,,,,,,,,,,,,,,,,,,,
,,6,,,,,,7,,125,12,,,1000000,,,,26,,,,,,,,,,,,,,,,,,,,,,,,,,,,"Barbarian6",,,,,,,,,,,,,,,,,,,,,,,,,,,,,,,,,,,,,,,,,1800,,,,,,,,,,,,,,,,,,,,,,,,,,,,,,,,,,,,,,,,,,,,,,,,,,,,,,,,,,,,,,,,,,,,,,,,,,,,,,,,,,,,,,,,,,,,,,,,,,,,,,,,,,,,,,,,,,,,,,,,,,,,,
,,7,,,,,,8,,160,24,,,1500000,,,,30,,,,,,,,,,,,,,,,,,,,,,,,,,,,"Barbarian7",,,,,,,,,,,,,,,,,,,,,,,,,,,,,,,,,,,,,,,,,2000,,,,,,,,,,,,,,,,,,,,,,,,,,,,,,,,,,,,,,,,,,,,,,,,,,,,,,,,,,,,,,,,,,,,,,,,,,,,,,,,,,,,,,,,,,,,,,,,,,,,,,,,,,,,,,,,,,,,,,,,,,,,,
,,8,,,,,,9,,205,36,,,2500000,,,,34,,,,,,,,,,,,,,,,,,,,,,,,,,,,"Barbarian8",,,,,,,,,,,,,,,,,,,,,,,,,,,,,,,,,,,,,,,,,3000,,,,,,,,,,,,,,,,,,,,,,,,,,,,,,,,,,,,,,,,,,,,,,,,,,,,,,,,,,,,,,,,,,,,,,,,,,,,,,,,,,,,,,,,,,,,,,,,,,,,,,,,,,,,,,,,,,,,,,,,,,,,,
,,9,,,,,,10,,230,48,,,4300000,,,,38,,,,,,,,,,,,,,,,,,,,,,,,,,,,"Barbarian9",,,,,,,,,,,,,,,,,,,,,,,,,,,,,,,,,,,,,,,,,4000,,,,,,,,,,,,,,,,,,,,,,,,,,,,,,,,,,,,,,,,,,,,,,,,,,,,,,,,,,,,,,,,,,,,,,,,,,,,,,,,,,,,,,,,,,,,,,,,,,,,,,,,,,,,,,,,,,,,,,,,,,,,,
,,10,,,,,,12,,250,72,,,6000000,,,,42,,,,,,,,,,,,,,,,,,,,,,,,,,,,"Barbarian10",,,,,,,,,,,,,,,,,,,,,,,,,,,,,,,,,,,,,,,,,6000,,,,,,,,,,,,,,,,,,,,,,,,,,,,,,,,,,,,,,,,,,,,,,,,,,,,,,,,,,,,,,,,,,,,,,,,,,,,,,,,,,,,,,,,,,,,,,,,,,,,,,,,,,,,,,,,,,,,,,,,,,,,,
,,11,,,,,,13,,270,96,,,8000000,,,,45,,,,,,,,,,,,,,,,,,,,,,,,,,,,"Barbarian11",,,,,,,,,,,,,,,,,,,,,,,,,,,,,,,,,,,,,,,,,7000,,,,,,,,,,,,,,,,,,,,,,,,,,,,,,,,,,,,,,,,,,,,,,,,,,,,,,,,,,,,,,,,,,,,,,,,,,,,,,,,,,,,,,,,,,,,,,,,,,,,,,,,,,,,,,,,,,,,,,,,,,,,,
,,12,,,,,,14,,290,300,,,24000000,,,,48,,,,,,,,,,,,,,,,,,,,,,,,,,,,"Barbarian12",,,,,,,,,,,,,,,,,,,,,,,,,,,,,,,,,,,,,,,,,8000,,,,,,,,,,,,,,,,,,,,,,,,,,,,,,,,,,,,,,,,,,,,,,,,,,,,,,,,,,,,,,,,,,,,,,,,,,,,,,,,,,,,,,,,,,,,,,,,,,,,,,,,,,,,,,,,,,,,,,,,,,,,,
,,13,,,,,,16,,310,,,,,,,,51,,,,,,,,,,,,,,,,,,,,,,,,,,,,"Barbarian13",,,,,,,,,,,,,,,,,,,,,,,,,,,,,,,,,,,,,,,,,10000,,,,,,,,,,,,,,,,,,,,,,,,,,,,,,,,,,,,,,,,,,,,,,,,,,,,,,,,,,,,,,,,,,,,,,,,,,,,,,,,,,,,,,,,,,,,,,,,,,,,,,,,,,,,,,,,,,,,,,,,,,,,,
"Archer",4000001,1,,"TID_ARCHER","TID_CHARACTER_INFO_ARCHER",1,2,1,300,22,1,,"Elixir",20000,350,1000,,8,1,,,,"sc/ui.sc","icon_unit_archer","unit_archer_big","sc/info_archer.sc",,"Arrow_small",,,,,"Archer Deploy",,"Archer Attack",,"Archer Hit",,"FALSE","TRUE","TRUE",,,"Archer Die",,"Archer","Barracks","FALSE",,,0,"TombStone",,,,,,,,,,,,,,,,,,,,,,,,,,,,,,,,,,,800,,,,,,,,,,,,,,,,,,,,,,,-50,,,,,,,,,,50,100,,"TRUE",,,,,,,,,,,,,,,,,,,,,,,,,,,,,,,,,,,,,,,,,,,,,,,,,,,,,,,,,,,,,,,,,,,,,,,,,,,,"TroopArcher",,,,,,,,,,,,,
,,2,,,,,,1,,26,2,,,80000,,,,10,,,,,,,,,,"Arrow_small",,,,,,,,,,,,,,,,,,"Archer",,,,,,,,,,,,,,,,,,,,,,,,,,,,,,,,,,,,,,,,,1200,,,,,,,,,,,,,,,,,,,,,,,,,,,,,,,,,,,,,,,,,,,,,,,,,,,,,,,,,,,,,,,,,,,,,,,,,,,,,,,,,,,,,,,,,,,,,,,,,,,,,,,,,,,,,,,,,,,,,,,,,,,,,
,,3,,,,,,3,,29,3,,,200000,,,,13,,,,,,,,,,"Arrow_small_fire",,,,,,,,,,,,,,,,,,"Archer2",,,,,,,,,,,,,,,,,,,,,,,,,,,,,,,,,,,,,,,,,1400,,,,,,,,,,,,,,,,,,,,,,,,,,,,,,,,,,,,,,,,,,,,,,,,,,,,,,,,,,,,,,,,,,,,,,,,,,,,,,,,,,,,,,,,,,,,,,,,,,,,,,,,,,,,,,,,,,,,,,,,,,,,,
,,4,,,,,,5,,33,8,,,500000,,,,16,,,,,,,,,,"Arrow_small_fire",,,,,,,,,,,,,,,,,,"Archer2",,,,,,,,,,,,,,,,,,,,,,,,,,,,,,,,,,,,,,,,,1600,,,,,,,,,,,,,,,,,,,,,,,,,,,,,,,,,,,,,,,,,,,,,,,,,,,,,,,,,,,,,,,,,,,,,,,,,,,,,,,,,,,,,,,,,,,,,,,,,,,,,,,,,,,,,,,,,,,,,,,,,,,,,
,,5,,,,,,6,,40,12,,,1000000,,,,20,,,,,,,,,,"Arrow_small_elixirFire",,,,,,,,,,,,,,,,,,"Archer3",,,,,,,,,,,,,,,,,,,,,,,,,,,,,,,,,,,,,,,,,1700,,,,,,,,,,,,,,,,,,,,,,,,,,,,,,,,,,,,,,,,,,,,,,,,,,,,,,,,,,,,,,,,,,,,,,,,,,,,,,,,,,,,,,,,,,,,,,,,,,,,,,,,,,,,,,,,,,,,,,,,,,,,,
,,6,,,,,,7,,44,24,,,1500000,,,,22,,,,,,,,,,"Arrow_small_darkElixirFire",,,,,,,,,,,,,,,,,,"Archer6",,,,,,,,,,,,,,,,,,,,,,,,,,,,,,,,,,,,,,,,,1800,,,,,,,,,,,,,,,,,,,,,,,,,,,,,,,,,,,,,,,,,,,,,,,,,,,,,,,,,,,,,,,,,,,,,,,,,,,,,,,,,,,,,,,,,,,,,,,,,,,,,,,,,,,,,,,,,,,,,,,,,,,,,
,,7,,,,,,8,,48,36,,,2300000,,,,25,,,,,,,,,,"Arrow_small_darkElixirFire2",,,,,,,,,,,,,,,,,,"Archer7",,,,,,,,,,,,,,,,,,,,,,,,,,,,,,,,,,,,,,,,,2000,,,,,,,,,,,,,,,,,,,,,,,,,,,,,,,,,,,,,,,,,,,,,,,,,,,,,,,,,,,,,,,,,,,,,,,,,,,,,,,,,,,,,,,,,,,,,,,,,,,,,,,,,,,,,,,,,,,,,,,,,,,,,
,,8,,,,,,9,,52,48,,,3000000,,,,28,,,,,,,,,,"Arrow_small_darkElixirFire2",,,,,,,,,,,,,,,,,,"Archer8",,,,,,,,,,,,,,,,,,,,,,,,,,,,,,,,,,,,,,,,,3000,,,,,,,,,,,,,,,,,,,,,,,,,,,,,,,,,,,,,,,,,,,,,,,,,,,,,,,,,,,,,,,,,,,,,,,,,,,,,,,,,,,,,,,,,,,,,,,,,,,,,,,,,,,,,,,,,,,,,,,,,,,,,
,,9,,,,,,10,,56,72,,,4500000,,,,31,,,,,,,,,,"Arrow_small_darkElixirFire2",,,,,,,,,,,,,,,,,,"Archer9",,,,,,,,,,,,,,,,,,,,,,,,,,,,,,,,,,,,,,,,,4000,,,,,,,,,,,,,,,,,,,,,,,,,,,,,,,,,,,,,,,,,,,,,,,,,,,,,,,,,,,,,,,,,,,,,,,,,,,,,,,,,,,,,,,,,,,,,,,,,,,,,,,,,,,,,,,,,,,,,,,,,,,,,
,,10,,,,,,12,,60,96,,,6500000,,,,34,,,,,,,,,,"Arrow_small_darkElixirFire2",,,,,,,,,,,,,,,,,,"Archer10",,,,,,,,,,,,,,,,,,,,,,,,,,,,,,,,,,,,,,,,,6000,,,,,,,,,,,,,,,,,,,,,,,,,,,,,,,,,,,,,,,,,,,,,,,,,,,,,,,,,,,,,,,,,,,,,,,,,,,,,,,,,,,,,,,,,,,,,,,,,,,,,,,,,,,,,,,,,,,,,,,,,,,,,
,,11,,,,,,13,,64,108,,,9000000,,,,37,,,,,,,,,,"Arrow_small_darkElixirFire2",,,,,,,,,,,,,,,,,,"Archer11",,,,,,,,,,,,,,,,,,,,,,,,,,,,,,,,,,,,,,,,,7000,,,,,,,,,,,,,,,,,,,,,,,,,,,,,,,,,,,,,,,,,,,,,,,,,,,,,,,,,,,,,,,,,,,,,,,,,,,,,,,,,,,,,,,,,,,,,,,,,,,,,,,,,,,,,,,,,,,,,,,,,,,,,
,,12,,,,,,14,,68,216,,,14000000,,,,40,,,,,,,,,,"Arrow_small_darkElixirFire2",,,,,,,,,,,,,,,,,,"Archer12",,,,,,,,,,,,,,,,,,,,,,,,,,,,,,,,,,,,,,,,,8000,,,,,,,,,,,,,,,,,,,,,,,,,,,,,,,,,,,,,,,,,,,,,,,,,,,,,,,,,,,,,,,,,,,,,,,,,,,,,,,,,,,,,,,,,,,,,,,,,,,,,,,,,,,,,,,,,,,,,,,,,,,,,
,,13,,,,,,15,,72,324,,,25000000,,,,43,,,,,,,,,,"Arrow_small_darkElixirFire2",,,,,,,,,,,,,,,,,,"Archer13",,,,,,,,,,,,,,,,,,,,,,,,,,,,,,,,,,,,,,,,,9000,,,,,,,,,,,,,,,,,,,,,,,,,,,,,,,,,,,,,,,,,,,,,,,,,,,,,,,,,,,,,,,,,,,,,,,,,,,,,,,,,,,,,,,,,,,,,,,,,,,,,,,,,,,,,,,,,,,,,,,,,,,,,
,,14,,,,,,16,,76,,,,,,,,46,,,,,,,,,,"Arrow_small_darkElixirFire2",,,,,,,,,,,,,,,,,,"Archer14",,,,,,,,,,,,,,,,,,,,,,,,,,,,,,,,,,,,,,,,,10000,,,,,,,,,,,,,,,,,,,,,,,,,,,,,,,,,,,,,,,,,,,,,,,,,,,,,,,,,,,,,,,,,,,,,,,,,,,,,,,,,,,,,,,,,,,,,,,,,,,,,,,,,,,,,,,,,,,,,,,,,,,,,
"Giant",4000003,1,,"TID_GIANT","TID_CHARACTER_INFO_GIANT",5,3,1,150,400,2,,"Elixir",40000,100,2000,,12,1,,,,"sc/ui.sc","icon_unit_giant","unit_giant_big","sc/info_giant.sc",,,,,"Defense",,"Giant Deploy",,"Giant Attack",,"Giant Hit",,"FALSE","FALSE","TRUE",,,"Giant Die",,"Giant","Barracks","FALSE",,,0,"TombStone",,,,,,,,,,,,,,,,,,,,,,,,,,,,,,,,,,,1000,,,,,,,,,,,,,,,,,,,,,,,-50,,,,,,,,,,600,500,,"TRUE",,,,,,,,,,,,,,,,,,,,,,,,,,,,,,,,,,,,,,,,,,,,,,,,,,,,,,,,,,,,,,,,,,,,,,,,,,,,"TroopDefenseGround",,,,,,,,,,,,,
,,2,,,,,,2,,500,4,,,150000,,,,15,,,,,,,,,,,,,,,,,,,,,,,,,,,,"Giant",,,,,,,,,,,,,,,,,,,,,,,,,,,,,,,,,,,,,,,,,1500,,,,,,,,,,,,,,,,,,,,,,,,,,,,,,,,,,,,,,,,,,,,,,,,,,,,,,,,,,,,,,,,,,,,,,,,,,,,,,,,,,,,,,,,,,,,,,,,,,,,,,,,,,,,,,,,,,,,,,,,,,,,,
,,3,,,,,,4,,600,6,,,400000,,,,20,,,,,,,,,,,,,,,,,,,,,,,,,,,,"Giant2",,,,,,,,,,,,,,,,,,,,,,,,,,,,,,,,,,,,,,,,,1700,,,,,,,,,,,,,,,,,,,,,,,,,,,,,,,,,,,,,,,,,,,,,,,,,,,,,,,,,,,,,,,,,,,,,,,,,,,,,,,,,,,,,,,,,,,,,,,,,,,,,,,,,,,,,,,,,,,,,,,,,,,,,
,,4,,,,,,5,,700,12,,,800000,,,,24,,,,,,,,,,,,,,,,,,,,,,,,,,,,"Giant2",,,,,,,,,,,,,,,,,,,,,,,,,,,,,,,,,,,,,,,,,1900,,,,,,,,,,,,,,,,,,,,,,,,,,,,,,,,,,,,,,,,,,,,,,,,,,,,,,,,,,,,,,,,,,,,,,,,,,,,,,,,,,,,,,,,,,,,,,,,,,,,,,,,,,,,,,,,,,,,,,,,,,,,,
,,5,,,,,,6,,900,24,,,1500000,,,,31,,,,,,,,,,,,,,,,,,,,,,,,,,,,"Giant3",,,,,,,,,,,,,,,,,,,,,,,,,,,,,,,,,,,,,,,,,2000,,,,,,,,,,,,,,,,,,,,,,,,,,,,,,,,,,,,,,,,,,,,,,,,,,,,,,,,,,,,,,,,,,,,,,,,,,,,,,,,,,,,,,,,,,,,,,,,,,,,,,,,,,,,,,,,,,,,,,,,,,,,,
,,6,,,,,,7,,1100,36,,,2300000,,,,43,,,,,,,,,,,,,,,,,,,,,,,,,,,,"Giant6",,,,,,,,,,,,,,,,,,,,,,,,,,,,,,,,,,,,,,,,,2500,,,,,,,,,,,,,,,,,,,,,,,,,,,,,,,,,,,,,,,,,,,,,,,,,,,,,,,,,,,,,,,,,,,,,,,,,,,,,,,,,,,,,,,,,,,,,,,,,,,,,,,,,,,,,,,,,,,,,,,,,,,,,
,,7,,,,,,8,,1300,48,,,2600000,,,,55,,,,,,,,,,,,,,,,,,,,,,,,,,,,"Giant7",,,,,,,,,,,,,,,,,,,,,,,,,,,,,,,,,,,,,,,,,3000,,,,,,,,,,,,,,,,,,,,,,,,,,,,,,,,,,,,,,,,,,,,,,,,,,,,,,,,,,,,,,,,,,,,,,,,,,,,,,,,,,,,,,,,,,,,,,,,,,,,,,,,,,,,,,,,,,,,,,,,,,,,,
,,8,,,,,,9,,1500,54,,,3400000,,,,62,,,,,,,,,,,,,,,,,,,,,,,,,,,,"Giant8",,,,,,,,,,,,,,,,,,,,,,,,,,,,,,,,,,,,,,,,,4000,,,,,,,,,,,,,,,,,,,,,,,,,,,,,,,,,,,,,,,,,,,,,,,,,,,,,,,,,,,,,,,,,,,,,,,,,,,,,,,,,,,,,,,,,,,,,,,,,,,,,,,,,,,,,,,,,,,,,,,,,,,,,
,,9,,,,,,10,,1850,72,,,5000000,,,,70,,,,,,,,,,,,,,,,,,,,,,,,,,,,"Giant9",,,,,,,,,,,,,,,,,,,,,,,,,,,,,,,,,,,,,,,,,5000,,,,,,,,,,,,,,,,,,,,,,,,,,,,,,,,,,,,,,,,,,,,,,,,,,,,,,,,,,,,,,,,,,,,,,,,,,,,,,,,,,,,,,,,,,,,,,,,,,,,,,,,,,,,,,,,,,,,,,,,,,,,,
,,10,,,,,,11,,2000,96,,,7500000,,,,78,,,,,,,,,,,,,,,,,,,,,,,,,,,,"Giant10",,,,,,,,,,,,,,,,,,,,,,,,,,,,,,,,,,,,,,,,,6000,,,,,,,,,,,,,,,,,,,,,,,,,,,,,,,,,,,,,,,,,,,,,,,,,,,,,,,,,,,,,,,,,,,,,,,,,,,,,,,,,,,,,,,,,,,,,,,,,,,,,,,,,,,,,,,,,,,,,,,,,,,,,
,,11,,,,,,13,,2200,120,,,10000000,,,,86,,,,,,,,,,,,,,,,,,,,,,,,,,,,"Giant11",,,,,,,,,,,,,,,,,,,,,,,,,,,,,,,,,,,,,,,,,8000,,,,,,,,,,,,,,,,,,,,,,,,,,,,,,,,,,,,,,,,,,,,,,,,,,,,,,,,,,,,,,,,,,,,,,,,,,,,,,,,,,,,,,,,,,,,,,,,,,,,,,,,,,,,,,,,,,,,,,,,,,,,,
,,12,,,,,,14,,2400,228,,,15000000,,,,94,,,,,,,,,,,,,,,,,,,,,,,,,,,,"Giant12",,,,,,,,,,,,,,,,,,,,,,,,,,,,,,,,,,,,,,,,,9000,,,,,,,,,,,,,,,,,,,,,,,,,,,,,,,,,,,,,,,,,,,,,,,,,,,,,,,,,,,,,,,,,,,,,,,,,,,,,,,,,,,,,,,,,,,,,,,,,,,,,,,,,,,,,,,,,,,,,,,,,,,,,
,,13,,,,,,15,,2700,324,,,25000000,,,,104,,,,,,,,,,,,,,,,,,,,,,,,,,,,"Giant13",,,,,,,,,,,,,,,,,,,,,,,,,,,,,,,,,,,,,,,,,10000,,,,,,,,,,,,,,,,,,,,,,,,,,,,,,,,,,,,,,,,,,,,,,,,,,,,,,,,,,,,,,,,,,,,,,,,,,,,,,,,,,,,,,,,,,,,,,,,,,,,,,,,,,,,,,,,,,,,,,,,,,,,,
,,14,,,,,,16,,3000,,,,,,,,114,,,,,,,,,,,,,,,,,,,,,,,,,,,,"Giant14",,,,,,,,,,,,,,,,,,,,,,,,,,,,,,,,,,,,,,,,,11000,,,,,,,,,,,,,,,,,,,,,,,,,,,,,,,,,,,,,,,,,,,,,,,,,,,,,,,,,,,,,,,,,,,,,,,,,,,,,,,,,,,,,,,,,,,,,,,,,,,,,,,,,,,,,,,,,,,,,,,,,,,,,
"Goblin",4000002,1,,"TID_GOBLIN","TID_CHARACTER_INFO_GOBLIN",1,4,1,400,25,2,,"Elixir",45000,40,1000,,11,2,,,,"sc/ui.sc","icon_unit_goblin","unit_goblin_big","sc/info_goblin.sc",,,,,"Resource",,"Goblin Deploy",,"Goblin Attack",,"Goblin Hit",,"FALSE","FALSE","TRUE",,,"Goblin Die",,"Goblin","Barracks","FALSE",,,0,"TombStone",,,,,,,,,,,,,,,,,,,,,,,,,,,,,,,,,,,700,,,,,,,,,,,,,,,,,,,,,,,-50,,,,,,,,,,50,50,,"TRUE",,,,,,,,,,,,,,,,,,,,,,,,,,,,,,,,,,,,,,,,,,,,,,,,,,,,,,,,,,,,,,,,,,,,,,,,,,,,"TroopResource",,,,,,,,,,,,,
,,2,,,,,,1,,30,3,,,100000,,,,14,,,,,,,,,,,,,,,,,,,,,,,,,,,,"Goblin",,,,,,,,,,,,,,,,,,,,,,,,,,,,,,,,,,,,,,,,,900,,,,,,,,,,,,,,,,,,,,,,,,,,,,,,,,,,,,,,,,,,,,,,,,,,,,,,,,,,,,,,,,,,,,,,,,,,,,,,,,,,,,,,,,,,,,,,,,,,,,,,,,,,,,,,,,,,,,,,,,,,,,,
,,3,,,,,,3,,36,6,,,500000,,,,19,,,,,,,,,,,,,,,,,,,,,,,,,,,,"Goblin2",,,,,,,,,,,,,,,,,,,,,,,,,,,,,,,,,,,,,,,,,1100,,,,,,,,,,,,,,,,,,,,,,,,,,,,,,,,,,,,,,,,,,,,,,,,,,,,,,,,,,,,,,,,,,,,,,,,,,,,,,,,,,,,,,,,,,,,,,,,,,,,,,,,,,,,,,,,,,,,,,,,,,,,,
,,4,,,,,,5,,50,12,,,700000,,,,24,,,,,,,,,,,,,,,,,,,,,,,,,,,,"Goblin2",,,,,,,,,,,,,,,,,,,,,,,,,,,,,,,,,,,,,,,,,1300,,,,,,,,,,,,,,,,,,,,,,,,,,,,,,,,,,,,,,,,,,,,,,,,,,,,,,,,,,,,,,,,,,,,,,,,,,,,,,,,,,,,,,,,,,,,,,,,,,,,,,,,,,,,,,,,,,,,,,,,,,,,,
,,5,,,,,,6,,65,24,,,1600000,,,,32,,,,,,,,,,,,,,,,,,,,,,,,,,,,"Goblin3",,,,,,,,,,,,,,,,,,,,,,,,,,,,,,,,,,,,,,,,,1400,,,,,,,,,,,,,,,,,,,,,,,,,,,,,,,,,,,,,,,,,,,,,,,,,,,,,,,,,,,,,,,,,,,,,,,,,,,,,,,,,,,,,,,,,,,,,,,,,,,,,,,,,,,,,,,,,,,,,,,,,,,,,
,,6,,,,,,7,,80,36,,,2200000,,,,42,,,,,,,,,,,,,,,,,,,,,,,,,,,,"Goblin6",,,,,,,,,,,,,,,,,,,,,,,,,,,,,,,,,,,,,,,,,1700,,,,,,,,,,,,,,,,,,,,,,,,,,,,,,,,,,,,,,,,,,,,,,,,,,,,,,,,,,,,,,,,,,,,,,,,,,,,,,,,,,,,,,,,,,,,,,,,,,,,,,,,,,,,,,,,,,,,,,,,,,,,,
,,7,,,,,,8,,105,54,,,3700000,,,,52,,,,,,,,,,,,,,,,,,,,,,,,,,,,"Goblin7",,,,,,,,,,,,,,,,,,,,,,,,,,,,,,,,,,,,,,,,,2000,,,,,,,,,,,,,,,,,,,,,,,,,,,,,,,,,,,,,,,,,,,,,,,,,,,,,,,,,,,,,,,,,,,,,,,,,,,,,,,,,,,,,,,,,,,,,,,,,,,,,,,,,,,,,,,,,,,,,,,,,,,,,
,,8,,,,,,10,,126,120,,,8000000,,,,62,,,,,,,,,,,,,,,,,,,,,,,,,,,,"Goblin8",,,,,,,,,,,,,,,,,,,,,,,,,,,,,,,,,,,,,,,,,4000,,,,,,,,,,,,,,,,,,,,,,,,,,,,,,,,,,,,,,,,,,,,,,,,,,,,,,,,,,,,,,,,,,,,,,,,,,,,,,,,,,,,,,,,,,,,,,,,,,,,,,,,,,,,,,,,,,,,,,,,,,,,,
,,9,,,,,,13,,146,336,,,26000000,,,,72,,,,,,,,,,,,,,,,,,,,,,,,,,,,"Goblin9",,,,,,,,,,,,,,,,,,,,,,,,,,,,,,,,,,,,,,,,,7000,,,,,,,,,,,,,,,,,,,,,,,,,,,,,,,,,,,,,,,,,,,,,,,,,,,,,,,,,,,,,,,,,,,,,,,,,,,,,,,,,,,,,,,,,,,,,,,,,,,,,,,,,,,,,,,,,,,,,,,,,,,,,
,,10,,,,,,16,,166,,,,,,,,82,,,,,,,,,,,,,,,,,,,,,,,,,,,,"Goblin10",,,,,,,,,,,,,,,,,,,,,,,,,,,,,,,,,,,,,,,,,10000,,,,,,,,,,,,,,,,,,,,,,,,,,,,,,,,,,,,,,,,,,,,,,,,,,,,,,,,,,,,,,,,,,,,,,,,,,,,,,,,,,,,,,,,,,,,,,,,,,,,,,,,,,,,,,,,,,,,,,,,,,,,,
"Wall Breaker",4000004,1,,"TID_WALL_BREAKER","TID_CHARACTER_INFO_WALLBREAKER",2,5,1,300,20,3,,"Elixir",80000,50,1000,,10,40,80,,,"sc/ui.sc","icon_unit_wallbreaker","unit_skeleton_big","sc/info_wallbreaker.sc",,,,,"Wall",,"Wall Breaker Deploy",,"Wall Breaker Attack",,"Wall Breaker Hit",,"FALSE","FALSE","TRUE",,1,"Wall Breaker Die",,"Wall Breaker","Barracks","FALSE",,,0,"TombStone",6,150,"Balloon Exposion",,,,,,,,,,,,,,,,,,,,,,,,,,,,,,,,900,,,,,,,,128,,,,,,,,,,,,,,,-50,,,,,,,,,,50,50,,"TRUE",,,,,,,,,,,,,,,,,,,,,,,,,,,,,,,,,,,,,,,,,,,,,,,,,,,,,,,,,,0,,,,,,,"TRUE",,,,,,,,,,,"TroopWallBreaker",,,,,,,,,,,,,
,,2,,,,,,2,,24,4,,,200000,,,,20,,80,,,,,,,,,,,,,,,,,,,,,,,,,,"Wall Breaker",,,,,,,9,,,,,,,,,,,,,,,,,,,,,,,,,,,,,,,,,,1000,,,,,,,,,,,,,,,,,,,,,,,,,,,,,,,,,,,,,,,,,,,,,,,,,,,,,,,,,,,,,,,,,,,,,,,,,,,,,,,,,,,,,,,,,,,,,,,,,,,,,,,,,,,,,,,,,,,,,,,,,,,,,
,,3,,,,,,4,,29,12,,,450000,,,,25,,80,,,,,,,,,,,,,,,,,,,,,,,,,,"Wall Breaker2",,,,,,,13,,,,,,,,,,,,,,,,,,,,,,,,,,,,,,,,,,1200,,,,,,,,,,,,,,,,,,,,,,,,,,,,,,,,,,,,,,,,,,,,,,,,,,,,,,,,,,,,,,,,,,,,,,,,,,,,,,,,,,,,,,,,,,,,,,,,,,,,,,,,,,,,,,,,,,,,,,,,,,,,,
,,4,,,,,,5,,35,16,,,1000000,,,,30,,80,,,,,,,,,,,,,,,,,,,,,,,,,,"Wall Breaker2",,,,,,,16,,,,,,,,,,,,,,,,,,,,,,,,,,,,,,,,,,1400,,,,,,,,,,,,,,,,,,,,,,,,,,,,,,,,,,,,,,,,,,,,,,,,,,,,,,,,,,,,,,,,,,,,,,,,,,,,,,,,,,,,,,,,,,,,,,,,,,,,,,,,,,,,,,,,,,,,,,,,,,,,,
,,5,,,,,,6,,53,24,,,2400000,,,,43,,80,,,,,,,,,,,,,,,,,,,,,,,,,,"Wall Breaker3",,,,,,,23,,,,,,,,,,,,,,,,,,,,,,,,,,,,,,,,,,1500,,,,,,,,,,,,,,,,,,,,,,,,,,,,,,,,,,,,,,,,,,,,,,,,,,,,,,,,,,,,,,,,,,,,,,,,,,,,,,,,,,,,,,,,,,,,,,,,,,,,,,,,,,,,,,,,,,,,,,,,,,,,,
,,6,,,,,,8,,72,36,,,2800000,,,,55,,80,,,,,,,,,,,,,,,,,,,,,,,,,,"Wall Breaker6",,,,,,,30,,,,,,,,,,,,,,,,,,,,,,,,,,,,,,,,,,2500,,,,,,,,,,,,,,,,,,,,,,,,,,,,,,,,,,,,,,,,,,,,,,,,,,,,,,,,,,,,,,,,,,,,,,,,,,,,,,,,,,,,,,,,,,,,,,,,,,,,,,,,,,,,,,,,,,,,,,,,,,,,,
,,7,,,,,,9,,82,60,,,3800000,,,,66,,80,,,,,,,,,,,,,,,,,,,,,,,,,,"Wall Breaker7",,,,,,,36,,,,,,,,,,,,,,,,,,,,,,,,,,,,,,,,,,4000,,,,,,,,,,,,,,,,,,,,,,,,,,,,,,,,,,,,,,,,,,,,,,,,,,,,,,,,,,,,,,,,,,,,,,,,,,,,,,,,,,,,,,,,,,,,,,,,,,,,,,,,,,,,,,,,,,,,,,,,,,,,,
,,8,,,,,,10,,92,72,,,5200000,,,,75,,80,,,,,,,,,,,,,,,,,,,,,,,,,,"Wall Breaker7",,,,,,,42,,,,,,,,,,,,,,,,,,,,,,,,,,,,,,,,,,5000,,,,,,,,,,,,,,,,,,,,,,,,,,,,,,,,,,,,,,,,,,,,,,,,,,,,,,,,,,,,,,,,,,,,,,,,,,,,,,,,,,,,,,,,,,,,,,,,,,,,,,,,,,,,,,,,,,,,,,,,,,,,,
,,9,,,,,,11,,112,120,,,6500000,,,,86,,80,,,,,,,,,,,,,,,,,,,,,,,,,,"Wall Breaker7",,,,,,,48,,,,,,,,,,,,,,,,,,,,,,,,,,,,,,,,,,6000,,,,,,,,,,,,,,,,,,,,,,,,,,,,,,,,,,,,,,,,,,,,,,,,,,,,,,,,,,,,,,,,,,,,,,,,,,,,,,,,,,,,,,,,,,,,,,,,,,,,,,,,,,,,,,,,,,,,,,,,,,,,,
,,10,,,,,,12,,130,132,,,9500000,,,,94,,80,,,,,,,,,,,,,,,,,,,,,,,,,,"Wall Breaker8",,,,,,,54,,,,,,,,,,,,,,,,,,,,,,,,,,,,,,,,,,7000,,,,,,,,,,,,,,,,,,,,,,,,,,,,,,,,,,,,,,,,,,,,,,,,,,,,,,,,,,,,,,,,,,,,,,,,,,,,,,,,,,,,,,,,,,,,,,,,,,,,,,,,,,,,,,,,,,,,,,,,,,,,,
,,11,,,,,,13,,140,144,,,11000000,,,,102,,80,,,,,,,,,,,,,,,,,,,,,,,,,,"Wall Breaker9",,,,,,,60,,,,,,,,,,,,,,,,,,,,,,,,,,,,,,,,,,8000,,,,,,,,,,,,,,,,,,,,,,,,,,,,,,,,,,,,,,,,,,,,,,,,,,,,,,,,,,,,,,,,,,,,,,,,,,,,,,,,,,,,,,,,,,,,,,,,,,,,,,,,,,,,,,,,,,,,,,,,,,,,,
,,12,,,,,,14,,150,240,,,15500000,,,,110,,80,,,,,,,,,,,,,,,,,,,,,,,,,,"Wall Breaker10",,,,,,,66,,,,,,,,,,,,,,,,,,,,,,,,,,,,,,,,,,9000,,,,,,,,,,,,,,,,,,,,,,,,,,,,,,,,,,,,,,,,,,,,,,,,,,,,,,,,,,,,,,,,,,,,,,,,,,,,,,,,,,,,,,,,,,,,,,,,,,,,,,,,,,,,,,,,,,,,,,,,,,,,,
,,13,,,,,,15,,160,336,,,26000000,,,,118,,80,,,,,,,,,,,,,,,,,,,,,,,,,,"Wall Breaker11",,,,,,,72,,,,,,,,,,,,,,,,,,,,,,,,,,,,,,,,,,10000,,,,,,,,,,,,,,,,,,,,,,,,,,,,,,,,,,,,,,,,,,,,,,,,,,,,,,,,,,,,,,,,,,,,,,,,,,,,,,,,,,,,,,,,,,,,,,,,,,,,,,,,,,,,,,,,,,,,,,,,,,,,,
,,14,,,,,,16,,170,,,,,,,,126,,80,,,,,,,,,,,,,,,,,,,,,,,,,,"Wall Breaker14",,,,,,,78,,,,,,,,,,,,,,,,,,,,,,,,,,,,,,,,,,11000,,,,,,,,,,,,,,,,,,,,,,,,,,,,,,,,,,,,,,,,,,,,,,,,,,,,,,,,,,,,,,,,,,,,,,,,,,,,,,,,,,,,,,,,,,,,,,,,,,,,,,,,,,,,,,,,,,,,,,,,,,,,,
"Balloon",4000005,1,,"TID_GOBLIN_BALLOON","TID_CHARACTER_INFO_BALLOON",5,6,1,130,150,4,,"Elixir",100000,0,3000,,25,1,120,,"TRUE","sc/ui.sc","icon_unit_balloon","unit_balloon_big","sc/info_balloon.sc",,,,,"Defense",,"Balloon Goblin Deploy",,"Balloon Goblin Attack",,"Balloon Goblin Hit",,"TRUE","FALSE","TRUE",,,"Balloon Goblin Die",,"Balloon Goblin","Barracks","FALSE",,,20,"TombStone",25,120,"Balloon Exposion",416,,,,,,,,,,,,,,,,,,,,,,,,,,,,,,,1400,,,,,,,,,,,,,,,,,,,,,,,100,,,,,,,,,,600,500,2250,"TRUE",,,,,,,,,,,,,,,,,,,,,,,,,,,,,,,,,,,,,,,,,,,,,,,,,,,,,,,,,,,,,,,,,,,,,,,,,,,,"TroopDefenseAir",,,,,,,,,,,,,
,,2,,,,,,2,,180,6,,,400000,,,,32,,,,,,,,,,,,,,,,,,,,,,,,,,,,"Balloon Goblin",,,,,,,32,,"Balloon Exposion",,,,,,,,,,,,,,,,,,,,,,,,,,,,,,,,1600,,,,,,,,,,,,,,,,,,,,,,,,,,,,,,,,,,,,,,,,,,,,,,,,,,,,,,,,,,,,,,,,,,,,,,,,,,,,,,,,,,,,,,,,,,,,,,,,,,,,,,,,,,,,,,,,,,,,,,,,,,,,,
,,3,,,,,,4,,216,18,,,720000,,,,48,,,,,,,,,,,,,,,,,,,,,,,,,,,,"Balloon Goblin2",,,,,,,48,,"Balloon Exposion",,,,,,,,,,,,,,,,,,,,,,,,,,,,,,,,1800,,,,,,,,,,,,,,,,,,,,,,,,,,,,,,,,,,,,,,,,,,,,,,,,,,,,,,,,,,,,,,,,,,,,,,,,,,,,,,,,,,,,,,,,,,,,,,,,,,,,,,,,,,,,,,,,,,,,,,,,,,,,,
,,4,,,,,,5,,280,24,,,1300000,,,,72,,,,,,,,,,,,,,,,,,,,,,,,,,,,"Balloon Goblin2",,,,,,,72,,"Balloon Exposion",,,,,,,,,,,,,,,,,,,,,,,,,,,,,,,,2000,,,,,,,,,,,,,,,,,,,,,,,,,,,,,,,,,,,,,,,,,,,,,,,,,,,,,,,,,,,,,,,,,,,,,,,,,,,,,,,,,,,,,,,,,,,,,,,,,,,,,,,,,,,,,,,,,,,,,,,,,,,,,
,,5,,,,,,6,,390,72,,,2750000,,,,108,,,,,,,,,,,,,,,,,,,,,,,,,,,,"Balloon Goblin3",,,,,,,108,,"Balloon Exposion",,,,,,,,,,,,,,,,,,,,,,,,,,,,,,,,2200,,,,,,,,,,,,,,,,,,,,,,,,,,,,,,,,,,,,,,,,,,,,,,,,,,,,,,,,,,,,,,,,,,,,,,,,,,,,,,,,,,,,,,,,,,,,,,,,,,,,,,,,,,,,,,,,,,,,,,,,,,,,,
,,6,,,,,,7,,545,78,,,4400000,,,,162,,,,,,,,,,,,,,,,,,,,,,,,,,,,"Balloon Goblin6",,,,,,,162,,"Dark Balloon Exposion",,,,,,,,,,,,,,,,,,,,,,,,,,,,,,,,3000,,,,,,,,,,,,,,,,,,,,,,,,,,,,,,,,,,,,,,,,,,,,,,,,,,,,,,,,,,,,,,,,,,,,,,,,,,,,,,,,,,,,,,,,,,,,,,,,,,,,,,,,,,,,,,,,,,,,,,,,,,,,,
,,7,,,,,,9,,690,84,,,5000000,,,,198,,,,,,,,,,,,,,,,,,,,,,,,,,,,"Balloon Goblin7",,,,,,,214,,"Dark Balloon Exposion",,,,,,,,,,,,,,,,,,,,,,,,,,,,,,,,4000,,,,,,,,,,,,,,,,,,,,,,,,,,,,,,,,,,,,,,,,,,,,,,,,,,,,,,,,,,,,,,,,,,,,,,,,,,,,,,,,,,,,,,,,,,,,,,,,,,,,,,,,,,,,,,,,,,,,,,,,,,,,,
,,8,,,,,,10,,840,108,,,7000000,,,,236,,,,,,,,,,,,,,,,,,,,,,,,,,,,"Balloon Goblin8",,,,,,,268,,"Dark Balloon Exposion",,,,,,,,,,,,,,,,,,,,,,,,,,,,,,,,5000,,,,,,,,,,,,,,,,,,,,,,,,,,,,,,,,,,,,,,,,,,,,,,,,,,,,,,,,,,,,,,,,,,,,,,,,,,,,,,,,,,,,,,,,,,,,,,,,,,,,,,,,,,,,,,,,,,,,,,,,,,,,,
,,9,,,,,,11,,940,168,,,10000000,,,,256,,,,,,,,,,,,,,,,,,,,,,,,,,,,"Balloon Goblin9",,,,,,,322,,"Dark Balloon Exposion",,,,,,,,,,,,,,,,,,,,,,,,,,,,,,,,6000,,,,,,,,,,,,,,,,,,,,,,,,,,,,,,,,,,,,,,,,,,,,,,,,,,,,,,,,,,,,,,,,,,,,,,,,,,,,,,,,,,,,,,,,,,,,,,,,,,,,,,,,,,,,,,,,,,,,,,,,,,,,,
,,10,,,,,,12,,1040,204,,,14000000,,,,276,,,,,,,,,,,,,,,,,,,,,,,,,,,,"Balloon Goblin10",,,,,,,352,,"Dark Balloon Exposion",,,,,,,,,,,,,,,,,,,,,,,,,,,,,,,,8000,,,,,,,,,,,,,,,,,,,,,,,,,,,,,,,,,,,,,,,,,,,,,,,,,,,,,,,,,,,,,,,,,,,,,,,,,,,,,,,,,,,,,,,,,,,,,,,,,,,,,,,,,,,,,,,,,,,,,,,,,,,,,
,,11,,,,,,14,,1140,264,,,17500000,,,,290,,,,,,,,,,,,,,,,,,,,,,,,,,,,"Balloon Goblin11",,,,,,,375,,"Dark Balloon Exposion",,,,,,,,,,,,,,,,,,,,,,,,,,,,,,,,10000,,,,,,,,,,,,,,,,,,,,,,,,,,,,,,,,,,,,,,,,,,,,,,,,,,,,,,,,,,,,,,,,,,,,,,,,,,,,,,,,,,,,,,,,,,,,,,,,,,,,,,,,,,,,,,,,,,,,,,,,,,,,,
,,12,,,,,,15,,1240,354,,,28000000,,,,304,,,,,,,,,,,,,,,,,,,,,,,,,,,,"Balloon Goblin12",,,,,,,398,,"Dark Balloon Exposion",,,,,,,,,,,,,,,,,,,,,,,,,,,,,,,,11000,,,,,,,,,,,,,,,,,,,,,,,,,,,,,,,,,,,,,,,,,,,,,,,,,,,,,,,,,,,,,,,,,,,,,,,,,,,,,,,,,,,,,,,,,,,,,,,,,,,,,,,,,,,,,,,,,,,,,,,,,,,,,
,,13,,,,,,16,,1360,,,,,,,,326,,,,,,,,,,,,,,,,,,,,,,,,,,,,"Balloon Goblin13",,,,,,,425,,"Dark Balloon Exposion",,,,,,,,,,,,,,,,,,,,,,,,,,,,,,,,12000,,,,,,,,,,,,,,,,,,,,,,,,,,,,,,,,,,,,,,,,,,,,,,,,,,,,,,,,,,,,,,,,,,,,,,,,,,,,,,,,,,,,,,,,,,,,,,,,,,,,,,,,,,,,,,,,,,,,,,,,,,,,,
"Wizard",4000006,1,,"TID_WIZARD","TID_CHARACTER_INFO_WIZARD",4,7,1,200,75,4,,"Elixir",120000,300,1500,,50,1,30,,,"sc/ui.sc","icon_unit_wizard","unit_wizard_big","sc/info_wizard.sc",,"ps_chr_WizardAttack_Projectile",,,,,"Wizard Deploy",,"ps_chr_WizardAttack_01",,"ps_chr_WizardAttack_Hit_01",,"FALSE","TRUE","TRUE",,,"Wizard Die",,"Wizard","Barracks","FALSE",,,0,"TombStone",,,,,,,,,,,,,,,,,,,,,,,,,,,,,,,,,,,1400,,,,,,,,,,,,,,,,,,,,,,,-50,,,,,,,,,,600,200,,"TRUE",,,,,,,,,,,,,,,,,,,,,,,,,,,,,,,,,,,,,,,,,,,,,,,,,,,,,,,,,,,,,,,,,,,,,,,,,,,,"TroopGroundAny",,,,,,,,,,,,,
,,2,,,,,,3,,90,5,,,300000,,,,70,,,,,,,,,,"ps_chr_WizardAttack_Projectile",,,,,,,"ps_chr_WizardAttack_01",,"ps_chr_WizardAttack_Hit_01",,,,,,,,,"Wizard",,,,,,,,,,,,,,,,,,,,,,,,,,,,,,,,,,,,,,,,,1600,,,,,,,,,,,,,,,,,,,,,,,,,,,,,,,,,,,,,,,,,,,,,,,,,,,,,,,,,,,,,,,,,,,,,,,,,,,,,,,,,,,,,,,,,,,,,,,,,,,,,,,,,,,,,,,,,,,,,,,,,,,,,
,,3,,,,,,4,,108,12,,,600000,,,,90,,,,,,,,,,"ps_chr_WizardAttack_Projectile",,,,,,,"ps_chr_WizardAttack_01",,"ps_chr_WizardAttack_Hit_01",,,,,,,,,"Wizard2",,,,,,,,,,,,,,,,,,,,,,,,,,,,,,,,,,,,,,,,,1800,,,,,,,,,,,,,,,,,,,,,,,,,,,,,,,,,,,,,,,,,,,,,,,,,,,,,,,,,,,,,,,,,,,,,,,,,,,,,,,,,,,,,,,,,,,,,,,,,,,,,,,,,,,,,,,,,,,,,,,,,,,,,
,,4,,,,,,5,,135,18,,,1200000,,,,125,,,,,,,,,,"ps_chr_WizardAttack_Projectile_lvl2",,,,,,,"ps_chr_WizardAttack_Lvl2",,"ps_chr_WizardAttack_Hit_Lvl2",,,,,,,,,"Wizard2",,,,,,,,,,,,,,,,,,,,,,,,,,,,,,,,,,,,,,,,,2000,,,,,,,,,,,,,,,,,,,,,,,,,,,,,,,,,,,,,,,,,,,,,,,,,,,,,,,,,,,,,,,,,,,,,,,,,,,,,,,,,,,,,,,,,,,,,,,,,,,,,,,,,,,,,,,,,,,,,,,,,,,,,
,,5,,,,,,6,,165,36,,,2000000,,,,170,,,,,,,,,,"ps_chr_WizardAttack_Projectile_lvl2",,,,,,,"ps_chr_WizardAttack_Lvl2",,"ps_chr_WizardAttack_Hit_Lvl2",,,,,,,,,"Wizard3",,,,,,,,,,,,,,,,,,,,,,,,,,,,,,,,,,,,,,,,,2200,,,,,,,,,,,,,,,,,,,,,,,,,,,,,,,,,,,,,,,,,,,,,,,,,,,,,,,,,,,,,,,,,,,,,,,,,,,,,,,,,,,,,,,,,,,,,,,,,,,,,,,,,,,,,,,,,,,,,,,,,,,,,
,,6,,,,,,7,,180,48,,,2500000,,,,185,,,,,,,,,,"ps_chr_WizardAttack_Projectile_lvl3",,,,,,,"ps_chr_WizardAttack_Lvl3",,"ps_chr_WizardAttack_Hit_Lvl3",,,,,,,,,"Wizard6",,,,,,,,,,,,,,,,,,,,,,,,,,,,,,,,,,,,,,,,,3000,,,,,,,,,,,,,,,,,,,,,,,,,,,,,,,,,,,,,,,,,,,,,,,,,,,,,,,,,,,,,,,,,,,,,,,,,,,,,,,,,,,,,,,,,,,,,,,,,,,,,,,,,,,,,,,,,,,,,,,,,,,,,
,,7,,,,,,8,,195,54,,,3100000,,,,200,,,,,,,,,,"ps_chr_WizardAttack_Projectile_lvl3",,,,,,,"ps_chr_WizardAttack_Lvl3",,"ps_chr_WizardAttack_Hit_Lvl3",,,,,,,,,"Wizard7",,,,,,,,,,,,,,,,,,,,,,,,,,,,,,,,,,,,,,,,,4000,,,,,,,,,,,,,,,,,,,,,,,,,,,,,,,,,,,,,,,,,,,,,,,,,,,,,,,,,,,,,,,,,,,,,,,,,,,,,,,,,,,,,,,,,,,,,,,,,,,,,,,,,,,,,,,,,,,,,,,,,,,,,
,,8,,,,,,9,,210,60,,,4000000,,,,215,,,,,,,,,,"ps_chr_WizardAttack_Projectile_lvl4",,,,,,,"ps_chr_WizardAttack_Lvl4",,"ps_chr_WizardAttack_Hit_Lvl4",,,,,,,,,"Wizard8",,,,,,,,,,,,,,,,,,,,,,,,,,,,,,,,,,,,,,,,,5000,,,,,,,,,,,,,,,,,,,,,,,,,,,,,,,,,,,,,,,,,,,,,,,,,,,,,,,,,,,,,,,,,,,,,,,,,,,,,,,,,,,,,,,,,,,,,,,,,,,,,,,,,,,,,,,,,,,,,,,,,,,,,
,,9,,,,,,10,,230,84,,,5500000,,,,230,,,,,,,,,,"ps_chr_WizardAttack_Projectile_lvl4",,,,,,,"ps_chr_WizardAttack_Lvl4",,"ps_chr_WizardAttack_Hit_Lvl4",,,,,,,,,"Wizard9",,,,,,,,,,,,,,,,,,,,,,,,,,,,,,,,,,,,,,,,,6000,,,,,,,,,,,,,,,,,,,,,,,,,,,,,,,,,,,,,,,,,,,,,,,,,,,,,,,,,,,,,,,,,,,,,,,,,,,,,,,,,,,,,,,,,,,,,,,,,,,,,,,,,,,,,,,,,,,,,,,,,,,,,
,,10,,,,,,11,,250,132,,,10000000,,,,245,,,,,,,,,,"ps_chr_WizardAttack_Projectile_lvl4",,,,,,,"ps_chr_WizardAttack_Lvl4",,"ps_chr_WizardAttack_Hit_Lvl4",,,,,,,,,"Wizard10",,,,,,,,,,,,,,,,,,,,,,,,,,,,,,,,,,,,,,,,,7000,,,,,,,,,,,,,,,,,,,,,,,,,,,,,,,,,,,,,,,,,,,,,,,,,,,,,,,,,,,,,,,,,,,,,,,,,,,,,,,,,,,,,,,,,,,,,,,,,,,,,,,,,,,,,,,,,,,,,,,,,,,,,
,,11,,,,,,13,,270,168,,,11500000,,,,260,,,,,,,,,,"ps_chr_WizardAttack_Projectile_lvl4",,,,,,,"ps_chr_WizardAttack_Lvl4",,"ps_chr_WizardAttack_Hit_Lvl4",,,,,,,,,"Wizard11",,,,,,,,,,,,,,,,,,,,,,,,,,,,,,,,,,,,,,,,,8000,,,,,,,,,,,,,,,,,,,,,,,,,,,,,,,,,,,,,,,,,,,,,,,,,,,,,,,,,,,,,,,,,,,,,,,,,,,,,,,,,,,,,,,,,,,,,,,,,,,,,,,,,,,,,,,,,,,,,,,,,,,,,
,,12,,,,,,14,,290,252,,,16000000,,,,275,,,,,,,,,,"ps_chr_WizardAttack_Projectile_lvl4",,,,,,,"ps_chr_WizardAttack_Lvl4",,"ps_chr_WizardAttack_Hit_Lvl4",,,,,,,,,"Wizard12",,,,,,,,,,,,,,,,,,,,,,,,,,,,,,,,,,,,,,,,,9000,,,,,,,,,,,,,,,,,,,,,,,,,,,,,,,,,,,,,,,,,,,,,,,,,,,,,,,,,,,,,,,,,,,,,,,,,,,,,,,,,,,,,,,,,,,,,,,,,,,,,,,,,,,,,,,,,,,,,,,,,,,,,
,,13,,,,,,15,,310,336,,,27000000,,,,290,,,,,,,,,,,,,,,,,,,,,,,,,,,,"Wizard13",,,,,,,,,,,,,,,,,,,,,,,,,,,,,,,,,,,,,,,,,10000,,,,,,,,,,,,,,,,,,,,,,,,,,,,,,,,,,,,,,,,,,,,,,,,,,,,,,,,,,,,,,,,,,,,,,,,,,,,,,,,,,,,,,,,,,,,,,,,,,,,,,,,,,,,,,,,,,,,,,,,,,,,,
,,14,,,,,,16,,330,,,,,,,,310,,,,,,,,,,,,,,,,,,,,,,,,,,,,"Wizard14",,,,,,,,,,,,,,,,,,,,,,,,,,,,,,,,,,,,,,,,,11000,,,,,,,,,,,,,,,,,,,,,,,,,,,,,,,,,,,,,,,,,,,,,,,,,,,,,,,,,,,,,,,,,,,,,,,,,,,,,,,,,,,,,,,,,,,,,,,,,,,,,,,,,,,,,,,,,,,,,,,,,,,,,
"Healer",4000007,1,,"TID_HEALER","TID_CHARACTER_INFO_HEALER",14,8,1,200,500,12,,"Elixir",450000,450,700,,-36,1,150,,,"sc/ui.sc","icon_unit_healer","unit_healer_big","sc/info_healer.sc",,"HealerEnergy",,,,,"Healer Deploy",,"Healer Attack",,"Healer Hit",,"TRUE","FALSE","TRUE",,,"Healer Die",,"Healer","Barracks","FALSE",,,50,"TombStone",,,,,,,,,,,,,,,,,,,,,,,,,,,,,,,,,,,1400,,,,,,,,,,,,,,,,,,,,,,,20,,,,,,,,,,200,30,,"TRUE",,,,,,,,,,,,,,,,,,,,,,,,,,,,,,,,,,,,,,,,,,,,,,,,,,,55,,,,,,,,,,,,,,,,,,,,,,,,,"TroopHealer",,,,,,,,,,,,,
,,2,,,,,,5,,700,24,,,900000,,,,-48,,,,,,,,,,,,,,,,,,,,,,,,,,,,"Healer",,,,,,,,,,,,,,,,,,,,,,,,,,,,,,,,,,,,,,,,,1600,,,,,,,,,,,,,,,,,,,,,,,,,,,,,,,,,,,,,,,,,,,,,,,,,,,,,,,,,,,,,,,,,,,,,,,,,,,,,,,,,,,,,,,55,,,,,,,,,,,,,,,,,,,,,,,,,,,,,,,,,,,,,,
,,3,,,,,,6,,900,48,,,2500000,,,,-60,,,,,,,,,,,,,,,,,,,,,,,,,,,,"Healer2",,,,,,,,,,,,,,,,,,,,,,,,,,,,,,,,,,,,,,,,,1800,,,,,,,,,,,,,,,,,,,,,,,,,,,,,,,,,,,,,,,,,,,,,,,,,,,,,,,,,,,,,,,,,,,,,,,,,,,,,,,,,,,,,,,55,,,,,,,,,,,,,,,,,,,,,,,,,,,,,,,,,,,,,,
,,4,,,,,,7,,1200,72,,,4000000,,,,-66,,,,,,,,,,,,,,,,,,,,,,,,,,,,"Healer3",,,,,,,,,,,,,,,,,,,,,,,,,,,,,,,,,,,,,,,,,2500,,,,,,,,,,,,,,,,,,,,,,,,,,,,,,,,,,,,,,,,,,,,,,,,,,,,,,,,,,,,,,,,,,,,,,,,,,,,,,,,,,,,,,,55,,,,,,,,,,,,,,,,,,,,,,,,,,,,,,,,,,,,,,
,,5,,,,,,9,,1500,108,,,6000000,,,,-72,,,,,,,,,,,,,,,,,,,,,,,,,,,,"Healer4",,,,,,,,,,,,,,,,,,,,,,,,,,,,,,,,,,,,,,,,,4000,,,,,,,,,,,,,,,,,,,,,,,,,,,,,,,,,,,,,,,,,,,,,,,,,,,,,,,,,,,,,,,,,,,,,,,,,,,,,,,,,,,,,,,67,,,,,,,,,,,,,,,,,,,,,,,,,,,,,,,,,,,,,,
,,6,,,,,,11,,1600,156,,,9500000,,,,-72,,,,,,,,,,,,,,,,,,,,,,,,,,,,"Healer4",,,,,,,,,,,,,,,,,,,,,,,,,,,,,,,,,,,,,,,,,6000,,,,,,,,,,,,,,,,,,,,,,,,,,,,,,,,,,,,,,,,,,,,,,,,,,,,,,,,,,,,,,,,,,,,,,,,,,,,,,,,,,,,,,,78,,,,,,,,,,,,,,,,,,,,,,,,,,,,,,,,,,,,,,
,,7,,,,,,12,,1700,168,,,11000000,,,,-72,,,,,,,,,,,,,,,,,,,,,,,,,,,,"Healer5",,,,,,,,,,,,,,,,,,,,,,,,,,,,,,,,,,,,,,,,,7000,,,,,,,,,,,,,,,,,,,,,,,,,,,,,,,,,,,,,,,,,,,,,,,,,,,,,,,,,,,,,,,,,,,,,,,,,,,,,,,,,,,,,,,87,,,,,,,,,,,,,,,,,,,,,,,,,,,,,,,,,,,,,,
,,8,,,,,,13,,1800,174,,,13000000,,,,-76,,,,,,,,,,,,,,,,,,,,,,,,,,,,"Healer6",,,,,,,,,,,,,,,,,,,,,,,,,,,,,,,,,,,,,,,,,8000,,,,,,,,,,,,,,,,,,,,,,,,,,,,,,,,,,,,,,,,,,,,,,,,,,,,,,,,,,,,,,,,,,,,,,,,,,,,,,,,,,,,,,,90,,,,,,,,,,,,,,,,,,,,,,,,,,,,,,,,,,,,,,
,,9,,,,,,14,,1900,264,,,17000000,,,,-80,,,,,,,,,,,,,,,,,,,,,,,,,,,,"Healer7",,,,,,,,,,,,,,,,,,,,,,,,,,,,,,,,,,,,,,,,,9000,,,,,,,,,,,,,,,,,,,,,,,,,,,,,,,,,,,,,,,,,,,,,,,,,,,,,,,,,,,,,,,,,,,,,,,,,,,,,,,,,,,,,,,94,,,,,,,,,,,,,,,,,,,,,,,,,,,,,,,,,,,,,,
,,10,,,,,,15,,2000,360,,,28500000,,,,-80,,,,,,,,,,,,,,,,,,,,,,,,,,,,"Healer10",,,,,,,,,,,,,,,,,,,,,,,,,,,,,,,,,,,,,,,,,10000,,,,,,,,,,,,,,,,,,,,,,,,,,,,,,,,,,,,,,,,,,,,,,,,,,,,,,,,,,,,,,,,,,,,,,,,,,,,,,,,,,,,,,,98,,,,,,,,,,,,,,,,,,,,,,,,,,,,,,,,,,,,,,
,,11,,,,,,16,,2100,,,,,,,,-82,,,,,,,,,,,,,,,,,,,,,,,,,,,,"Healer11",,,,,,,,,,,,,,,,,,,,,,,,,,,,,,,,,,,,,,,,,11000,,,,,,,,,,,,,,,,,,,,,,,,,,,,,,,,,,,,,,,,,,,,,,,,,,,,,,,,,,,,,,,,,,,,,,,,,,,,,,,,,,,,,,,108,,,,,,,,,,,,,,,,,,,,,,,,,,,,,,,,,,,,,,
"Dragon",4000008,1,,"TID_DRAGON","TID_CHARACTER_INFO_DRAGON",20,9,1,200,1900,18,,"Elixir",1000000,250,1250,,140,1,30,,,"sc/ui.sc","icon_unit_dragon","unit_dragon_big","sc/info_dragon.sc",,,,,,,"Dragon Deploy",,"Dragon Attack",,"Dragon Hit",,"TRUE","TRUE","TRUE",,,"Dragon Die",,"Dragon","Barracks","FALSE",,,15,"TombStone",,,,,,,,,,,,,,,,,,,,,,,,,,,,,,,,,,,1800,,,,,,,,,,,,,,,,,,,,,,,80,,,,,,,,,,2000,2000,,"TRUE",,,,,,,,,,,,,,,,,,,,,,,,,,,,,,,,,,,,,,,,,,,,,,,,,,,,,,,,,,,,,,,,,,,,,,,,,,,,"TroopAirAny",,,,,,,,,,,,,
,,2,,,,,,5,,2100,36,,,2000000,,,,160,,,,,,,,,,,,,,,,,,,,,,,,,,,,"Dragon2",,,,,,,,,,,,,,,,,,,,,,,,,,,,,,,,,,,,,,,,,2000,,,,,,,,,,,,,,,,,,,,,,,,,,,,,,,,,,,,,,,,,,,,,,,,,,,,,,,,,,,,,,,,,,,,,,,,,,,,,,,,,,,,,,,,,,,,,,,,,,,,,,,,,,,,,,,,,,,,,,,,,,,,,
,,3,,,,,,6,,2300,48,,,3000000,,,,180,,,,,,,,,,,,,,,,,,,,,,,,,,,,"Dragon3",,,,,,,,,,,,,,,,,,,,,,,,,,,,,,,,,,,,,,,,,2200,,,,,,,,,,,,,,,,,,,,,,,,,,,,,,,,,,,,,,,,,,,,,,,,,,,,,,,,,,,,,,,,,,,,,,,,,,,,,,,,,,,,,,,,,,,,,,,,,,,,,,,,,,,,,,,,,,,,,,,,,,,,,
,,4,,,,,,7,,2700,72,,,3800000,,,,210,,,,,,,,,,,,,,,,,,,,,,,,,,,,"Dragon4",,,,,,,,,,,,,,,,,,,,,,,,,,,,,,,,,,,,,,,,,3000,,,,,,,,,,,,,,,,,,,,,,,,,,,,,,,,,,,,,,,,,,,,,,,,,,,,,,,,,,,,,,,,,,,,,,,,,,,,,,,,,,,,,,,,,,,,,,,,,,,,,,,,,,,,,,,,,,,,,,,,,,,,,
,,5,,,,,,8,,3100,96,,,4900000,,,,240,,,,,,,,,,,,,,,,,,,,,,,,,,,,"Dragon5",,,,,,,,,,,,,,,,,,,,,,,,,,,,,,,,,,,,,,,,,4000,,,,,,,,,,,,,,,,,,,,,,,,,,,,,,,,,,,,,,,,,,,,,,,,,,,,,,,,,,,,,,,,,,,,,,,,,,,,,,,,,,,,,,,,,,,,,,,,,,,,,,,,,,,,,,,,,,,,,,,,,,,,,
,,6,,,,,,9,,3400,108,,,5000000,,,,270,,,,,,,,,,,,,,,,,,,,,,,,,,,,"Dragon6",,,,,,,,,,,,,,,,,,,,,,,,,,,,,,,,,,,,,,,,,5000,,,,,,,,,,,,,,,,,,,,,,,,,,,,,,,,,,,,,,,,,,,,,,,,,,,,,,,,,,,,,,,,,,,,,,,,,,,,,,,,,,,,,,,,,,,,,,,,,,,,,,,,,,,,,,,,,,,,,,,,,,,,,
,,7,,,,,,10,,3900,120,,,7500000,,,,310,,,,,,,,,,,,,,,,,,,,,,,,,,,,"Dragon7",,,,,,,,,,,,,,,,,,,,,,,,,,,,,,,,,,,,,,,,,6000,,,,,,,,,,,,,,,,,,,,,,,,,,,,,,,,,,,,,,,,,,,,,,,,,,,,,,,,,,,,,,,,,,,,,,,,,,,,,,,,,,,,,,,,,,,,,,,,,,,,,,,,,,,,,,,,,,,,,,,,,,,,,
,,8,,,,,,11,,4200,168,,,10500000,,,,330,,,,,,,,,,,,,,,,,,,,,,,,,,,,"Dragon8",,,,,,,,,,,,,,,,,,,,,,,,,,,,,,,,,,,,,,,,,7000,,,,,,,,,,,,,,,,,,,,,,,,,,,,,,,,,,,,,,,,,,,,,,,,,,,,,,,,,,,,,,,,,,,,,,,,,,,,,,,,,,,,,,,,,,,,,,,,,,,,,,,,,,,,,,,,,,,,,,,,,,,,,
,,9,,,,,,12,,4500,180,,,12000000,,,,350,,,,,,,,,,,,,,,,,,,,,,,,,,,,"Dragon9",,,,,,,,,,,,,,,,,,,,,,,,,,,,,,,,,,,,,,,,,8000,,,,,,,,,,,,,,,,,,,,,,,,,,,,,,,,,,,,,,,,,,,,,,,,,,,,,,,,,,,,,,,,,,,,,,,,,,,,,,,,,,,,,,,,,,,,,,,,,,,,,,,,,,,,,,,,,,,,,,,,,,,,,
,,10,,,,,,13,,4900,204,,,14000000,,,,370,,,,,,,,,,,,,,,,,,,,,,,,,,,,"Dragon10",,,,,,,,,,,,,,,,,,,,,,,,,,,,,,,,,,,,,,,,,9000,,,,,,,,,,,,,,,,,,,,,,,,,,,,,,,,,,,,,,,,,,,,,,,,,,,,,,,,,,,,,,,,,,,,,,,,,,,,,,,,,,,,,,,,,,,,,,,,,,,,,,,,,,,,,,,,,,,,,,,,,,,,,
,,11,,,,,,14,,5300,240,,,18500000,,,,390,,,,,,,,,,,,,,,,,,,,,,,,,,,,"Dragon11",,,,,,,,,,,,,,,,,,,,,,,,,,,,,,,,,,,,,,,,,10000,,,,,,,,,,,,,,,,,,,,,,,,,,,,,,,,,,,,,,,,,,,,,,,,,,,,,,,,,,,,,,,,,,,,,,,,,,,,,,,,,,,,,,,,,,,,,,,,,,,,,,,,,,,,,,,,,,,,,,,,,,,,,
,,12,,,,,,15,,5700,360,,,28500000,,,,410,,,,,,,,,,,,,,,,,,,,,,,,,,,,"Dragon12",,,,,,,,,,,,,,,,,,,,,,,,,,,,,,,,,,,,,,,,,11000,,,,,,,,,,,,,,,,,,,,,,,,,,,,,,,,,,,,,,,,,,,,,,,,,,,,,,,,,,,,,,,,,,,,,,,,,,,,,,,,,,,,,,,,,,,,,,,,,,,,,,,,,,,,,,,,,,,,,,,,,,,,,
,,13,,,,,,16,,6000,,,,,,,,430,,,,,,,,,,,,,,,,,,,,,,,,,,,,"Dragon13",,,,,,,,,,,,,,,,,,,,,,,,,,,,,,,,,,,,,,,,,12000,,,,,,,,,,,,,,,,,,,,,,,,,,,,,,,,,,,,,,,,,,,,,,,,,,,,,,,,,,,,,,,,,,,,,,,,,,,,,,,,,,,,,,,,,,,,,,,,,,,,,,,,,,,,,,,,,,,,,,,,,,,,,
"PEKKA",4000009,1,,"TID_PEKKA","TID_CHARACTER_INFO_PEKKA",25,10,1,200,3000,12,,"Elixir",600000,80,1800,,260,1,,,,"sc/ui.sc","icon_unit_pekka","unit_pekka_big","sc/info_pekka.sc",,,,,,,"Pekka Deploy",,"Pekka Attack",,"Pekka Hit",,"FALSE","FALSE","TRUE",,,"Pekka Die",,"PEKKA","Barracks","FALSE",,,0,"TombStone",,,,,,,,,,,,,,,,,,,,,,,,,,,,,,,,,,,1600,,,,,,,,,,,,,,,,,,,,,,,-50,,,,,,,,,,2500,2000,,"TRUE",,,,,,,,,,,,,,,,,,,,,,,,,,,,,,,,,,,,,,,,,,,,,,,,,,,,,,,,,,,,,,,,,,,,,,,,,,,,"TroopGroundAny2",,,,,,,,,,,,,
,,2,,,,,,6,,3500,18,,,1300000,,,,290,,,,,,,,,,,,,,,,,,,,,,,,,,,,"BB Power PEKKA",,,,,,,,,,,,,,,,,,,,,,,,,,,,,,,,,,,,,,,,,1800,,,,,,,,,,,,,,,,,,,,,,,,,,,,,,,,,,,,,,,,,,,,,,,,,,,,,,,,,,,,,,,,,,,,,,,,,,,,,,,,,,,,,,,,,,,,,,,,,,,,,,,,,,,,,,,,,,,,,,,,,,,,,
,,3,,,,,,6,,4000,24,,,2000000,,,,320,,,,,,,,,,,,,,,,,,,,,,,,,,,,"PEKKA3",,,,,,,,,,,,,,,,,,,,,,,,,,,,,,,,,,,,,,,,,2000,,,,,,,,,,,,,,,,,,,,,,,,,,,,,,,,,,,,,,,,,,,,,,,,,,,,,,,,,,,,,,,,,,,,,,,,,,,,,,,,,,,,,,,,,,,,,,,,,,,,,,,,,,,,,,,,,,,,,,,,,,,,,
,,4,,,,,,7,,4500,36,,,2100000,,,,360,,,,,,,,,,,,,,,,,,,,,,,,,,,,"PEKKA4",,,,,,,,,,,,,,,,,,,,,,,,,,,,,,,,,,,,,,,,,2500,,,,,,,,,,,,,,,,,,,,,,,,,,,,,,,,,,,,,,,,,,,,,,,,,,,,,,,,,,,,,,,,,,,,,,,,,,,,,,,,,,,,,,,,,,,,,,,,,,,,,,,,,,,,,,,,,,,,,,,,,,,,,
,,5,,,,,,8,,5000,48,,,2500000,,,,410,,,,,,,,,,,,,,,,,,,,,,,,,,,,"PEKKA5",,,,,,,,,,,,,,,,,,,,,,,,,,,,,,,,,,,,,,,,,3000,,,,,,,,,,,,,,,,,,,,,,,,,,,,,,,,,,,,,,,,,,,,,,,,,,,,,,,,,,,,,,,,,,,,,,,,,,,,,,,,,,,,,,,,,,,,,,,,,,,,,,,,,,,,,,,,,,,,,,,,,,,,,
,,6,,,,,,8,,5500,72,,,4500000,,,,470,,,,,,,,,,,,,,,,,,,,,,,,,,,,"PEKKA6",,,,,,,,,,,,,,,,,,,,,,,,,,,,,,,,,,,,,,,,,4000,,,,,,,,,,,,,,,,,,,,,,,,,,,,,,,,,,,,,,,,,,,,,,,,,,,,,,,,,,,,,,,,,,,,,,,,,,,,,,,,,,,,,,,,,,,,,,,,,,,,,,,,,,,,,,,,,,,,,,,,,,,,,
,,7,,,,,,9,,5900,84,,,5000000,,,,540,,,,,,,,,,,,,,,,,,,,,,,,,,,,"PEKKA7",,,,,,,,,,,,,,,,,,,,,,,,,,,,,,,,,,,,,,,,,5000,,,,,,,,,,,,,,,,,,,,,,,,,,,,,,,,,,,,,,,,,,,,,,,,,,,,,,,,,,,,,,,,,,,,,,,,,,,,,,,,,,,,,,,,,,,,,,,,,,,,,,,,,,,,,,,,,,,,,,,,,,,,,
,,8,,,,,,10,,6300,96,,,5800000,,,,610,,,,,,,,,,,,,,,,,,,,,,,,,,,,"PEKKA8",,,,,,,,,,,,,,,,,,,,,,,,,,,,,,,,,,,,,,,,,6000,,,,,,,,,,,,,,,,,,,,,,,,,,,,,,,,,,,,,,,,,,,,,,,,,,,,,,,,,,,,,,,,,,,,,,,,,,,,,,,,,,,,,,,,,,,,,,,,,,,,,,,,,,,,,,,,,,,,,,,,,,,,,
,,9,,,,,,11,,6700,132,,,10500000,,,,680,,,,,,,,,,,,,,,,,,,,,,,,,,,,"PEKKA9",,,,,,,,,,,,,,,,,,,,,,,,,,,,,,,,,,,,,,,,,7000,,,,,,,,,,,,,,,,,,,,,,,,,,,,,,,,,,,,,,,,,,,,,,,,,,,,,,,,,,,,,,,,,,,,,,,,,,,,,,,,,,,,,,,,,,,,,,,,,,,,,,,,,,,,,,,,,,,,,,,,,,,,,
,,10,,,,,,13,,7200,168,,,12000000,,,,750,,,,,,,,,,,,,,,,,,,,,,,,,,,,"PEKKA10",,,,,,,,,,,,,,,,,,,,,,,,,,,,,,,,,,,,,,,,,9000,,,,,,,,,,,,,,,,,,,,,,,,,,,,,,,,,,,,,,,,,,,,,,,,,,,,,,,,,,,,,,,,,,,,,,,,,,,,,,,,,,,,,,,,,,,,,,,,,,,,,,,,,,,,,,,,,,,,,,,,,,,,,
,,11,,,,,,14,,7700,240,,,16000000,,,,810,,,,,,,,,,,,,,,,,,,,,,,,,,,,"PEKKA11",,,,,,,,,,,,,,,,,,,,,,,,,,,,,,,,,,,,,,,,,10000,,,,,,,,,,,,,,,,,,,,,,,,,,,,,,,,,,,,,,,,,,,,,,,,,,,,,,,,,,,,,,,,,,,,,,,,,,,,,,,,,,,,,,,,,,,,,,,,,,,,,,,,,,,,,,,,,,,,,,,,,,,,,
,,12,,,,,,15,,8200,348,,,28000000,,,,870,,,,,,,,,,,,,,,,,,,,,,,,,,,,"PEKKA12",,,,,,,,,,,,,,,,,,,,,,,,,,,,,,,,,,,,,,,,,11000,,,,,,,,,,,,,,,,,,,,,,,,,,,,,,,,,,,,,,,,,,,,,,,,,,,,,,,,,,,,,,,,,,,,,,,,,,,,,,,,,,,,,,,,,,,,,,,,,,,,,,,,,,,,,,,,,,,,,,,,,,,,,
,,13,,,,,,16,,8800,,,,,,,,940,,,,,,,,,,,,,,,,,,,,,,,,,,,,"PEKKA13",,,,,,,,,,,,,,,,,,,,,,,,,,,,,,,,,,,,,,,,,12000,,,,,,,,,,,,,,,,,,,,,,,,,,,,,,,,,,,,,,,,,,,,,,,,,,,,,,,,,,,,,,,,,,,,,,,,,,,,,,,,,,,,,,,,,,,,,,,,,,,,,,,,,,,,,,,,,,,,,,,,,,,,,
"Baby Dragon",4000023,1,,"TID_BABY_DRAGON","TID_BABY_DRAGON_INFO",10,11,1,250,1200,24,,"Elixir",1500000,225,1000,,75,,30,,,"sc/ui.sc","icon_unit_babydragon","unit_babydragon_big","sc/info_babydragon.sc",,"babydragon_projectile",,,,,"Bdragon Deploy",,"Bdragon Attack",,"Bdragon Hit",,"TRUE","TRUE","TRUE",,,"Bdragon Die",,"Baby Dragon 1","Barracks","FALSE",,,30,"TombStone",,,,,,,,,,,,,,,,,,,,,,,,,,,,,,,,,,,2000,,,,,,,,,,,,,,,,,,,,,,,60,,,,,,,,,,1000,1000,,"TRUE",,,,,,,,,,,,,,,,,,,,,,,,,,,,,,,,,,,,,,,,,,,,,,,,,,,,,,,,,,,,,,"BabyDragonRageWhenAlone","1",,,,,,,,,,,,,"TroopAirAny",,,,,,,,,,,,,
,,2,,,,,,7,,1300,36,,,2000000,,,,85,,,,,,,,,,"babydragon_projectile",,,,,,,,,,,,,,,,,,"Baby Dragon 2",,,,,,,,,,,,,,,,,,,,,,,,,,,,,,,,,,,,,,,,,2500,,,,,,,,,,,,,,,,,,,,,,,,,,,,,,,,,,,,,,,,,,,,,,,,,,,,,,,,,,,,,,,,,,,,,,,,,,,,,,,,,,,,,,,,,,,,,,,,,,,,,,,,,,,,,,,,,,,,,,,,,,,,,
,,3,,,,,,8,,1400,48,,,2800000,,,,95,,,,,,,,,,"babydragon_projectile_lvl2",,,,,,,,,,,,,,,,,,"Baby Dragon 3",,,,,,,,,,,,,,,,,,,,,,,,,,,,,,,,,,,,,,,,,3000,,,,,,,,,,,,,,,,,,,,,,,,,,,,,,,,,,,,,,,,,,,,,,,,,,,,,,,,,,,,,,,,,,,,,,,,,,,,,,,,,,,,,,,,,,,,,,,,,,,,,,,,,,,,,,,,,,,,,,,,,,,,,
,,4,,,,,,8,,1500,66,,,3700000,,,,105,,,,,,,,,,"babydragon_projectile_lvl2",,,,,,,,,,,,,,,,,,"Baby Dragon 4",,,,,,,,,,,,,,,,,,,,,,,,,,,,,,,,,,,,,,,,,4000,,,,,,,,,,,,,,,,,,,,,,,,,,,,,,,,,,,,,,,,,,,,,,,,,,,,,,,,,,,,,,,,,,,,,,,,,,,,,,,,,,,,,,,,,,,,,,,,,,,,,,,,,,,,,,,,,,,,,,,,,,,,,
,,5,,,,,,9,,1600,72,,,4800000,,,,115,,,,,,,,,,"babydragon_projectile_lvl3",,,,,,,,,,,,,,,,,,"Baby Dragon 5",,,,,,,,,,,,,,,,,,,,,,,,,,,,,,,,,,,,,,,,,5000,,,,,,,,,,,,,,,,,,,,,,,,,,,,,,,,,,,,,,,,,,,,,,,,,,,,,,,,,,,,,,,,,,,,,,,,,,,,,,,,,,,,,,,,,,,,,,,,,,,,,,,,,,,,,,,,,,,,,,,,,,,,,
,,6,,,,,,10,,1700,96,,,6200000,,,,125,,,,,,,,,,"babydragon_projectile_lvl3",,,,,,,,,,,,,,,,,,"Baby Dragon 6",,,,,,,,,,,,,,,,,,,,,,,,,,,,,,,,,,,,,,,,,6000,,,,,,,,,,,,,,,,,,,,,,,,,,,,,,,,,,,,,,,,,,,,,,,,,,,,,,,,,,,,,,,,,,,,,,,,,,,,,,,,,,,,,,,,,,,,,,,,,,,,,,,,,,,,,,,,,,,,,,,,,,,,,
,,7,,,,,,11,,1800,144,,,9500000,,,,135,,,,,,,,,,"babydragon_projectile_lvl3",,,,,,,,,,,,,,,,,,"Baby Dragon 7",,,,,,,,,,,,,,,,,,,,,,,,,,,,,,,,,,,,,,,,,7000,,,,,,,,,,,,,,,,,,,,,,,,,,,,,,,,,,,,,,,,,,,,,,,,,,,,,,,,,,,,,,,,,,,,,,,,,,,,,,,,,,,,,,,,,,,,,,,,,,,,,,,,,,,,,,,,,,,,,,,,,,,,,
,,8,,,,,,12,,1900,168,,,11000000,,,,145,,,,,,,,,,"babydragon_projectile_lvl3",,,,,,,,,,,,,,,,,,"Baby Dragon 8",,,,,,,,,,,,,,,,,,,,,,,,,,,,,,,,,,,,,,,,,8000,,,,,,,,,,,,,,,,,,,,,,,,,,,,,,,,,,,,,,,,,,,,,,,,,,,,,,,,,,,,,,,,,,,,,,,,,,,,,,,,,,,,,,,,,,,,,,,,,,,,,,,,,,,,,,,,,,,,,,,,,,,,,
,,9,,,,,,13,,2000,174,,,13500000,,,,155,,,,,,,,,,"babydragon_projectile_lvl3",,,,,,,,,,,,,,,,,,"Baby Dragon 9",,,,,,,,,,,,,,,,,,,,,,,,,,,,,,,,,,,,,,,,,9000,,,,,,,,,,,,,,,,,,,,,,,,,,,,,,,,,,,,,,,,,,,,,,,,,,,,,,,,,,,,,,,,,,,,,,,,,,,,,,,,,,,,,,,,,,,,,,,,,,,,,,,,,,,,,,,,,,,,,,,,,,,,,
,,10,,,,,,14,,2100,240,,,16500000,,,,165,,,,,,,,,,"babydragon_projectile_lvl10",,,,,,,,,,,,,,,,,,"Baby Dragon 10",,,,,,,,,,,,,,,,,,,,,,,,,,,,,,,,,,,,,,,,,10000,,,,,,,,,,,,,,,,,,,,,,,,,,,,,,,,,,,,,,,,,,,,,,,,,,,,,,,,,,,,,,,,,,,,,,,,,,,,,,,,,,,,,,,,,,,,,,,,,,,,,,,,,,,,,,,,,,,,,,,,,,,,,
,,11,,,,,,15,,2200,366,,,29000000,,,,175,,,,,,,,,,"babydragon_projectile_lvl10",,,,,,,,,,,,,,,,,,"Baby Dragon 11",,,,,,,,,,,,,,,,,,,,,,,,,,,,,,,,,,,,,,,,,11000,,,,,,,,,,,,,,,,,,,,,,,,,,,,,,,,,,,,,,,,,,,,,,,,,,,,,,,,,,,,,,,,,,,,,,,,,,,,,,,,,,,,,,,,,,,,,,,,,,,,,,,,,,,,,,,,,,,,,,,,,,,,,
,,12,,,,,,16,,2350,,,,,,,,185,,,,,,,,,,"babydragon_projectile_lvl10",,,,,,,,,,,,,,,,,,"Baby Dragon 12",,,,,,,,,,,,,,,,,,,,,,,,,,,,,,,,,,,,,,,,,12000,,,,,,,,,,,,,,,,,,,,,,,,,,,,,,,,,,,,,,,,,,,,,,,,,,,,,,,,,,,,,,,,,,,,,,,,,,,,,,,,,,,,,,,,,,,,,,,,,,,,,,,,,,,,,,,,,,,,,,,,,,,,,
"Miner",4000024,1,,"TID_MINER","TID_MINER_INFO",6,12,1,400,550,24,,"Elixir",1500000,60,1700,,80,,,,,"sc/ui.sc","icon_unit_miner","unit_miner_big","sc/info_miner.sc",,,,,,,"Miner Deploy",,"Miner Attack",,"Miner Hit",,"FALSE","FALSE","TRUE",,,"Miner Die",,"Miner_lvl1","Barracks","FALSE",,,0,"TombStone",,,,,,,,,,,,,,,,,,,,,,,,,,,,,,,,,,,3000,,,,,,,,,,,,,,,,,,,,,,,-50,,,,,,,,"TRUE",,600,500,,"TRUE",,,,,,,,,,"Miner Move",,,"Miner Appear","Miner Hide",,,,,,,,,,,,,,,,,,,,,,,,,,,,,,,,,,,,,,,,,,,,,,,,,,,,,,,,,,,,,,"TroopMiner",,,,,,,,,,,,,
,,2,,,,,,8,,610,48,,,2600000,,,,88,,,,,,,,,,,,,,,,,,,,,,,,,,,,"Miner_lvl2",,,,,,,,,,,,,,,,,,,,,,,,,,,,,,,,,,,,,,,,,3500,,,,,,,,,,,,,,,,,,,,,,,,,,,,,,,,,,,,,,,,,,,,,,,,,,,,,,,,,,,,,,,,,,,,,,,,,,,,,,,,,,,,,,,,,,,,,,,,,,,,,,,,,,,,,,,,,,,,,,,,,,,,,
,,3,,,,,,8,,670,54,,,3000000,,,,96,,,,,,,,,,,,,,,,,,,,,,,,,,,,"Miner_lvl3",,,,,,,,,,,,,,,,,,,,,,,,,,,,,,,,,,,,,,,,,4000,,,,,,,,,,,,,,,,,,,,,,,,,,,,,,,,,,,,,,,,,,,,,,,,,,,,,,,,,,,,,,,,,,,,,,,,,,,,,,,,,,,,,,,,,,,,,,,,,,,,,,,,,,,,,,,,,,,,,,,,,,,,,
,,4,,,,,,9,,730,60,,,4000000,,,,104,,,,,,,,,,,,,,,,,,,,,,,,,,,,"Miner_lvl3",,,,,,,,,,,,,,,,,,,,,,,,,,,,,,,,,,,,,,,,,4500,,,,,,,,,,,,,,,,,,,,,,,,,,,,,,,,,,,,,,,,,,,,,,,,,,,,,,,,,,,,,,,,,,,,,,,,,,,,,,,,,,,,,,,,,,,,,,,,,,,,,,,,,,,,,,,,,,,,,,,,,,,,,
,,5,,,,,,9,,800,72,,,4800000,,,,112,,,,,,,,,,,,,,,,,,,,,,,,,,,,"Miner_lvl4",,,,,,,,,,,,,,,,,,,,,,,,,,,,,,,,,,,,,,,,,5000,,,,,,,,,,,,,,,,,,,,,,,,,,,,,,,,,,,,,,,,,,,,,,,,,,,,,,,,,,,,,,,,,,,,,,,,,,,,,,,,,,,,,,,,,,,,,,,,,,,,,,,,,,,,,,,,,,,,,,,,,,,,,
,,6,,,,,,10,,900,96,,,6000000,,,,120,,,,,,,,,,,,,,,,,,,,,,,,,,,,"Miner_lvl4",,,,,,,,,,,,,,,,,,,,,,,,,,,,,,,,,,,,,,,,,6000,,,,,,,,,,,,,,,,,,,,,,,,,,,,,,,,,,,,,,,,,,,,,,,,,,,,,,,,,,,,,,,,,,,,,,,,,,,,,,,,,,,,,,,,,,,,,,,,,,,,,,,,,,,,,,,,,,,,,,,,,,,,,
,,7,,,,,,11,,1000,144,,,8600000,,,,128,,,,,,,,,,,,,,,,,,,,,,,,,,,,"Miner_lvl5",,,,,,,,,,,,,,,,,,,,,,,,,,,,,,,,,,,,,,,,,7000,,,,,,,,,,,,,,,,,,,,,,,,,,,,,,,,,,,,,,,,,,,,,,,,,,,,,,,,,,,,,,,,,,,,,,,,,,,,,,,,,,,,,,,,,,,,,,,,,,,,,,,,,,,,,,,,,,,,,,,,,,,,,
,,8,,,,,,12,,1150,156,,,10500000,,,,136,,,,,,,,,,,,,,,,,,,,,,,,,,,,"Miner_lvl6",,,,,,,,,,,,,,,,,,,,,,,,,,,,,,,,,,,,,,,,,8000,,,,,,,,,,,,,,,,,,,,,,,,,,,,,,,,,,,,,,,,,,,,,,,,,,,,,,,,,,,,,,,,,,,,,,,,,,,,,,,,,,,,,,,,,,,,,,,,,,,,,,,,,,,,,,,,,,,,,,,,,,,,,
,,9,,,,,,13,,1350,168,,,12500000,,,,144,,,,,,,,,,,,,,,,,,,,,,,,,,,,"Miner_lvl7",,,,,,,,,,,,,,,,,,,,,,,,,,,,,,,,,,,,,,,,,9000,,,,,,,,,,,,,,,,,,,,,,,,,,,,,,,,,,,,,,,,,,,,,,,,,,,,,,,,,,,,,,,,,,,,,,,,,,,,,,,,,,,,,,,,,,,,,,,,,,,,,,,,,,,,,,,,,,,,,,,,,,,,,
,,10,,,,,,14,,1550,228,,,16500000,,,,160,,,,,,,,,,,,,,,,,,,,,,,,,,,,"Miner_lvl10",,,,,,,,,,,,,,,,,,,,,,,,,,,,,,,,,,,,,,,,,10000,,,,,,,,,,,,,,,,,,,,,,,,,,,,,,,,,,,,,,,,,,,,,,,,,,,,,,,,,,,,,,,,,,,,,,,,,,,,,,,,,,,,,,,,,,,,,,,,,,,,,,,,,,,,,,,,,,,,,,,,,,,,,
,,11,,,,,,15,,1750,348,,,28000000,,,,175,,,,,,,,,,,,,,,,,,,,,,,,,,,,"Miner_lvl11",,,,,,,,,,,,,,,,,,,,,,,,,,,,,,,,,,,,,,,,,11000,,,,,,,,,,,,,,,,,,,,,,,,,,,,,,,,,,,,,,,,,,,,,,,,,,,,,,,,,,,,,,,,,,,,,,,,,,,,,,,,,,,,,,,,,,,,,,,,,,,,,,,,,,,,,,,,,,,,,,,,,,,,,
,,12,,,,,,16,,2050,,,,,,,,195,,,,,,,,,,,,,,,,,,,,,,,,,,,,"Miner_lvl12",,,,,,,,,,,,,,,,,,,,,,,,,,,,,,,,,,,,,,,,,12000,,,,,,,,,,,,,,,,,,,,,,,,,,,,,,,,,,,,,,,,,,,,,,,,,,,,,,,,,,,,,,,,,,,,,,,,,,,,,,,,,,,,,,,,,,,,,,,,,,,,,,,,,,,,,,,,,,,,,,,,,,,,,
"Electro Dragon",4000059,1,,"TID_LIGHTNINGDRAGON","TID_CHARACTER_INFO_LIGHTNINGDRAGON",30,13,1,160,3400,96,,"Elixir",6000000,250,3500,625,260,1,,,,"sc/ui.sc","icon_unit_lightningDragon","unit_electro_dragon_big","sc/info_electro_dragon.sc",,,,,,,"Electro Dragon Deploy",,"Electro Dragon Attack",,"Mega Tesla Hit",,"TRUE","TRUE","TRUE",,,"Dragon Die",,"ElectroDragon_lvl1","Barracks","FALSE",,,15,"TombStone",,,,,,,,,,,,,,,,,,,,,,,,,,,,,,,,,,,4000,,,,,,,,,,,,,,,,,,,,,,,100,,,,,,,,,,3000,2000,,"TRUE",,300,5,1,128,20,"Electro Dragon Attack Chain","Electro Dragon Pre Attack",,,,,,,,,,,,,,,,,,,,,,,,,,,,,,,,,,,,,,,,,,,,,,,,,,,,,,"ElectroDragonOnDeath","1",,,,,,,,,,,,,"TroopElectroDragon",,,,,,,,,,,,,
,,2,,,,,,9,,3900,108,,,7000000,,,,290,,,,,,,,,,,,,,,,,,,,,,,,,,,,"ElectroDragon_lvl2",,,,,,,,,,,,,,,,,,,,,,,,,,,,,,,,,,,,,,,,,5000,,,,,,,,,,,,,,,,,,,,,,,,,,,,,,,,,,,,,,,,,,,,,,,,,,,,,,,,,,,,,,,,,,,,,,,,,,,,,,,,,,,,,,,,,,,,,,,,,,,"2",,,,,,,,,,,,,,,,,,,,,,,,,,
,,3,,,,,,10,,4400,168,,,9000000,,,,320,,,,,,,,,,,,,,,,,,,,,,,,,,,,"ElectroDragon_lvl3",,,,,,,,,,,,,,,,,,,,,,,,,,,,,,,,,,,,,,,,,6000,,,,,,,,,,,,,,,,,,,,,,,,,,,,,,,,,,,,,,,,,,,,,,,,,,,,,,,,,,,,,,,,,,,,,,,,,,,,,,,,,,,,,,,,,,,,,,,,,,,"3",,,,,,,,,,,,,,,,,,,,,,,,,,
,,4,,,,,,11,,4700,192,,,11000000,,,,350,,,,,,,,,,,,,,,,,,,,,,,,,,,,"ElectroDragon_lvl4",,,,,,,,,,,,,,,,,,,,,,,,,,,,,,,,,,,,,,,,,7000,,,,,,,,,,,,,,,,,,,,,,,,,,,,,,,,,,,,,,,,,,,,,,,,,,,,,,,,,,,,,,,,,,,,,,,,,,,,,,,,,,,,,,,,,,,,,,,,,,,"4",,,,,,,,,,,,,,,,,,,,,,,,,,
,,5,,,,,,12,,5000,204,,,14000000,,,,380,,,,,,,,,,,,,,,,,,,,,,,,,,,,"ElectroDragon_lvl5",,,,,,,,,,,,,,,,,,,,,,,,,,,,,,,,,,,,,,,,,8000,,,,,,,,,,,,,,,,,,,,,,,,,,,,,,,,,,,,,,,,,,,,,,,,,,,,,,,,,,,,,,,,,,,,,,,,,,,,,,,,,,,,,,,,,,,,,,,,,,,"5",,,,,,,,,,,,,,,,,,,,,,,,,,
,,6,,,,,,13,,5400,216,,,16000000,,,,410,,,,,,,,,,,,,,,,,,,,,,,,,,,,"ElectroDragon_lvl6",,,,,,,,,,,,,,,,,,,,,,,,,,,,,,,,,,,,,,,,,9000,,,,,,,,,,,,,,,,,,,,,,,,,,,,,,,,,,,,,,,,,,,,,,,,,,,,,,,,,,,,,,,,,,,,,,,,,,,,,,,,,,,,,,,,,,,,,,,,,,,"6",,,,,,,,,,,,,,,,,,,,,,,,,,
,,7,,,,,,14,,5700,240,,,20000000,,,,440,,,,,,,,,,,,,,,,,,,,,,,,,,,,"ElectroDragon_lvl7",,,,,,,,,,,,,,,,,,,,,,,,,,,,,,,,,,,,,,,,,10000,,,,,,,,,,,,,,,,,,,,,,,,,,,,,,,,,,,,,,,,,,,,,,,,,,,,,,,,,,,,,,,,,,,,,,,,,,,,,,,,,,,,,,,,,,,,,,,,,,,"7",,,,,,,,,,,,,,,,,,,,,,,,,,
,,8,,,,,,15,,6400,384,,,30000000,,,,475,,,,,,,,,,,,,,,,,,,,,,,,,,,,"ElectroDragon_lvl8",,,,,,,,,,,,,,,,,,,,,,,,,,,,,,,,,,,,,,,,,11000,,,,,,,,,,,,,,,,,,,,,,,,,,,,,,,,,,,,,,,,,,,,,,,,,,,,,,,,,,,,,,,,,,,,,,,,,,,,,,,,,,,,,,,,,,,,,,,,,,,"8",,,,,,,,,,,,,,,,,,,,,,,,,,
,,9,,,,,,16,,6900,,,,,,,,510,,,,,,,,,,,,,,,,,,,,,,,,,,,,"ElectroDragon_lvl9",,,,,,,,,,,,,,,,,,,,,,,,,,,,,,,,,,,,,,,,,12000,,,,,,,,,,,,,,,,,,,,,,,,,,,,,,,,,,,,,,,,,,,,,,,,,,,,,,,,,,,,,,,,,,,,,,,,,,,,,,,,,,,,,,,,,,,,,,,,,,,"9",,,,,,,,,,,,,,,,,,,,,,,,,,
"Yeti",4000053,1,,"TID_CHARACTER_YETI","TID_CHARACTER_INFO_YETI",18,14,1,150,2900,72,,"Elixir",5000000,80,1000,,230,1,,,,"sc/ui.sc","icon_unit_yeti","unit_yeti_big","sc/info_yeti.sc",,,,,,,"Yeti Deploy",,"Yeti Attack",,"Yeti Hit",,"FALSE","FALSE","TRUE",,,"Yeti Die",,"yeti_lvl1","Barracks","FALSE",,,0,"TombStone",,,,,,,,,,,,,100,,,,,,,,,,,,,,,,,,,,,,5000,,,600,,,,,,,,,,,,,,,,,,,,-50,,,,,,,,,,1800,1800,,"TRUE",,,,,,,,,,,,,,,,,,,,,,,,,,,,,,,,,,,,,,,,,,,,,,,,,,,,,,,,,,,,,,"YetiSpawnYetiMites","1",,,,,,,,,,,,,"TroopGroundAny2",,"HitPoints;DamagePerSecond;UnitsSpawned;DamageType;TargetType;HousingSpace;MovementSpeed;Range",,,,,,,,,,,
,,2,,,,,,10,,3200,108,,,6500000,,,,250,,,,,,,,,,,,,,,,,,,,,,,,,,,,"yeti_lvl2",,,,,,,,,,,,,,,,,,,,,,,,,,,,,,,,,,,,,,,,,6000,,,,,,,,,,,,,,,,,,,,,,,,,,,,,,,,,,,,,,,,,,,,,,,,,,,,,,,,,,,,,,,,,,,,,,,,,,,,,,,,,,,,,,,,,,,,,,,,,,,"2",,,,,,,,,,,,,,,,,,,,,,,,,,
,,3,,,,,,11,,3500,168,,,10000000,,,,270,,,,,,,,,,,,,,,,,,,,,,,,,,,,"yeti_lvl3",,,,,,,,,,,,,,,,,,,,,,,,,,,,,,,,,,,,,,,,,7000,,,,,,,,,,,,,,,,,,,,,,,,,,,,,,,,,,,,,,,,,,,,,,,,,,,,,,,,,,,,,,,,,,,,,,,,,,,,,,,,,,,,,,,,,,,,,,,,,,,"3",,,,,,,,,,,,,,,,,,,,,,,,,,
,,4,,,,,,12,,3700,180,,,12000000,,,,290,,,,,,,,,,,,,,,,,,,,,,,,,,,,"yeti_lvl4",,,,,,,,,,,,,,,,,,,,,,,,,,,,,,,,,,,,,,,,,8000,,,,,,,,,,,,,,,,,,,,,,,,,,,,,,,,,,,,,,,,,,,,,,,,,,,,,,,,,,,,,,,,,,,,,,,,,,,,,,,,,,,,,,,,,,,,,,,,,,,"4",,,,,,,,,,,,,,,,,,,,,,,,,,
,,5,,,,,,13,,3900,198,,,14500000,,,,310,,,,,,,,,,,,,,,,,,,,,,,,,,,,"yeti_lvl5",,,,,,,,,,,,,,,,,,,,,,,,,,,,,,,,,,,,,,,,,9000,,,,,,,,,,,,,,,,,,,,,,,,,,,,,,,,,,,,,,,,,,,,,,,,,,,,,,,,,,,,,,,,,,,,,,,,,,,,,,,,,,,,,,,,,,,,,,,,,,,"5",,,,,,,,,,,,,,,,,,,,,,,,,,
,,6,,,,,,14,,4100,240,,,17000000,,,,330,,,,,,,,,,,,,,,,,,,,,,,,,,,,"yeti_lvl6",,,,,,,,,,,,,,,,,,,,,,,,,,,,,,,,,,,,,,,,,10000,,,,,,,,,,,,,,,,,,,,,,,,,,,,,,,,,,,,,,,,,,,,,,,,,,,,,,,,,,,,,,,,,,,,,,,,,,,,,,,,,,,,,,,,,,,,,,,,,,,"6",,,,,,,,,,,,,,,,,,,,,,,,,,
,,7,,,,,,15,,4300,372,,,27500000,,,,350,,,,,,,,,,,,,,,,,,,,,,,,,,,,"yeti_lvl7",,,,,,,,,,,,,,,,,,,,,,,,,,,,,,,,,,,,,,,,,11000,,,,,,,,,,,,,,,,,,,,,,,,,,,,,,,,,,,,,,,,,,,,,,,,,,,,,,,,,,,,,,,,,,,,,,,,,,,,,,,,,,,,,,,,,,,,,,,,,,,"7",,,,,,,,,,,,,,,,,,,,,,,,,,
,,8,,,,,,16,,4650,,,,,,,,380,,,,,,,,,,,,,,,,,,,,,,,,,,,,"yeti_lvl8",,,,,,,,,,,,,,,,,,,,,,,,,,,,,,,,,,,,,,,,,12000,,,,,,,,,,,,,,,,,,,,,,,,,,,,,,,,,,,,,,,,,,,,,,,,,,,,,,,,,,,,,,,,,,,,,,,,,,,,,,,,,,,,,,,,,,,,,,,,,,,"8",,,,,,,,,,,,,,,,,,,,,,,,,,
"Yetimite",4000054,1,,"TID_CHARACTER_YETIMITE","TID_CHARACTER_INFO_YETIMITE",2,1,1,300,300,,,,,200,1000,,56,4,80,,,,,"unit_yetimite_big","sc/info_yeti.sc",,"YetimiteJump",,,"Defense",,,,,,"Yeti Hit",,"FALSE","TRUE","TRUE",,1,"Yetimite Die",,"yetimite_lvl1",,"TRUE",,,0,,,,,,,,"TRUE",,,,"TRUE",,,,,,,,,,,,,,,,,,,,,,,,,,,,,,,,,,,,,,,,,,,,,,,-50,,,,,,,,,,50,50,500,"FALSE",,,,,,,,,,,,,,,,,,,,,,,,,,,,,,,,,,,,,,,,,,,"TRUE",,50,,,,,,,,,,,,,0,,,,,,,,,,,,,,,,,,"SecondaryTroopDefense",,,,,,,,,,,,,
,,2,,,,,,,,350,,,,,,,,64,,,,,,,,,,"YetimiteJump2",,,,,,,,,,,,,,,,,,"yetimite_lvl2",,,,,,,,,,,,,,,,,,,,,,,,,,,,,,,,,,,,,,,,,,,,,,,,,,,,,,,,,,,,,,,,,,,,,,,,,,,,,,,,,,,,,,,,,,,,,,,,,,,,,,,,,,,,,,,,,,,,,,,,,,,,,,,,,,,,,,,,,,,,,,,,,,,,,,,,,,,,,,,,,,,,,,
,,3,,,,,,,,400,,,,,,,,72,,,,,,,,,,"YetimiteJump3",,,,,,,,,,,,,,,,,,"yetimite_lvl3",,,,,,,,,,,,,,,,,,,,,,,,,,,,,,,,,,,,,,,,,,,,,,,,,,,,,,,,,,,,,,,,,,,,,,,,,,,,,,,,,,,,,,,,,,,,,,,,,,,,,,,,,,,,,,,,,,,,,,,,,,,,,,,,,,,,,,,,,,,,,,,,,,,,,,,,,,,,,,,,,,,,,,
,,4,,,,,,,,450,,,,,,,,78,,,,,,,,,,"YetimiteJump4",,,,,,,,,,,,,,,,,,"yetimite_lvl4",,,,,,,,,,,,,,,,,,,,,,,,,,,,,,,,,,,,,,,,,,,,,,,,,,,,,,,,,,,,,,,,,,,,,,,,,,,,,,,,,,,,,,,,,,,,,,,,,,,,,,,,,,,,,,,,,,,,,,,,,,,,,,,,,,,,,,,,,,,,,,,,,,,,,,,,,,,,,,,,,,,,,,
,,5,,,,,,,,500,,,,,,,,84,,,,,,,,,,"YetimiteJump4",,,,,,,,,,,,,,,,,,"yetimite_lvl4",,,,,,,,,,,,,,,,,,,,,,,,,,,,,,,,,,,,,,,,,,,,,,,,,,,,,,,,,,,,,,,,,,,,,,,,,,,,,,,,,,,,,,,,,,,,,,,,,,,,,,,,,,,,,,,,,,,,,,,,,,,,,,,,,,,,,,,,,,,,,,,,,,,,,,,,,,,,,,,,,,,,,,
,,6,,,,,,,,550,,,,,,,,88,,,,,,,,,,"YetimiteJump6",,,,,,,,,,,,,,,,,,"yetimite_lvl6",,,,,,,,,,,,,,,,,,,,,,,,,,,,,,,,,,,,,,,,,,,,,,,,,,,,,,,,,,,,,,,,,,,,,,,,,,,,,,,,,,,,,,,,,,,,,,,,,,,,,,,,,,,,,,,,,,,,,,,,,,,,,,,,,,,,,,,,,,,,,,,,,,,,,,,,,,,,,,,,,,,,,,
,,7,,,,,,,,575,,,,,,,,90,,,,,,,,,,"YetimiteJump7",,,,,,,,,,,,,,,,,,"yetimite_lvl7",,,,,,,,,,,,,,,,,,,,,,,,,,,,,,,,,,,,,,,,,,,,,,,,,,,,,,,,,,,,,,,,,,,,,,,,,,,,,,,,,,,,,,,,,,,,,,,,,,,,,,,,,,,,,,,,,,,,,,,,,,,,,,,,,,,,,,,,,,,,,,,,,,,,,,,,,,,,,,,,,,,,,,
,,8,,,,,,,,590,,,,,,,,92,,,,,,,,,,"YetimiteJump8",,,,,,,,,,,,,,,,,,"yetimite_lvl8",,,,,,,,,,,,,,,,,,,,,,,,,,,,,,,,,,,,,,,,,,,,,,,,,,,,,,,,,,,,,,,,,,,,,,,,,,,,,,,,,,,,,,,,,,,,,,,,,,,,,,,,,,,,,,,,,,,,,,,,,,,,,,,,,,,,,,,,,,,,,,,,,,,,,,,,,,,,,,,,,,,,,,
"Dragon Rider",4000065,1,,"TID_CHARACTER_MECHA_DRAGON","TID_CHARACTER_MECHA_DRAGON_INFO",25,15,1,250,4100,144,,"Elixir",7500000,350,1200,,340,1,,,,"sc/ui.sc","icon_unit_dragon_rider","unit_dragon_rider_big","sc/info_dragon_rider.sc",,"DragonRiderProjectile",,,"Defense",,"DragonRider Deploy",,"DragonRider Attack",,"Dragon Rider Hit",,"TRUE","TRUE","TRUE",,,"DragonRider Malfunction",,"SkeletonPlane_lvl1","Barracks","FALSE",,,15,"TombStone",700,200,"DragonRider Die",600,,,,,,,,,,,,,,,,,,,,,,,,,,,,,,,6000,,,,,,,,,,,,,,,,,,,,,,,60,,,,,,,,,,2500,2500,,"TRUE",,,,,,,,,,,,,,,,,,,,,,,,,,,,,,,,,,,,,,,,,,,,,,,,,,,,,,,,,,,,,,,,,,,,,,,,,,,,"TroopDefenseAir",,,,,,,,,,,,,
,,2,,,,,,11,,4400,192,,,12000000,,,,370,,,,,,,,,,"DragonRiderProjectile 2",,,,,,,,,,,,,,,,,,"SkeletonPlane_lvl2",,,,,,,800,,,,,,,,,,,,,,,,,,,,,,,,,,,,,,,,,,7000,,,,,,,,,,,,,,,,,,,,,,,,,,,,,,,,,,,,,,,,,,,,,,,,,,,,,,,,,,,,,,,,,,,,,,,,,,,,,,,,,,,,,,,,,,,,,,,,,,,,,,,,,,,,,,,,,,,,,,,,,,,,,
,,3,,,,,,12,,4700,216,,,14500000,,,,400,,,,,,,,,,"DragonRiderProjectile 3",,,,,,,,,,,,,,,,,,"SkeletonPlane_lvl3",,,,,,,900,,,,,,,,,,,,,,,,,,,,,,,,,,,,,,,,,,8000,,,,,,,,,,,,,,,,,,,,,,,,,,,,,,,,,,,,,,,,,,,,,,,,,,,,,,,,,,,,,,,,,,,,,,,,,,,,,,,,,,,,,,,,,,,,,,,,,,,,,,,,,,,,,,,,,,,,,,,,,,,,,
,,4,,,,,,14,,5100,246,,,19000000,,,,430,,,,,,,,,,"DragonRiderProjectile 3",,,,,,,,,,,,,,,,,,"SkeletonPlane_lvl4",,,,,,,1000,,,,,,,,,,,,,,,,,,,,,,,,,,,,,,,,,,10000,,,,,,,,,,,,,,,,,,,,,,,,,,,,,,,,,,,,,,,,,,,,,,,,,,,,,,,,,,,,,,,,,,,,,,,,,,,,,,,,,,,,,,,,,,,,,,,,,,,,,,,,,,,,,,,,,,,,,,,,,,,,,
,,5,,,,,,15,,5600,372,,,29500000,,,,470,,,,,,,,,,"DragonRiderProjectile 3",,,,,,,,,,,,,,,,,,"SkeletonPlane_lvl5",,,,,,,1100,,,,,,,,,,,,,,,,,,,,,,,,,,,,,,,,,,11000,,,,,,,,,,,,,,,,,,,,,,,,,,,,,,,,,,,,,,,,,,,,,,,,,,,,,,,,,,,,,,,,,,,,,,,,,,,,,,,,,,,,,,,,,,,,,,,,,,,,,,,,,,,,,,,,,,,,,,,,,,,,,
,,6,,,,,,16,,5900,,,,,,,,490,,,,,,,,,,"DragonRiderProjectile 3",,,,,,,,,,,,,,,,,,"SkeletonPlane_lvl6",,,,,,,1200,,,,,,,,,,,,,,,,,,,,,,,,,,,,,,,,,,12000,,,,,,,,,,,,,,,,,,,,,,,,,,,,,,,,,,,,,,,,,,,,,,,,,,,,,,,,,,,,,,,,,,,,,,,,,,,,,,,,,,,,,,,,,,,,,,,,,,,,,,,,,,,,,,,,,,,,,,,,,,,,,
"Electro Titan",4000095,1,,"TID_CHARACTER_ELECTRO_TITAN","TID_CHARACTER_ELECTRO_TITAN_INFO",32,16,1,200,7200,192,,"Elixir",14000000,125,1500,,180,1,,,,"sc/ui.sc","icon_unit_electrotitan","unit_electro_titan_big","sc/info_electro_titan.sc",,,,,,,"Elektro Titan Deploy",,"Electro_Titan Attack_lvl1",,"Golem Hit",,"FALSE","TRUE","TRUE",,,"ElektroTitanDie",,"ElectroTitan_lvl1","Barracks","FALSE",,,0,"TombStone",,,,,,,,,,,,,,,,,,,,,,,,,,,,,,,,,,,7000,"Electro Titan Aura",1,,,,,,,,,,,,,,,,,,,,,-50,,,,,,,,,,3000,3000,,"TRUE",,,,,,,,,,,,,,,,,,,,,,,,,,,,,,,,,,,,,,,,,,,,,,,,,,,,,,,,,,,,,,,,,,,,,,,,,,,,"TroopElectroTitan",,,,,,,,,,,,,
,,2,,,,,,12,,7700,216,,,16000000,,,,200,,,,,,,,,,,,,,,,,"Electro_Titan Attack_lvl1",,,,,,,,,,,"ElectroTitan_lvl2",,,,,,,,,,,,,,,,,,,,,,,,,,,,,,,,,,,,,,,,,8000,,2,,,,,,,,,,,,,,,,,,,,,,,,,,,,,,,,,,,,,,,,,,,,,,,,,,,,,,,,,,,,,,,,,,,,,,,,,,,,,,,,,,,,,,,,,,,,,,,,,,,,,,,,,,,,,,,,,,,,,,,,,,,
,,3,,,,,,13,,8200,264,,,18500000,,,,220,,,,,,,,,,,,,,,,,"Electro_Titan Attack_lvl1",,,,,,,,,,,"ElectroTitan_lvl3",,,,,,,,,,,,,,,,,,,,,,,,,,,,,,,,,,,,,,,,,9000,,3,,,,,,,,,,,,,,,,,,,,,,,,,,,,,,,,,,,,,,,,,,,,,,,,,,,,,,,,,,,,,,,,,,,,,,,,,,,,,,,,,,,,,,,,,,,,,,,,,,,,,,,,,,,,,,,,,,,,,,,,,,,
,,4,,,,,,14,,8700,384,,,30000000,,,,240,,,,,,,,,,,,,,,,,"Electro_Titan Attack_lvl1",,,,,,,,,,,"ElectroTitan_lvl4",,,,,,,,,,,,,,,,,,,,,,,,,,,,,,,,,,,,,,,,,10000,,4,,,,,,,,,,,,,,,,,,,,,,,,,,,,,,,,,,,,,,,,,,,,,,,,,,,,,,,,,,,,,,,,,,,,,,,,,,,,,,,,,,,,,,,,,,,,,,,,,,,,,,,,,,,,,,,,,,,,,,,,,,,
,,5,,,,,,16,,9200,,,,,,,,270,,,,,,,,,,,,,,,,,"Electro_Titan Attack_lvl1",,,,,,,,,,,"ElectroTitan_lvl5",,,,,,,,,,,,,,,,,,,,,,,,,,,,,,,,,,,,,,,,,12000,,5,,,,,,,,,,,,,,,,,,,,,,,,,,,,,,,,,,,,,,,,,,,,,,,,,,,,,,,,,,,,,,,,,,,,,,,,,,,,,,,,,,,,,,,,,,,,,,,,,,,,,,,,,,,,,,,,,,,,,,,,,,,
"Root Rider",4000110,1,,"TID_CHARACTER_TREANT","TID_CHARACTER_INFO_TREANT",20,17,1,150,6200,192,,"Elixir",15000000,100,2200,,95,,,,,"sc/ui.sc","icon_unit_root_rider","unit_root_rider_big","sc/info_root_rider.sc",,,,,"Defense",,"Root Rider Deploy",,"Root Rider Attack",,"Root Rider Hit",,"FALSE","FALSE","TRUE",,,"Root Rider Die",,"RootRider","Barracks","TRUE",,,0,"TombStone",,,,,,,,"TRUE",,,,,,,,,,,,,,,,,,,,,,,,,,,8000,"TreantWallDamageAura",1,,,1,,,,,,,,,,,,,,,,,,-50,,,,,,,,,,2000,2000,,"TRUE",,,,,,,,,,,,"Root Rider Move",,,,,,,,,,,,,,,,,,,,,,,,,,,,,,,,,,,,,,,,,,,,,,,,,"TRUE","RootRiderPlaceholderAbility","1",,,,,,,,,,,,,"TroopRootRider",,,,,,,,,,,,,
,,2,,,,,,13,,6350,240,,,17600000,,,,105,,,,,,,,,,,,,,,,,,,,,,,,,,,,"RootRider_2",,,,,,,,,,,,,,,,,,,,,,,,,,,,,,,,,,,,,,,,,9000,,1,,,,,,,,,,,,,,,,,,,,,,,,,,,,,,,,,,,,,,,,,,,,,,,,,,,,,,,,,,,,,,,,,,,,,,,,,,,,,,,,,,,,,,,,,,,,,,,,,,,,,,,,,,,,,,,,,,,,,,,,,,,
,,3,,,,,,14,,6500,384,,,30000000,,,,115,,,,,,,,,,,,,,,,,,,,,,,,,,,,"RootRider_3",,,,,,,,,,,,,,,,,,,,,,,,,,,,,,,,,,,,,,,,,10000,,1,,,,,,,,,,,,,,,,,,,,,,,,,,,,,,,,,,,,,,,,,,,,,,,,,,,,,,,,,,,,,,,,,,,,,,,,,,,,,,,,,,,,,,,,,,,,,,,,,,,,,,,,,,,,,,,,,,,,,,,,,,,
,,4,,,,,,16,,6700,,,,,,,,125,,,,,,,,,,,,,,,,,,,,,,,,,,,,"RootRider_4",,,,,,,,,,,,,,,,,,,,,,,,,,,,,,,,,,,,,,,,,12000,,1,,,,,,,,,,,,,,,,,,,,,,,,,,,,,,,,,,,,,,,,,,,,,,,,,,,,,,,,,,,,,,,,,,,,,,,,,,,,,,,,,,,,,,,,,,,,,,,,,,,,,,,,,,,,,,,,,,,,,,,,,,,
"Thrower",4000132,1,,"TID_CHARACTER_THROWER","TID_CHARACTER_INFO_THROWER",16,18,1,220,2200,228,,"Elixir",16000000,600,2500,1250,190,,,,,"sc/ui.sc","icon_unit_thrower","unit_thrower_big","sc/info_thrower.sc",,"ThrowerProjectile1",,,,,"Troop_Thrower_Deploy",,"Troop_Thrower_Attack",,"Wizard Hit1",,"FALSE","TRUE","TRUE",,,"Troop_Thrower_Die",,"Thrower lvl1","Barracks","FALSE",,,0,"TombStone",,,,,,,,,,,,,,,,,,,,,,,,,,,,,,,,,,,9000,,,,,,,,,,,,,,,,,,,,,,,-50,,,,,,,,,,1400,700,,"TRUE",,,,,,,,,,,,,,,,,,,,,,,,,,,,,,,,,,,,,,,,,,,,,,,,,,,,,,,,,,,,,,,,,,,,,,,,,,,,"TroopThrower",,,,,,,,,,,,,
,,2,,,,,,14,,2350,252,,,18000000,,,,210,,,,,,,,,,"ThrowerProjectile2",,,,,,,,,,,,,,,,,,"Thrower lvl2",,,,,,,,,,,,,,,,,,,,,,,,,,,,,,,,,,,,,,,,,10000,,,,,,,,,,,,,,,,,,,,,,,,,,,,,,,,,,,,,,,,,,,,,,,,,,,,,,,,,,,,,,,,,,,,,,,,,,,,,,,,,,,,,,,,,,,,,,,,,,,,,,,,,,,,,,,,,,,,,,,,,,,,,
,,3,,,,,,15,,2600,360,,,27000000,,,,230,,,,,,,,,,"ThrowerProjectile3",,,,,,,,,,,,,,,,,,"Thrower lvl3",,,,,,,,,,,,,,,,,,,,,,,,,,,,,,,,,,,,,,,,,11000,,,,,,,,,,,,,,,,,,,,,,,,,,,,,,,,,,,,,,,,,,,,,,,,,,,,,,,,,,,,,,,,,,,,,,,,,,,,,,,,,,,,,,,,,,,,,,,,,,,,,,,,,,,,,,,,,,,,,,,,,,,,,
,,4,,,,,,16,,2800,,,,,,,,240,,,,,,,,,,"ThrowerProjectile4",,,,,,,,,,,,,,,,,,"Thrower lvl4",,,,,,,,,,,,,,,,,,,,,,,,,,,,,,,,,,,,,,,,,12000,,,,,,,,,,,,,,,,,,,,,,,,,,,,,,,,,,,,,,,,,,,,,,,,,,,,,,,,,,,,,,,,,,,,,,,,,,,,,,,,,,,,,,,,,,,,,,,,,,,,,,,,,,,,,,,,,,,,,,,,,,,,,
"Meteor Golem",4000177,1,,"TID_METEOR_GOLEM","TID_METEOR_GOLEM_INFO",40,19,1,150,14500,336,0,"Elixir",28000000,500,1000,,480,1,100,,,"sc/ui.sc","icon_unit_splitgolem","unit_meteorgolem_big","sc/info_meteor_golem.sc",,"MeteoriteGolemProjectile",,,,,"Meteor_Golem_deploy",,"Meteor_Golem_ThrowAttack_SFX",,,"Meteor_Golem_Hit_SFX","FALSE","TRUE","TRUE",,1,"Meteor_Golem_die",,"MeteoriteGolem","Barracks","FALSE",,,0,"TombStone",,,,,,,,,"Meteormite",,,1,,,,,,,,,,,,,,,,,,,,,,"TRUE",10000,,,,,,,,,,,,,,,,,,,,,,,-50,,,,,,,,,,3000,3000,,"TRUE",,,,,,,,,,,,,,,,,,,,,,,,,,,,,,,,,,,,,,,"Wall",500,,,,"Defensive Meteor Golem",,,,,,,,,,,,,,,,,,,,,,,,,,,,,"Meteor_Golem_Merge","Meteor_Golem_split",,"Meteor Golem",,,,,,,,,,,,,
,,2,,,,,,15,,16000,384,0,,30000000,,,,530,,,,,,,,,,"MeteoriteGolemProjectileLvl2",,,,,,,,,,,,,,,,,,"MeteoriteGolemLvl2",,,,,,,,,,,,,,,,,,,,,,,,,,,,,,,,,,,,,,,,,11000,,,,,,,,,,,,,,,,,,,,,,,,,,,,,,,,,,,,,,,,,,,,,,,,,,,,,,,,,,,,,,,,,,,,,,,,,,,,,,,,,,,,,,,,,,,,,,,,,,,,,,,,,,,,,,,,,,,,,,,,,,,,,
,,3,,,,,,16,,17500,,,,,,,,580,,,,,,,,,,"MeteoriteGolemProjectileLvl3",,,,,,,,,,,,,,,,,,"MeteoriteGolemLvl3",,,,,,,,,,,,,,,,,,,,,,,,,,,,,,,,,,,,,,,,,12000,,,,,,,,,,,,,,,,,,,,,,,,,,,,,,,,,,,,,,,,,,,,,,,,,,,,,,,,,,,,,,,,,,,,,,,,,,,,,,,,,,,,,,,,,,,,,,,,,,,,,,,,,,,,,,,,,,,,,,,,,,,,,
"Meteormite",4000178,1,,"TID_METEOR_GOLEM_SMALL","TID_METEOR_GOLEM_SMALL_INFO",20,,,200,7250,,,,,80,1500,,190,1,,,,"sc/ui.sc","icon_unit_splitgolem_small","unit_meteorgolem_small","sc/info_meteor_golem.sc",,,,,,,"Meteor_Golem_ThrowAttack_SFX",,"Meteor_Golem_MeleeAttack_SFX",,"Meteor_Golem_attack","Meteor_Golem_Hit_SFX","FALSE","FALSE","TRUE",,,"Meteor_Golem_die",,"MeteoriteGolemSmall",,"TRUE",,,0,"TombStone",,,,,,,"TRUE",,,,"TRUE",,,,,,,,,,,,,,,,,,,,,,,,,,,,,,,,,,,,,,,,,,,,,,,-50,,,,,,,,,,1500,1500,,"TRUE",,,,,,,,,,,,,,,,,,,,,,,,,,,,,,,,,,,,,,,,,,,,,,,,,,,,,,,,,,,,,,,,,,,,,,,"Meteor Golem",500,,,"TRUE","MeteorGolemHalf",,,,,,,,,,,,,
,,2,,,,,,,,8000,,,,,,,,210,,,,,,,,,,,,,,,,,,,,,,,,,,,,"MeteoriteGolemSmallLvl2",,,,,,,,,,,,,,,,,,,,,,,,,,,,,,,,,,,,,,,,,,,,,,,,,,,,,,,,,,,,,,,,,,,,,,,,,,,,,,,,,,,,,,,,,,,,,,,,,,,,,,,,,,,,,,,,,,,,,,,,,,,,,,,,,,,,,,,,,,,,,,,,,,,,,,,,,,,,,,,,,,,,,,
,,3,,,,,,,,8750,,,,,,,,230,,,,,,,,,,,,,,,,,,,,,,,,,,,,"MeteoriteGolemSmallLvl3",,,,,,,,,,,,,,,,,,,,,,,,,,,,,,,,,,,,,,,,,,,,,,,,,,,,,,,,,,,,,,,,,,,,,,,,,,,,,,,,,,,,,,,,,,,,,,,,,,,,,,,,,,,,,,,,,,,,,,,,,,,,,,,,,,,,,,,,,,,,,,,,,,,,,,,,,,,,,,,,,,,,,,
"Defensive Meteor Golem",4000179,1,,"TID_METEOR_GOLEM","TID_METEOR_GOLEM_INFO",40,,,150,13000,,,,,500,1000,,450,1,100,,,"sc/ui.sc","icon_unit_splitgolem","unit_meteorgolem_big","sc/info_meteor_golem.sc",,"MeteoriteGolemProjectile",,,,,"Meteor_Golem_deploy",,"Meteor_Golem_ThrowAttack_SFX",,,"Meteor_Golem_Hit_SFX","FALSE","TRUE","TRUE",,1,"Meteor_Golem_die",,"MeteoriteGolem",,"FALSE",,,0,"TombStone",,,,,,,"TRUE",,"Defensive Meteormite",,,1,,,,,,,,,,,,,,,,,,,,,,"TRUE",,,,,,,,,,,,,,,,,,,,,,,,-50,,,,,,,,,,3000,3000,,"TRUE",,,,,,,,,,,,,,,,,,,,,,,,,,,,,,,,,,,,,,,"Wall",500,,,,,,,,,,,,,,,,,,,,,,,,,,,,,,,,,"Meteor_Golem_Merge","Meteor_Golem_split",,,,,,,,,,,,,,,
,,2,,,,,,,,14500,,,,,,,,500,,,,,,,,,,"MeteoriteGolemProjectileLvl2",,,,,,,,,,,,,,,,,,"MeteoriteGolemLvl2",,,,,,,,,,,,,,,,,,,,,,,,,,,,,,,,,,,,,,,,,,,,,,,,,,,,,,,,,,,,,,,,,,,,,,,,,,,,,,,,,,,,,,,,,,,,,,,,,,,,,,,,,,,,,,,,,,,,,,,,,,,,,,,,,,,,,,,,,,,,,,,,,,,,,,,,,,,,,,,,,,,,,,
,,3,,,,,,,,16000,,,,,,,,550,,,,,,,,,,"MeteoriteGolemProjectileLvl3",,,,,,,,,,,,,,,,,,"MeteoriteGolemLvl3",,,,,,,,,,,,,,,,,,,,,,,,,,,,,,,,,,,,,,,,,,,,,,,,,,,,,,,,,,,,,,,,,,,,,,,,,,,,,,,,,,,,,,,,,,,,,,,,,,,,,,,,,,,,,,,,,,,,,,,,,,,,,,,,,,,,,,,,,,,,,,,,,,,,,,,,,,,,,,,,,,,,,,
"Defensive Meteormite",4000180,1,,"TID_METEOR_GOLEM_SMALL","TID_METEOR_GOLEM_SMALL_INFO",20,,,200,6500,,,,,80,1500,,180,1,,,,"sc/ui.sc","icon_unit_splitgolem_small","unit_meteorgolem_small","sc/info_meteor_golem.sc",,,,,,,"Meteor_Golem_ThrowAttack_SFX",,"Meteor_Golem_MeleeAttack_SFX",,"Meteor_Golem_attack","Meteor_Golem_Hit_SFX","FALSE","FALSE","TRUE",,,"Meteor_Golem_die",,"MeteoriteGolemSmall",,"TRUE",,,0,"TombStone",,,,,,,"TRUE",,,,"TRUE",,,,,,,,,,,,,,,,,,,,,,,,,,,,,,,,,,,,,,,,,,,,,,,-50,,,,,,,,,,1500,1500,,"TRUE",,,,,,,,,,,,,,,,,,,,,,,,,,,,,,,,,,,,,,,,,,,,,,,,,,,,,,,,,,,,,,,,,,,,,,,,,,,"TRUE",,,,,,,,,,,,,,
,,2,,,,,,,,7250,,,,,,,,200,,,,,,,,,,,,,,,,,,,,,,,,,,,,"MeteoriteGolemSmallLvl2",,,,,,,,,,,,,,,,,,,,,,,,,,,,,,,,,,,,,,,,,,,,,,,,,,,,,,,,,,,,,,,,,,,,,,,,,,,,,,,,,,,,,,,,,,,,,,,,,,,,,,,,,,,,,,,,,,,,,,,,,,,,,,,,,,,,,,,,,,,,,,,,,,,,,,,,,,,,,,,,,,,,,,
,,3,,,,,,,,8000,,,,,,,,220,,,,,,,,,,,,,,,,,,,,,,,,,,,,"MeteoriteGolemSmallLvl3",,,,,,,,,,,,,,,,,,,,,,,,,,,,,,,,,,,,,,,,,,,,,,,,,,,,,,,,,,,,,,,,,,,,,,,,,,,,,,,,,,,,,,,,,,,,,,,,,,,,,,,,,,,,,,,,,,,,,,,,,,,,,,,,,,,,,,,,,,,,,,,,,,,,,,,,,,,,,,,,,,,,,,
"Minion",4000010,1,,"TID_GARGOYLE","TID_CHARACTER_INFO_MINION",2,1,1,400,58,6,,"DarkElixir",1000,225,1000,,38,1,,,,"sc/ui.sc","icon_unit_gargoyle","unit_flyingF_big","sc/info_minion.sc",,"gargoyle_projectile",,,,,"Gargoyle Deploy",,"Gargoyle Attack",,"Gargoyle Hit",,"TRUE","TRUE","TRUE",,,"Gargoyle Die",,"Gargoyle_lvl1","Dark Barracks","FALSE",,,100,"DarkTombStone",,,,,,,,,,,,,,,,,,,,,,,,,,,,,,,,,,,1500,,,,,,,,,,,,,,,,,,,,,,,60,,,,,,,,,,150,100,,"TRUE",,,,,,,,,,,,,,,,,,,,,,,,,,,,,,,,,,,,,,,,,,,,,,,,,,,,,,,,,,,,,,,,,,,,,,,,,,,,"TroopMinion",,,,,,,,,,,,,
,,2,,,,,,5,,63,8,,,2500,,,,41,,,,,,,,,,,,,,,,,,,,,,,,,,,,"Gargoyle_lvl1",,,,,,,,,,,,,,,,,,,,,,,,,,,,,,,,,,,,,,,,,1600,,,,,,,,,,,,,,,,,,,,,,,,,,,,,,,,,,,,,,,,,,,,,,,,,,,,,,,,,,,,,,,,,,,,,,,,,,,,,,,,,,,,,,,,,,,,,,,,,,,,,,,,,,,,,,,,,,,,,,,,,,,,,
,,3,,,,,,6,,68,12,,,5000,,,,44,,,,,,,,,,,,,,,,,,,,,,,,,,,,"Gargoyle_lvl2",,,,,,,,,,,,,,,,,,,,,,,,,,,,,,,,,,,,,,,,,1700,,,,,,,,,,,,,,,,,,,,,,,,,,,,,,,,,,,,,,,,,,,,,,,,,,,,,,,,,,,,,,,,,,,,,,,,,,,,,,,,,,,,,,,,,,,,,,,,,,,,,,,,,,,,,,,,,,,,,,,,,,,,,
,,4,,,,,,6,,73,24,,,10000,,,,47,,,,,,,,,,,,,,,,,,,,,,,,,,,,"Gargoyle_lvl2",,,,,,,,,,,,,,,,,,,,,,,,,,,,,,,,,,,,,,,,,1800,,,,,,,,,,,,,,,,,,,,,,,,,,,,,,,,,,,,,,,,,,,,,,,,,,,,,,,,,,,,,,,,,,,,,,,,,,,,,,,,,,,,,,,,,,,,,,,,,,,,,,,,,,,,,,,,,,,,,,,,,,,,,
,,5,,,,,,7,,78,36,,,15000,,,,50,,,,,,,,,,,,,,,,,,,,,,,,,,,,"Gargoyle_lvl3",,,,,,,,,,,,,,,,,,,,,,,,,,,,,,,,,,,,,,,,,1900,,,,,,,,,,,,,,,,,,,,,,,,,,,,,,,,,,,,,,,,,,,,,,,,,,,,,,,,,,,,,,,,,,,,,,,,,,,,,,,,,,,,,,,,,,,,,,,,,,,,,,,,,,,,,,,,,,,,,,,,,,,,,
,,6,,,,,,8,,84,42,,,31500,,,,54,,,,,,,,,,,,,,,,,,,,,,,,,,,,"Gargoyle_lvl4",,,,,,,,,,,,,,,,,,,,,,,,,,,,,,,,,,,,,,,,,2000,,,,,,,,,,,,,,,,,,,,,,,,,,,,,,,,,,,,,,,,,,,,,,,,,,,,,,,,,,,,,,,,,,,,,,,,,,,,,,,,,,,,,,,,,,,,,,,,,,,,,,,,,,,,,,,,,,,,,,,,,,,,,
,,7,,,,,,9,,90,48,,,47500,,,,58,,,,,,,,,,,,,,,,,,,,,,,,,,,,"Gargoyle_lvl5",,,,,,,,,,,,,,,,,,,,,,,,,,,,,,,,,,,,,,,,,3000,,,,,,,,,,,,,,,,,,,,,,,,,,,,,,,,,,,,,,,,,,,,,,,,,,,,,,,,,,,,,,,,,,,,,,,,,,,,,,,,,,,,,,,,,,,,,,,,,,,,,,,,,,,,,,,,,,,,,,,,,,,,,
,,8,,,,,,10,,96,72,,,75000,,,,62,,,,,,,,,,,,,,,,,,,,,,,,,,,,"Gargoyle_lvl5",,,,,,,,,,,,,,,,,,,,,,,,,,,,,,,,,,,,,,,,,4000,,,,,,,,,,,,,,,,,,,,,,,,,,,,,,,,,,,,,,,,,,,,,,,,,,,,,,,,,,,,,,,,,,,,,,,,,,,,,,,,,,,,,,,,,,,,,,,,,,,,,,,,,,,,,,,,,,,,,,,,,,,,,
,,9,,,,,,11,,102,96,,,100000,,,,66,,,,,,,,,,,,,,,,,,,,,,,,,,,,"Gargoyle_lvl6",,,,,,,,,,,,,,,,,,,,,,,,,,,,,,,,,,,,,,,,,5000,,,,,,,,,,,,,,,,,,,,,,,,,,,,,,,,,,,,,,,,,,,,,,,,,,,,,,,,,,,,,,,,,,,,,,,,,,,,,,,,,,,,,,,,,,,,,,,,,,,,,,,,,,,,,,,,,,,,,,,,,,,,,
,,10,,,,,,12,,108,108,,,115000,,,,70,,,,,,,,,,,,,,,,,,,,,,,,,,,,"Gargoyle_lvl7",,,,,,,,,,,,,,,,,,,,,,,,,,,,,,,,,,,,,,,,,6000,,,,,,,,,,,,,,,,,,,,,,,,,,,,,,,,,,,,,,,,,,,,,,,,,,,,,,,,,,,,,,,,,,,,,,,,,,,,,,,,,,,,,,,,,,,,,,,,,,,,,,,,,,,,,,,,,,,,,,,,,,,,,
,,11,,,,,,13,,114,120,,,160000,,,,74,,,,,,,,,,,,,,,,,,,,,,,,,,,,"Gargoyle_lvl8",,,,,,,,,,,,,,,,,,,,,,,,,,,,,,,,,,,,,,,,,7000,,,,,,,,,,,,,,,,,,,,,,,,,,,,,,,,,,,,,,,,,,,,,,,,,,,,,,,,,,,,,,,,,,,,,,,,,,,,,,,,,,,,,,,,,,,,,,,,,,,,,,,,,,,,,,,,,,,,,,,,,,,,,
,,12,,,,,,14,,120,216,,,220000,,,,78,,,,,,,,,,,,,,,,,,,,,,,,,,,,"Gargoyle_lvl9",,,,,,,,,,,,,,,,,,,,,,,,,,,,,,,,,,,,,,,,,8000,,,,,,,,,,,,,,,,,,,,,,,,,,,,,,,,,,,,,,,,,,,,,,,,,,,,,,,,,,,,,,,,,,,,,,,,,,,,,,,,,,,,,,,,,,,,,,,,,,,,,,,,,,,,,,,,,,,,,,,,,,,,,
,,13,,,,,,15,,130,336,,,335000,,,,84,,,,,,,,,,,,,,,,,,,,,,,,,,,,"Gargoyle_lvl10",,,,,,,,,,,,,,,,,,,,,,,,,,,,,,,,,,,,,,,,,9000,,,,,,,,,,,,,,,,,,,,,,,,,,,,,,,,,,,,,,,,,,,,,,,,,,,,,,,,,,,,,,,,,,,,,,,,,,,,,,,,,,,,,,,,,,,,,,,,,,,,,,,,,,,,,,,,,,,,,,,,,,,,,
,,14,,,,,,16,,140,,,,,,,,92,,,,,,,,,,,,,,,,,,,,,,,,,,,,"Gargoyle_lvl14",,,,,,,,,,,,,,,,,,,,,,,,,,,,,,,,,,,,,,,,,10000,,,,,,,,,,,,,,,,,,,,,,,,,,,,,,,,,,,,,,,,,,,,,,,,,,,,,,,,,,,,,,,,,,,,,,,,,,,,,,,,,,,,,,,,,,,,,,,,,,,,,,,,,,,,,,,,,,,,,,,,,,,,,
"Hog Rider",4000011,1,,"TID_BOARRIDER","TID_CHARACTER_INFO_RIDER",5,2,1,300,270,10,,"DarkElixir",2000,60,1000,,60,1,,,,"sc/ui.sc","icon_unit_boarRider","unit_boarRider_big","sc/info_hogrider.sc",,,,,"Defense",,"BoarRider Deploy",,"BoarRider Attack",,"BoarRider Hit",,"FALSE","FALSE","TRUE",,,"BoarRider Die",,"BoarRider_lvl1","Dark Barracks","TRUE",,,0,"DarkTombStone",,,,,,,,,,,,,,,,,,,,,,,,,,,,,,,,,,,1800,,,,,,,,,,,,,,,,,,,,,,,-50,,,,,,,,,,600,500,,"TRUE",,,,,,,,,,,,,,,,,,,,,,,,,,,,,,,,,,,,,,,,,,,,,,,,,,,,,,,,,,,,,,,,,,,,,,,,,,,,"TroopDefenseGround",,,,,,,,,,,,,
,,2,,,,,,5,,312,18,,,3500,,,,70,,,,,,,,,,,,,,,,,,,,,,,,,,,,"BoarRider_lvl1",,,,,,,,,,,,,,,,,,,,,,,,,,,,,,,,,,,,,,,,,2000,,,,,,,,,,,,,,,,,,,,,,,,,,,,,,,,,,,,,,,,,,,,,,,,,,,,,,,,,,,,,,,,,,,,,,,,,,,,,,,,,,,,,,,,,,,,,,,,,,,,,,,,,,,,,,,,,,,,,,,,,,,,,
,,3,,,,,,6,,370,24,,,5000,,,,80,,,,,,,,,,,,,,,,,,,,,,,,,,,,"BoarRider_lvl2",,,,,,,,,,,,,,,,,,,,,,,,,,,,,,,,,,,,,,,,,2100,,,,,,,,,,,,,,,,,,,,,,,,,,,,,,,,,,,,,,,,,,,,,,,,,,,,,,,,,,,,,,,,,,,,,,,,,,,,,,,,,,,,,,,,,,,,,,,,,,,,,,,,,,,,,,,,,,,,,,,,,,,,,
,,4,,,,,,6,,430,48,,,10000,,,,92,,,,,,,,,,,,,,,,,,,,,,,,,,,,"BoarRider_lvl2",,,,,,,,,,,,,,,,,,,,,,,,,,,,,,,,,,,,,,,,,2200,,,,,,,,,,,,,,,,,,,,,,,,,,,,,,,,,,,,,,,,,,,,,,,,,,,,,,,,,,,,,,,,,,,,,,,,,,,,,,,,,,,,,,,,,,,,,,,,,,,,,,,,,,,,,,,,,,,,,,,,,,,,,
,,5,,,,,,7,,500,54,,,18500,,,,105,,,,,,,,,,,,,,,,,,,,,,,,,,,,"BoarRider_lvl3",,,,,,,,,,,,,,,,,,,,,,,,,,,,,,,,,,,,,,,,,3000,,,,,,,,,,,,,,,,,,,,,,,,,,,,,,,,,,,,,,,,,,,,,,,,,,,,,,,,,,,,,,,,,,,,,,,,,,,,,,,,,,,,,,,,,,,,,,,,,,,,,,,,,,,,,,,,,,,,,,,,,,,,,
,,6,,,,,,8,,590,60,,,35000,,,,118,,,,,,,,,,,,,,,,,,,,,,,,,,,,"BoarRider_lvl4",,,,,,,,,,,,,,,,,,,,,,,,,,,,,,,,,,,,,,,,,4000,,,,,,,,,,,,,,,,,,,,,,,,,,,,,,,,,,,,,,,,,,,,,,,,,,,,,,,,,,,,,,,,,,,,,,,,,,,,,,,,,,,,,,,,,,,,,,,,,,,,,,,,,,,,,,,,,,,,,,,,,,,,,
,,7,,,,,,9,,700,72,,,47500,,,,140,,,,,,,,,,,,,,,,,,,,,,,,,,,,"BoarRider_lvl5",,,,,,,,,,,,,,,,,,,,,,,,,,,,,,,,,,,,,,,,,5000,,,,,,,,,,,,,,,,,,,,,,,,,,,,,,,,,,,,,,,,,,,,,,,,,,,,,,,,,,,,,,,,,,,,,,,,,,,,,,,,,,,,,,,,,,,,,,,,,,,,,,,,,,,,,,,,,,,,,,,,,,,,,
,,8,,,,,,10,,810,84,,,50000,,,,155,,,,,,,,,,,,,,,,,,,,,,,,,,,,"BoarRider_lvl6",,,,,,,,,,,,,,,,,,,,,,,,,,,,,,,,,,,,,,,,,5500,,,,,,,,,,,,,,,,,,,,,,,,,,,,,,,,,,,,,,,,,,,,,,,,,,,,,,,,,,,,,,,,,,,,,,,,,,,,,,,,,,,,,,,,,,,,,,,,,,,,,,,,,,,,,,,,,,,,,,,,,,,,,
,,9,,,,,,10,,890,96,,,85000,,,,165,,,,,,,,,,,,,,,,,,,,,,,,,,,,"BoarRider_lvl7",,,,,,,,,,,,,,,,,,,,,,,,,,,,,,,,,,,,,,,,,6000,,,,,,,,,,,,,,,,,,,,,,,,,,,,,,,,,,,,,,,,,,,,,,,,,,,,,,,,,,,,,,,,,,,,,,,,,,,,,,,,,,,,,,,,,,,,,,,,,,,,,,,,,,,,,,,,,,,,,,,,,,,,,
,,10,,,,,,11,,970,120,,,107500,,,,176,,,,,,,,,,,,,,,,,,,,,,,,,,,,"BoarRider_lvl8",,,,,,,,,,,,,,,,,,,,,,,,,,,,,,,,,,,,,,,,,7000,,,,,,,,,,,,,,,,,,,,,,,,,,,,,,,,,,,,,,,,,,,,,,,,,,,,,,,,,,,,,,,,,,,,,,,,,,,,,,,,,,,,,,,,,,,,,,,,,,,,,,,,,,,,,,,,,,,,,,,,,,,,,
,,11,,,,,,12,,1080,132,,,125000,,,,187,,,,,,,,,,,,,,,,,,,,,,,,,,,,"BoarRider_lvl9",,,,,,,,,,,,,,,,,,,,,,,,,,,,,,,,,,,,,,,,,8000,,,,,,,,,,,,,,,,,,,,,,,,,,,,,,,,,,,,,,,,,,,,,,,,,,,,,,,,,,,,,,,,,,,,,,,,,,,,,,,,,,,,,,,,,,,,,,,,,,,,,,,,,,,,,,,,,,,,,,,,,,,,,
,,12,,,,,,13,,1230,156,,,175000,,,,200,,,,,,,,,,,,,,,,,,,,,,,,,,,,"BoarRider_lvl10",,,,,,,,,,,,,,,,,,,,,,,,,,,,,,,,,,,,,,,,,9000,,,,,,,,,,,,,,,,,,,,,,,,,,,,,,,,,,,,,,,,,,,,,,,,,,,,,,,,,,,,,,,,,,,,,,,,,,,,,,,,,,,,,,,,,,,,,,,,,,,,,,,,,,,,,,,,,,,,,,,,,,,,,
,,13,,,,,,14,,1380,240,,,240000,,,,213,,,,,,,,,,,,,,,,,,,,,,,,,,,,"BoarRider_lvl11",,,,,,,,,,,,,,,,,,,,,,,,,,,,,,,,,,,,,,,,,10000,,,,,,,,,,,,,,,,,,,,,,,,,,,,,,,,,,,,,,,,,,,,,,,,,,,,,,,,,,,,,,,,,,,,,,,,,,,,,,,,,,,,,,,,,,,,,,,,,,,,,,,,,,,,,,,,,,,,,,,,,,,,,
,,14,,,,,,15,,1500,348,,,340000,,,,225,,,,,,,,,,,,,,,,,,,,,,,,,,,,"BoarRider_lvl14",,,,,,,,,,,,,,,,,,,,,,,,,,,,,,,,,,,,,,,,,11000,,,,,,,,,,,,,,,,,,,,,,,,,,,,,,,,,,,,,,,,,,,,,,,,,,,,,,,,,,,,,,,,,,,,,,,,,,,,,,,,,,,,,,,,,,,,,,,,,,,,,,,,,,,,,,,,,,,,,,,,,,,,,
,,15,,,,,,16,,1750,,,,,,,,250,,,,,,,,,,,,,,,,,,,,,,,,,,,,"BoarRider_lvl15",,,,,,,,,,,,,,,,,,,,,,,,,,,,,,,,,,,,,,,,,12000,,,,,,,,,,,,,,,,,,,,,,,,,,,,,,,,,,,,,,,,,,,,,,,,,,,,,,,,,,,,,,,,,,,,,,,,,,,,,,,,,,,,,,,,,,,,,,,,,,,,,,,,,,,,,,,,,,,,,,,,,,,,,
"Valkyrie",4000012,1,,"TID_WARRIORGIRL","TID_CHARACTER_INFO_VALKYRIE",8,3,1,300,750,8,,"DarkElixir",3000,50,1800,,94,1,100,,"TRUE","sc/ui.sc","icon_unit_warriorGirl","unit_warriorGirl_big","sc/info_valkyrie.sc",,,,,,,"WarriorGirl Deploy",,"WarriorGirl Attack",,"WarriorGirl Hit",,"FALSE","FALSE","TRUE",,,"WarriorGirl Die",,"WarriorGirl_lvl1","Dark Barracks","FALSE",,,0,"DarkTombStone",,,,,,,,,,,,,,,,,,,,,,,,,,,,,,,,,,,1800,,,,,,,,,,,"TRUE",,,,,,,,,,,,-50,,,,,,,,,,600,500,600,"TRUE",,,,,,,,,,,,,,,,,,,,,,,,,,,,,,,,,,,,,,,,,,,,,,,,,,,,,,,,,,,,,,,,,,,,,,,,,,,,"TroopGroundAny2",,,,,,,,,,,,,
,,2,,,,,,6,,850,24,,,5000,,,,106,,,,,,,,,,,,,,,,,"WarriorGirl Attack",,,,,,,,,,,"WarriorGirl_lvl1",,,,,,,,,,,,,,,,,,,,,,,,,,,,,,,,,,,,,,,,,2000,,,,,,,,,,,,,,,,,,,,,,,,,,,,,,,,,,,,,,,,,,,,,,,,,,,,,,,,,,,,,,,,,,,,,,,,,,,,,,,,,,,,,,,,,,,,,,,,,,,,,,,,,,,,,,,,,,,,,,,,,,,,,
,,3,,,,,,7,,950,36,,,10000,,,,119,,,,,,,,,,,,,,,,,"WarriorGirl Attack2",,,,,,,,,,,"WarriorGirl_lvl2",,,,,,,,,,,,,,,,,,,,,,,,,,,,,,,,,,,,,,,,,2500,,,,,,,,,,,,,,,,,,,,,,,,,,,,,,,,,,,,,,,,,,,,,,,,,,,,,,,,,,,,,,,,,,,,,,,,,,,,,,,,,,,,,,,,,,,,,,,,,,,,,,,,,,,,,,,,,,,,,,,,,,,,,
,,4,,,,,,7,,1050,42,,,16000,,,,133,,,,,,,,,,,,,,,,,"WarriorGirl Attack2",,,,,,,,,,,"WarriorGirl_lvl2",,,,,,,,,,,,,,,,,,,,,,,,,,,,,,,,,,,,,,,,,3000,,,,,,,,,,,,,,,,,,,,,,,,,,,,,,,,,,,,,,,,,,,,,,,,,,,,,,,,,,,,,,,,,,,,,,,,,,,,,,,,,,,,,,,,,,,,,,,,,,,,,,,,,,,,,,,,,,,,,,,,,,,,,
,,5,,,,,,8,,1300,48,,,31500,,,,148,,,,,,,,,,,,,,,,,"WarriorGirl Attack2",,,,,,,,,,,"WarriorGirl_lvl3",,,,,,,,,,,,,,,,,,,,,,,,,,,,,,,,,,,,,,,,,4000,,,,,,,,,,,,,,,,,,,,,,,,,,,,,,,,,,,,,,,,,,,,,,,,,,,,,,,,,,,,,,,,,,,,,,,,,,,,,,,,,,,,,,,,,,,,,,,,,,,,,,,,,,,,,,,,,,,,,,,,,,,,,
,,6,,,,,,9,,1500,54,,,55000,,,,167,,,,,,,,,,,,,,,,,"WarriorGirl Attack2",,,,,,,,,,,"WarriorGirl_lvl4",,,,,,,,,,,,,,,,,,,,,,,,,,,,,,,,,,,,,,,,,5000,,,,,,,,,,,,,,,,,,,,,,,,,,,,,,,,,,,,,,,,,,,,,,,,,,,,,,,,,,,,,,,,,,,,,,,,,,,,,,,,,,,,,,,,,,,,,,,,,,,,,,,,,,,,,,,,,,,,,,,,,,,,,
,,7,,,,,,10,,1650,72,,,77500,,,,185,,,,,,,,,,,,,,,,,"WarriorGirl Attack2",,,,,,,,,,,"WarriorGirl_lvl4",,,,,,,,,,,,,,,,,,,,,,,,,,,,,,,,,,,,,,,,,6000,,,,,,,,,,,,,,,,,,,,,,,,,,,,,,,,,,,,,,,,,,,,,,,,,,,,,,,,,,,,,,,,,,,,,,,,,,,,,,,,,,,,,,,,,,,,,,,,,,,,,,,,,,,,,,,,,,,,,,,,,,,,,
,,8,,,,,,11,,1800,108,,,105000,,,,196,,,,,,,,,,,,,,,,,"WarriorGirl Attack2",,,,,,,,,,,"WarriorGirl_lvl5",,,,,,,,,,,,,,,,,,,,,,,,,,,,,,,,,,,,,,,,,7000,,,,,,,,,,,,,,,,,,,,,,,,,,,,,,,,,,,,,,,,,,,,,,,,,,,,,,,,,,,,,,,,,,,,,,,,,,,,,,,,,,,,,,,,,,,,,,,,,,,,,,,,,,,,,,,,,,,,,,,,,,,,,
,,9,,,,,,12,,2000,120,,,120000,,,,208,,,,,,,,,,,,,,,,,"WarriorGirl Attack2",,,,,,,,,,,"WarriorGirl_lvl6",,,,,,,,,,,,,,,,,,,,,,,,,,,,,,,,,,,,,,,,,8000,,,,,,,,,,,,,,,,,,,,,,,,,,,,,,,,,,,,,,,,,,,,,,,,,,,,,,,,,,,,,,,,,,,,,,,,,,,,,,,,,,,,,,,,,,,,,,,,,,,,,,,,,,,,,,,,,,,,,,,,,,,,,
,,10,,,,,,13,,2400,144,,,170000,,,,223,,,,,,,,,,,,,,,,,"WarriorGirl Attack2",,,,,,,,,,,"WarriorGirl_lvl7",,,,,,,,,,,,,,,,,,,,,,,,,,,,,,,,,,,,,,,,,9000,,,,,,,,,,,,,,,,,,,,,,,,,,,,,,,,,,,,,,,,,,,,,,,,,,,,,,,,,,,,,,,,,,,,,,,,,,,,,,,,,,,,,,,,,,,,,,,,,,,,,,,,,,,,,,,,,,,,,,,,,,,,,
,,11,,,,,,14,,2600,336,,,340000,,,,238,,,,,,,,,,,,,,,,,"WarriorGirl Attack2",,,,,,,,,,,"WarriorGirl_lvl11",,,,,,,,,,,,,,,,,,,,,,,,,,,,,,,,,,,,,,,,,10000,,,,,,,,,,,,,,,,,,,,,,,,,,,,,,,,,,,,,,,,,,,,,,,,,,,,,,,,,,,,,,,,,,,,,,,,,,,,,,,,,,,,,,,,,,,,,,,,,,,,,,,,,,,,,,,,,,,,,,,,,,,,,
,,12,,,,,,15,,2900,,,,,,,,255,,,,,,,,,,,,,,,,,"WarriorGirl Attack2",,,,,,,,,,,"WarriorGirl_lvl12",,,,,,,,,,,,,,,,,,,,,,,,,,,,,,,,,,,,,,,,,11000,,,,,,,,,,,,,,,,,,,,,,,,,,,,,,,,,,,,,,,,,,,,,,,,,,,,,,,,,,,,,,,,,,,,,,,,,,,,,,,,,,,,,,,,,,,,,,,,,,,,,,,,,,,,,,,,,,,,,,,,,,,,,
"Golem",4000013,1,,"TID_GOLEM","TID_CHARACTER_INFO_GOLEM",30,4,1,150,5100,16,,"DarkElixir",4000,100,2400,,35,1,,,,"sc/ui.sc","icon_unit_golem","unit_golem_big","sc/info_golem.sc",,,,,"Defense",,"Golem Deploy",,"Golem Attack",,"Golem Hit",,"FALSE","FALSE","TRUE",,,"Golem_split",,"Golem_lvl1","Dark Barracks","FALSE",,,0,"DarkTombStone",350,150,,0,,,,,"Golemite",,,2,150,,,,,,,,,,,,,,,,,,,,,,1800,,,,,,,,,,,,,,,,,,,,,,,-50,,,,,,,,,,1000,3000,,"TRUE",,,,,,,,,,,,,,,,,,,,,,,,,,,,,,,,,,,,,,,,,,,,,,,,,,,,,,,,,,5,,,,,,,,,,,,,,,,,,"TroopGolem",,,,,,,,,,,,,
,,2,,,,,,6,,5400,36,,,6000,,,,40,,,,,,,,,,,,,,,,,,,,,,,,,,,,"Golem_lvl1",,,,,,,400,,,,,,,,,,,2,,,,,,,,,,,,,,,,,,,,,,,2000,,,,,,,,,,,,,,,,,,,,,,,,,,,,,,,,,,,,,,,,,,,,,,,,,,,,,,,,,,,,,,,,,,,,,,,,,,,,,,,,,,,,,,,,,,,,,,,,,,,,,,,,,,,,,,,,,,,,,,,,,,,,,
,,3,,,,,,7,,5700,48,,,10000,,,,45,,,,,,,,,,,,,,,,,,,,,,,,,,,,"Golem_lvl2",,,,,,,450,,,,,,,,,,,2,,,,,,,,,,,,,,,,,,,,,,,2200,,,,,,,,,,,,,,,,,,,,,,,,,,,,,,,,,,,,,,,,,,,,,,,,,,,,,,,,,,,,,,,,,,,,,,,,,,,,,,,,,,,,,,,,,,,,,,,,,,,,,,,,,,,,,,,,,,,,,,,,,,,,,
,,4,,,,,,7,,6000,54,,,18500,,,,50,,,,,,,,,,,,,,,,,,,,,,,,,,,,"Golem_lvl2",,,,,,,500,,,,,,,,,,,2,,,,,,,,,,,,,,,,,,,,,,,2500,,,,,,,,,,,,,,,,,,,,,,,,,,,,,,,,,,,,,,,,,,,,,,,,,,,,,,,,,,,,,,,,,,,,,,,,,,,,,,,,,,,,,,,,,,,,,,,,,,,,,,,,,,,,,,,,,,,,,,,,,,,,,
,,5,,,,,,8,,6300,60,,,26500,,,,55,,,,,,,,,,,,,,,,,,,,,,,,,,,,"Golem_lvl3",,,,,,,550,,,,,,,,,,,2,,,,,,,,,,,,,,,,,,,,,,,3000,,,,,,,,,,,,,,,,,,,,,,,,,,,,,,,,,,,,,,,,,,,,,,,,,,,,,,,,,,,,,,,,,,,,,,,,,,,,,,,,,,,,,,,,,,,,,,,,,,,,,,,,,,,,,,,,,,,,,,,,,,,,,
,,6,,,,,,9,,6600,66,,,38500,,,,60,,,,,,,,,,,,,,,,,,,,,,,,,,,,"Golem_lvl4",,,,,,,600,,,,,,,,,,,2,,,,,,,,,,,,,,,,,,,,,,,3500,,,,,,,,,,,,,,,,,,,,,,,,,,,,,,,,,,,,,,,,,,,,,,,,,,,,,,,,,,,,,,,,,,,,,,,,,,,,,,,,,,,,,,,,,,,,,,,,,,,,,,,,,,,,,,,,,,,,,,,,,,,,,
,,7,,,,,,9,,7000,72,,,50000,,,,65,,,,,,,,,,,,,,,,,,,,,,,,,,,,"Golem_lvl5",,,,,,,650,,,,,,,,,,,2,,,,,,,,,,,,,,,,,,,,,,,4000,,,,,,,,,,,,,,,,,,,,,,,,,,,,,,,,,,,,,,,,,,,,,,,,,,,,,,,,,,,,,,,,,,,,,,,,,,,,,,,,,,,,,,,,,,,,,,,,,,,,,,,,,,,,,,,,,,,,,,,,,,,,,
,,8,,,,,,10,,7500,84,,,62500,,,,70,,,,,,,,,,,,,,,,,,,,,,,,,,,,"Golem_lvl6",,,,,,,700,,,,,,,,,,,3,,,,,,,,,,,,,,,,,,,,,,,4500,,,,,,,,,,,,,,,,,,,,,,,,,,,,,,,,,,,,,,,,,,,,,,,,,,,,,,,,,,,,,,,,,,,,,,,,,,,,,,,,,,,,,,,,,,,,,,,,,,,,,,,,,,,,,,,,,,,,,,,,,,,,,
,,9,,,,,,10,,7900,96,,,80000,,,,75,,,,,,,,,,,,,,,,,,,,,,,,,,,,"Golem_lvl7",,,,,,,750,,,,,,,,,,,3,,,,,,,,,,,,,,,,,,,,,,,5000,,,,,,,,,,,,,,,,,,,,,,,,,,,,,,,,,,,,,,,,,,,,,,,,,,,,,,,,,,,,,,,,,,,,,,,,,,,,,,,,,,,,,,,,,,,,,,,,,,,,,,,,,,,,,,,,,,,,,,,,,,,,,
,,10,,,,,,11,,8200,120,,,105000,,,,80,,,,,,,,,,,,,,,,,,,,,,,,,,,,"Golem_lvl8",,,,,,,800,,,,,,,,,,,3,,,,,,,,,,,,,,,,,,,,,,,6000,,,,,,,,,,,,,,,,,,,,,,,,,,,,,,,,,,,,,,,,,,,,,,,,,,,,,,,,,,,,,,,,,,,,,,,,,,,,,,,,,,,,,,,,,,,,,,,,,,,,,,,,,,,,,,,,,,,,,,,,,,,,,
,,11,,,,,,12,,8500,132,,,122500,,,,85,,,,,,,,,,,,,,,,,,,,,,,,,,,,"Golem_lvl9",,,,,,,850,,,,,,,,,,,3,,,,,,,,,,,,,,,,,,,,,,,7000,,,,,,,,,,,,,,,,,,,,,,,,,,,,,,,,,,,,,,,,,,,,,,,,,,,,,,,,,,,,,,,,,,,,,,,,,,,,,,,,,,,,,,,,,,,,,,,,,,,,,,,,,,,,,,,,,,,,,,,,,,,,,
,,12,,,,,,13,,8800,144,,,175000,,,,90,,,,,,,,,,,,,,,,,,,,,,,,,,,,"Golem_lvl10",,,,,,,900,,,,,,,,,,,3,,,,,,,,,,,,,,,,,,,,,,,8000,,,,,,,,,,,,,,,,,,,,,,,,,,,,,,,,,,,,,,,,,,,,,,,,,,,,,,,,,,,,,,,,,,,,,,,,,,,,,,,,,,,,,,,,,,,,,,,,,,,,,,,,,,,,,,,,,,,,,,,,,,,,,
,,13,,,,,,14,,9200,240,,,230000,,,,95,,,,,,,,,,,,,,,,,,,,,,,,,,,,"Golem_lvl13",,,,,,,950,,,,,,,,,,,4,,,,,,,,,,,,,,,,,,,,,,,9000,,,,,,,,,,,,,,,,,,,,,,,,,,,,,,,,,,,,,,,,,,,,,,,,,,,,,,,,,,,,,,,,,,,,,,,,,,,,,,,,,,,,,,,,,,,,,,,,,,,,,,,,,,,,,,,,,,,,,,,,,,,,,
,,14,,,,,,15,,9600,348,,,350000,,,,100,,,,,,,,,,,,,,,,,,,,,,,,,,,,"Golem_lvl14",,,,,,,1000,,,,,,,,,,,4,,,,,,,,,,,,,,,,,,,,,,,10000,,,,,,,,,,,,,,,,,,,,,,,,,,,,,,,,,,,,,,,,,,,,,,,,,,,,,,,,,,,,,,,,,,,,,,,,,,,,,,,,,,,,,,,,,,,,,,,,,,,,,,,,,,,,,,,,,,,,,,,,,,,,,
,,15,,,,,,16,,10600,,,,,,,,120,,,,,,,,,,,,,,,,,,,,,,,,,,,,"Golem_lvl15",,,,,,,1050,,,,,,,,,,,4,,,,,,,,,,,,,,,,,,,,,,,11000,,,,,,,,,,,,,,,,,,,,,,,,,,,,,,,,,,,,,,,,,,,,,,,,,,,,,,,,,,,,,,,,,,,,,,,,,,,,,,,,,,,,,,,,,,,,,,,,,,,,,,,,,,,,,,,,,,,,,,,,,,,,,
"Golemite",4000014,1,,"TID_GOLEM_SEC","TID_CHARACTER_INFO_GOLEM_SEC",6,1,1,150,1020,,,,,50,3000,,7,1,,,,"sc/ui.sc","icon_unit_golem","unit_golem_secondary_big","sc/info_golem.sc",,,,,"Defense",,,,"Small Golem Attack",,"Golem Hit",,"FALSE","FALSE","TRUE",,,"Golem_die",,"GolemSmall_lvl1",,"FALSE",,,0,"DarkTombStone",70,120,,,,,"TRUE",,,,"TRUE",,,,,,,,,,,,,,,,,,,,,,,,,,,,,,,,,,,,,,,,,,,,,,,-50,,,,,,,,,,200,600,,"TRUE",,,,,,,,,,,,,,,,,,,,,,,,,,,,,,,,,,,,,,,,,,,,,,,,,,,,,,,,,,1,,,,,,,,,,,,,,,,,,"SecondaryTroopDefense",,,,,,,,,,,,,
,,2,,,,,,,,1080,,,,,,,,8,,,,,,,,,,,,,,,,,,,,,,,,,,,,"GolemSmall_lvl1",,,,,,,80,,,,,,,,,,,,,,,,,,,,,,,,,,,,,,,,,,,,,,,,,,,,,,,,,,,,,,,,,,,,,,,,,,,,,,,,,,,,,,,,,,,,,,,,,,,,,,,,,,,,,,,,,,,,,,,,,,,,,,,,,,,,,,,,,,,,,,,,,,,,,,,,,,,,,,,,,,,,,,,
,,3,,,,,,,,1140,,,,,,,,9,,,,,,,,,,,,,,,,,,,,,,,,,,,,"GolemSmall_lvl2",,,,,,,90,,,,,,,,,,,,,,,,,,,,,,,,,,,,,,,,,,,,,,,,,,,,,,,,,,,,,,,,,,,,,,,,,,,,,,,,,,,,,,,,,,,,,,,,,,,,,,,,,,,,,,,,,,,,,,,,,,,,,,,,,,,,,,,,,,,,,,,,,,,,,,,,,,,,,,,,,,,,,,,
,,4,,,,,,,,1200,,,,,,,,10,,,,,,,,,,,,,,,,,,,,,,,,,,,,"GolemSmall_lvl2",,,,,,,100,,,,,,,,,,,,,,,,,,,,,,,,,,,,,,,,,,,,,,,,,,,,,,,,,,,,,,,,,,,,,,,,,,,,,,,,,,,,,,,,,,,,,,,,,,,,,,,,,,,,,,,,,,,,,,,,,,,,,,,,,,,,,,,,,,,,,,,,,,,,,,,,,,,,,,,,,,,,,,,
,,5,,,,,,,,1260,,,,,,,,11,,,,,,,,,,,,,,,,,,,,,,,,,,,,"GolemSmall_lvl3",,,,,,,110,,,,,,,,,,,,,,,,,,,,,,,,,,,,,,,,,,,,,,,,,,,,,,,,,,,,,,,,,,,,,,,,,,,,,,,,,,,,,,,,,,,,,,,,,,,,,,,,,,,,,,,,,,,,,,,,,,,,,,,,,,,,,,,,,,,,,,,,,,,,,,,,,,,,,,,,,,,,,,,
,,6,,,,,,,,1320,,,,,,,,12,,,,,,,,,,,,,,,,,,,,,,,,,,,,"GolemSmall_lvl4",,,,,,,120,,,,,,,,,,,,,,,,,,,,,,,,,,,,,,,,,,,,,,,,,,,,,,,,,,,,,,,,,,,,,,,,,,,,,,,,,,,,,,,,,,,,,,,,,,,,,,,,,,,,,,,,,,,,,,,,,,,,,,,,,,,,,,,,,,,,,,,,,,,,,,,,,,,,,,,,,,,,,,,
,,7,,,,,,,,1380,,,,,,,,13,,,,,,,,,,,,,,,,,,,,,,,,,,,,"GolemSmall_lvl5",,,,,,,130,,,,,,,,,,,,,,,,,,,,,,,,,,,,,,,,,,,,,,,,,,,,,,,,,,,,,,,,,,,,,,,,,,,,,,,,,,,,,,,,,,,,,,,,,,,,,,,,,,,,,,,,,,,,,,,,,,,,,,,,,,,,,,,,,,,,,,,,,,,,,,,,,,,,,,,,,,,,,,,
,,8,,,,,,,,1440,,,,,,,,14,,,,,,,,,,,,,,,,,,,,,,,,,,,,"GolemSmall_lvl6",,,,,,,140,,,,,,,,,,,,,,,,,,,,,,,,,,,,,,,,,,,,,,,,,,,,,,,,,,,,,,,,,,,,,,,,,,,,,,,,,,,,,,,,,,,,,,,,,,,,,,,,,,,,,,,,,,,,,,,,,,,,,,,,,,,,,,,,,,,,,,,,,,,,,,,,,,,,,,,,,,,,,,,
,,9,,,,,,,,1500,,,,,,,,15,,,,,,,,,,,,,,,,,,,,,,,,,,,,"GolemSmall_lvl7",,,,,,,150,,,,,,,,,,,,,,,,,,,,,,,,,,,,,,,,,,,,,,,,,,,,,,,,,,,,,,,,,,,,,,,,,,,,,,,,,,,,,,,,,,,,,,,,,,,,,,,,,,,,,,,,,,,,,,,,,,,,,,,,,,,,,,,,,,,,,,,,,,,,,,,,,,,,,,,,,,,,,,,
,,10,,,,,,,,1600,,,,,,,,16,,,,,,,,,,,,,,,,,,,,,,,,,,,,"GolemSmall_lvl8",,,,,,,160,,,,,,,,,,,,,,,,,,,,,,,,,,,,,,,,,,,,,,,,,,,,,,,,,,,,,,,,,,,,,,,,,,,,,,,,,,,,,,,,,,,,,,,,,,,,,,,,,,,,,,,,,,,,,,,,,,,,,,,,,,,,,,,,,,,,,,,,,,,,,,,,,,,,,,,,,,,,,,,
,,11,,,,,,,,1680,,,,,,,,17,,,,,,,,,,,,,,,,,,,,,,,,,,,,"GolemSmall_lvl9",,,,,,,170,,,,,,,,,,,,,,,,,,,,,,,,,,,,,,,,,,,,,,,,,,,,,,,,,,,,,,,,,,,,,,,,,,,,,,,,,,,,,,,,,,,,,,,,,,,,,,,,,,,,,,,,,,,,,,,,,,,,,,,,,,,,,,,,,,,,,,,,,,,,,,,,,,,,,,,,,,,,,,,
,,12,,,,,,,,1760,,,,,,,,18,,,,,,,,,,,,,,,,,,,,,,,,,,,,"GolemSmall_lvl10",,,,,,,180,,,,,,,,,,,,,,,,,,,,,,,,,,,,,,,,,,,,,,,,,,,,,,,,,,,,,,,,,,,,,,,,,,,,,,,,,,,,,,,,,,,,,,,,,,,,,,,,,,,,,,,,,,,,,,,,,,,,,,,,,,,,,,,,,,,,,,,,,,,,,,,,,,,,,,,,,,,,,,,
,,13,,,,,,,,1840,,,,,,,,19,,,,,,,,,,,,,,,,,,,,,,,,,,,,"GolemSmall_lvl13",,,,,,,190,,,,,,,,,,,,,,,,,,,,,,,,,,,,,,,,,,,,,,,,,,,,,,,,,,,,,,,,,,,,,,,,,,,,,,,,,,,,,,,,,,,,,,,,,,,,,,,,,,,,,,,,,,,,,,,,,,,,,,,,,,,,,,,,,,,,,,,,,,,,,,,,,,,,,,,,,,,,,,,
,,14,,,,,,,,1920,,,,,,,,20,,,,,,,,,,,,,,,,,,,,,,,,,,,,"GolemSmall_lvl14",,,,,,,200,,,,,,,,,,,,,,,,,,,,,,,,,,,,,,,,,,,,,,,,,,,,,,,,,,,,,,,,,,,,,,,,,,,,,,,,,,,,,,,,,,,,,,,,,,,,,,,,,,,,,,,,,,,,,,,,,,,,,,,,,,,,,,,,,,,,,,,,,,,,,,,,,,,,,,,,,,,,,,,
,,15,,,,,,,,2040,,,,,,,,22,,,,,,,,,,,,,,,,,,,,,,,,,,,,"GolemSmall_lvl15",,,,,,,210,,,,,,,,,,,,,,,,,,,,,,,,,,,,,,,,,,,,,,,,,,,,,,,,,,,,,,,,,,,,,,,,,,,,,,,,,,,,,,,,,,,,,,,,,,,,,,,,,,,,,,,,,,,,,,,,,,,,,,,,,,,,,,,,,,,,,,,,,,,,,,,,,,,,,,,,,,,,,,,
"Witch",4000015,1,,"TID_WARLOCK","TID_CHARACTER_INFO_WARLOCK",12,5,1,150,300,48,,"DarkElixir",20000,400,700,,100,1,30,,,"sc/ui.sc","icon_unit_witch","unit_witch_big","sc/info_witch.sc",,"Witch_projectile",,,,,"Warlock Deploy",,"Warlock Attack",,"Warlock Hit",,"FALSE","TRUE","TRUE",,,"Warlock Die",,"Necromancer_lvl1","Dark Barracks","FALSE",,,0,"DarkTombStone",,,,,,,,,,,,,150,,,,,,,,,"Skeleton",4,875,7000,"Warlock Summon",6,1,,,,,,,2000,,,,,,,,,,,,,,,,,,,,,,,-50,,,,,,,,,,1200,200,,"TRUE",,,,,,,,,,,,,,,,,,,,,,,,,,,,,,,,,,,,,,,,,,,,,,,,,,,,,,,,,,,,,,,,,,,,,,,,,,,,"TroopGroundAny3",,"HitPoints;DamagePerSecond;MaxSummonedUnitsCount;DamageType;TargetType;MovementSpeed;HousingSpace;UnitsSpawnedLevel;Range",,,,,,,,,,,
,,2,,,,,,7,,320,72,,,29000,,,,110,,,,,,,,,,,,,,,,,,,,,,,,,,,,"Necromancer_lvl1",,,,,,,,,,,,,,,,,,,150,,,,,,,,,,4,875,7000,,8,1,,,,,,,3000,,,,,,,,,,,,,,,,,,,,,,,,,,,,,,,,,,,,,,,,,,,,,,,,,,,,,,,,,,,,,,,,,,,,,,,,,,,,,,,,,,,,,,,,,,,,,,,,,,,,,,,,,,,,,,,,,,,,,,,,,,,,,
,,3,,,,,,8,,400,84,,,45000,,,,140,,,,,,,,,,,,,,,,,,,,,,,,,,,,"Necromancer_lvl2",,,,,,,,,,,,,,,,,,,150,,,,,,,,,,4,875,7000,,10,1,,,,,,,4000,,,,,,,,,,,,,,,,,,,,,,,,,,,,,,,,,,,,,,,,,,,,,,,,,,,,,,,,,,,,,,,,,,,,,,,,,,,,,,,,,,,,,,,,,,,,,,,,,,,,,,,,,,,,,,,,,,,,,,,,,,,,,
,,4,,,,,,9,,470,96,,,62500,,,,165,,,,,,,,,,,,,,,,,,,,,,,,,,,,"Necromancer_lvl2",,,,,,,,,,,,,,,,,,,150,,,,,,,,,,4,875,7000,,12,1,,,,,,,5000,,,,,,,,,,,,,,,,,,,,,,,,,,,,,,,,,,,,,,,,,,,,,,,,,,,,,,,,,,,,,,,,,,,,,,,,,,,,,,,,,,,,,,,,,,,,,,,,,,,,,,,,,,,,,,,,,,,,,,,,,,,,,
,,5,,,,,,10,,520,132,,,150000,,,,185,,,,,,,,,,,,,,,,,,,,,,,,,,,,"Necromancer_lvl3",,,,,,,,,,,,,,,,,,,150,,,,,,,,,,4,875,7000,,14,1,,,,,,,6000,,,,,,,,,,,,,,,,,,,,,,,,,,,,,,,,,,,,,,,,,,,,,,,,,,,,,,,,,,,,,,,,,,,,,,,,,,,,,,,,,,,,,,,,,,,,,,,,,,,,,,,,,,,,,,,,,,,,,,,,,,,,,
,,6,,,,,,13,,540,174,,,180000,,,,200,,,,,,,,,,,,,,,,,,,,,,,,,,,,"Necromancer_lvl4",,,,,,,,,,,,,,,,,,,150,,,,,,,,,,4,875,7000,,15,1,,,,,,,9000,,,,,,,,,,,,,,,,,,,,,,,,,,,,,,,,,,,,,,,,,,,,,,,,,,,,,,,,,,,,,,,,,,,,,,,,,,,,,,,,,,,,,,,,,,,,,,,,,,,,,,,,,,,,,,,,,,,,,,,,,,,,,
,,7,,,,,,14,,560,372,,,355000,,,,220,,,,,,,,,,,,,,,,,,,,,,,,,,,,"Necromancer_lvl7",,,,,,,,,,,,,,,,,,,150,,,,,,,,,,5,875,7000,,16,1,,,,,,,10000,,,,,,,,,,,,,,,,,,,,,,,,,,,,,,,,,,,,,,,,,,,,,,,,,,,,,,,,,,,,,,,,,,,,,,,,,,,,,,,,,,,,,,,,,,,,,,,,,,,,,,,,,,,,,,,,,,,,,,,,,,,,,
,,8,,,,,,16,,650,,,,,,,,260,,,,,,,,,,,,,,,,,,,,,,,,,,,,"Necromancer_lvl8",,,,,,,,,,,,,,,,,,,150,,,,,,,,,,5,875,7000,,16,2,,,,,,,12000,,,,,,,,,,,,,,,,,,,,,,,,,,,,,,,,,,,,,,,,,,,,,,,,,,,,,,,,,,,,,,,,,,,,,,,,,,,,,,,,,,,,,,,,,,,,,,,,,,,,,,,,,,,,,,,,,,,,,,,,,,,,,
"Skeleton",4000016,1,,"TID_SKELETON","TID_CHARACTER_INFO_SKELETON",1,1,1,300,30,,,,,40,1000,,25,1,,,,,,"unit_skeletonwarrior_big","sc/info_witch.sc",,,,,,,"Skeleton Deploy",,"Skeleton Attack",,"Skeleton Hit",,"FALSE","FALSE","TRUE",,,"Skeleton Die",,"Skeleton",,"FALSE",,,0,,,,,,,,"TRUE",,,,"TRUE",,,,,,,,,,,,,,,,,,,,,,500,,,,,,,,,,,,,,,,,,,,,,,,,-50,,,,,,,,,,50,100,,"FALSE",,,,,,,,,,,,,,,,,,,,,,,,,,,,,,,,,,,,,,,,,,,"TRUE",,,,,,,,,,,,,,,0,,,,,,,,,,,,,,,,,,"SecondaryTroop",,,,,,,,,,,,,
,,2,,,,,,,,45,,,,,,,,30,,,,,,,,,,,,,,,,,,,,,,,,,,,,"Skeleton",,,,,,,,,,,,,,,,,,,,,,,,,,,,,,,,,,,,,,,,,,,,,,,,,,,,,,,,,,,,,,,,,,,,,,,,,,,,,,,,,,,,,,,,,,,,,,,,,,,,,,,,,,,,,,,,,,,,,,,,,,,,,,,,,,,,,,,,,,,,,,,,,,,,,,,,,,,,,,,,,,,,,,
"Lava Hound",4000017,1,,"TID_AD_SEEKER","TID_CHARACTER_INFO_AD_SEEKER_WITH_EXPLOSION",30,6,1,250,6100,48,,"DarkElixir",14000,25,2000,,10,1,,,,"sc/ui.sc","icon_unit_tiny","unit_tiny_big","sc/info_tiny.sc",,"hound_projectile",,"Air Defense",,,"Tiny Deploy",,"Tiny Attack",,"Tiny Hit",,"TRUE","FALSE","TRUE",,,"Tiny Die",,"ADSeeker_lvl1","Dark Barracks","FALSE",,,100,"DarkTombStone",100,120,,,,,,,"Lava Pup",,,8,350,,"TRUE",,,,,,,,,,,,,,,,,,,,2000,,,,,,,,,,,,,,,,,,,,,,,100,100,,,,,,,,,950,3000,,"TRUE",,,,,,,,,,,,,,,,,,,,,,,,,,,,,,,,,,,,,,,,,,,,"Defensive Lava Hound",,,,,,,,,,,,,,,,,,,,,,,,,,,,,,,,"TroopLavaHound",,,,,,,,,,,,,
,,2,,,,,,7,,6500,60,,,21500,,,,12,,,,,,,,,,,,,,,,,"Tiny Attack",,,,,,,,,,,"ADSeeker_lvl2",,,,,,,150,,,,,,,,,,,10,,,,,,,,,,,,,,,,,,,,,,,3000,,,,,,,,,,,,,,,,,,,,,,,,,,,,,,,,,,,,,,,,,,,,,,,,,,,,,,,,,,,,,,,,,,,,,,,,,,,,,,,,,,,,,,,,,,,,,,,,,,,,,,,,,,,,,,,,,,,,,,,,,,,,,
,,3,,,,,,8,,6800,72,,,42500,,,,14,,,,,,,,,,,,,,,,,"Tiny Attack",,,,,,,,,,,"ADSeeker_lvl3",,,,,,,200,,,,,,,,,,,12,,,,,,,,,,,,,,,,,,,,,,,4000,,,,,,,,,,,,,,,,,,,,,,,,,,,,,,,,,,,,,,,,,,,,,,,,,,,,,,,,,,,,,,,,,,,,,,,,,,,,,,,,,,,,,,,,,,,,,,,,,,,,,,,,,,,,,,,,,,,,,,,,,,,,,
,,4,,,,,,9,,7200,96,,,60000,,,,16,,,,,,,,,,,,,,,,,"Tiny Attack",,,,,,,,,,,"ADSeeker_lvl4",,,,,,,250,,,,,,,,,,,14,,,,,,,,,,,,,,,,,,,,,,,5000,,,,,,,,,,,,,,,,,,,,,,,,,,,,,,,,,,,,,,,,,,,,,,,,,,,,,,,,,,,,,,,,,,,,,,,,,,,,,,,,,,,,,,,,,,,,,,,,,,,,,,,,,,,,,,,,,,,,,,,,,,,,,
,,5,,,,,,10,,7600,168,,,80000,,,,18,,,,,,,,,,,,,,,,,"Tiny Attack",,,,,,,,,,,"ADSeeker_lvl5",,,,,,,300,,,,,,,,,,,16,,,,,,,,,,,,,,,,,,,,,,,6000,,,,,,,,,,,,,,,,,,,,,,,,,,,,,,,,,,,,,,,,,,,,,,,,,,,,,,,,,,,,,,,,,,,,,,,,,,,,,,,,,,,,,,,,,,,,,,,,,,,,,,,,,,,,,,,,,,,,,,,,,,,,,
,,6,,,,,,11,,8000,192,,,200000,,,,20,,,,,,,,,,,,,,,,,"Tiny Attack",,,,,,,,,,,"ADSeeker_lvl6",,,,,,,350,,,,,,,,,,,18,,,,,,,,,,,,,,,,,,,,,,,7000,,,,,,,,,,,,,,,,,,,,,,,,,,,,,,,,,,,,,,,,,,,,,,,,,,,,,,,,,,,,,,,,,,,,,,,,,,,,,,,,,,,,,,,,,,,,,,,,,,,,,,,,,,,,,,,,,,,,,,,,,,,,,
,,7,,,,,,14,,8500,366,,,345000,,,,22,,,,,,,,,,,,,,,,,"Tiny Attack",,,,,,,,,,,"ADSeeker_lvl7",,,,,,,400,,,,,,,,,,,20,,,,,,,,,,,,,,,,,,,,,,,10000,,,,,,,,,,,,,,,,,,,,,,,,,,,,,,,,,,,,,,,,,,,,,,,,,,,,,,,,,,,,,,,,,,,,,,,,,,,,,,,,,,,,,,,,,,,,,,,,,,,,,,,,,,,,,,,,,,,,,,,,,,,,,
,,8,,,,,,16,,9500,,,,,,,,24,,,,,,,,,,,,,,,,,"Tiny Attack",,,,,,,,,,,"ADSeeker_lvl8",,,,,,,450,,,,,,,,,,,22,,,,,,,,,,,,,,,,,,,,,,,12000,,,,,,,,,,,,,,,,,,,,,,,,,,,,,,,,,,,,,,,,,,,,,,,,,,,,,,,,,,,,,,,,,,,,,,,,,,,,,,,,,,,,,,,,,,,,,,,,,,,,,,,,,,,,,,,,,,,,,,,,,,,,,
"Lava Pup",4000018,1,,"TID_AD_SEEKER_FRAG","TID_CHARACTER_INFO_AD_SEEKER_FRAG",1,1,1,400,50,,,,,225,1000,,35,1,,,,,,"unit_tinymites_big","sc/info_tiny.sc",,"tinyhound_projectile",,,,,,,"Tinymite Attack",,"Tinymite Hit",,"TRUE","TRUE","TRUE",,,"Tinymite Die",,"TinyBaby_lvl1",,"FALSE",,,100,"DarkTombStone",,,,,,,"TRUE",,,,"TRUE",,,,,"TRUE",4,,,,,,,,,,,,,,,,,,,,,,,,,,,,,,,,,,,,,,,,,90,,,,,,,,,,50,100,,"TRUE",,,,,,,,,,,,,,,,,,,,,,,,,,,,,,,,,,,,,,,,,,,,,,,,,,,,,,,,,,,,,,,,,,,,,,,,,,,,"SecondaryTroop",,,,,,,,,,,,,
"Defensive Lava Hound",4000077,1,,"TID_AD_SEEKER","TID_CHARACTER_INFO_AD_SEEKER_WITH_EXPLOSION",30,,,250,6100,,,,,25,2000,,10,1,,,,"sc/ui.sc","icon_unit_tiny","unit_tiny_big","sc/info_tiny.sc",,"hound_projectile",,"Air Defense",,,"Tiny Deploy",,"Tiny Attack",,"Tiny Hit",,"TRUE","FALSE","TRUE",,,"Tiny Die",,"ADSeeker_lvl1",,"FALSE",,,100,"DarkTombStone",100,120,,,,,"TRUE",,"Lava Pup",,,8,350,,"TRUE",,,,,,,,,,,,,,,,,,,,,,,,,,,,,,,,,,,,,,,,,,,100,100,,,,,,,,,950,3000,,"TRUE",,,,,,,,,,,,,,,,,,,,,,,,,,,,,,,,,,,,,,,,,,,,,,,,,,,,,,,,,,,,,,,,,,,,,,,,,,,,"TroopLavaHound",,,,,,,,,,,,,
,,2,,,,,,,,6500,,,,,,,,12,,,,,,,,,,,,,,,,,"Tiny Attack",,,,,,,,,,,"ADSeeker_lvl2",,,,,,,150,,,,,,,,,,,9,,,,,,,,,,,,,,,,,,,,,,,,,,,,,,,,,,,,,,,,,,,,,,,,,,,,,,,,,,,,,,,,,,,,,,,,,,,,,,,,,,,,,,,,,,,,,,,,,,,,,,,,,,,,,,,,,,,,,,,,,,,,,,,,,,,,,,,,,,,,,,,,,,,,
,,3,,,,,,,,6800,,,,,,,,14,,,,,,,,,,,,,,,,,"Tiny Attack",,,,,,,,,,,"ADSeeker_lvl3",,,,,,,200,,,,,,,,,,,10,,,,,,,,,,,,,,,,,,,,,,,,,,,,,,,,,,,,,,,,,,,,,,,,,,,,,,,,,,,,,,,,,,,,,,,,,,,,,,,,,,,,,,,,,,,,,,,,,,,,,,,,,,,,,,,,,,,,,,,,,,,,,,,,,,,,,,,,,,,,,,,,,,,,
,,4,,,,,,,,7200,,,,,,,,16,,,,,,,,,,,,,,,,,"Tiny Attack",,,,,,,,,,,"ADSeeker_lvl4",,,,,,,250,,,,,,,,,,,11,,,,,,,,,,,,,,,,,,,,,,,,,,,,,,,,,,,,,,,,,,,,,,,,,,,,,,,,,,,,,,,,,,,,,,,,,,,,,,,,,,,,,,,,,,,,,,,,,,,,,,,,,,,,,,,,,,,,,,,,,,,,,,,,,,,,,,,,,,,,,,,,,,,,
,,5,,,,,,,,7600,,,,,,,,18,,,,,,,,,,,,,,,,,"Tiny Attack",,,,,,,,,,,"ADSeeker_lvl5",,,,,,,300,,,,,,,,,,,12,,,,,,,,,,,,,,,,,,,,,,,,,,,,,,,,,,,,,,,,,,,,,,,,,,,,,,,,,,,,,,,,,,,,,,,,,,,,,,,,,,,,,,,,,,,,,,,,,,,,,,,,,,,,,,,,,,,,,,,,,,,,,,,,,,,,,,,,,,,,,,,,,,,,
,,6,,,,,,,,8000,,,,,,,,20,,,,,,,,,,,,,,,,,"Tiny Attack",,,,,,,,,,,"ADSeeker_lvl6",,,,,,,350,,,,,,,,,,,13,,,,,,,,,,,,,,,,,,,,,,,,,,,,,,,,,,,,,,,,,,,,,,,,,,,,,,,,,,,,,,,,,,,,,,,,,,,,,,,,,,,,,,,,,,,,,,,,,,,,,,,,,,,,,,,,,,,,,,,,,,,,,,,,,,,,,,,,,,,,,,,,,,,,
,,7,,,,,,,,8500,,,,,,,,22,,,,,,,,,,,,,,,,,"Tiny Attack",,,,,,,,,,,"ADSeeker_lvl7",,,,,,,400,,,,,,,,,,,14,,,,,,,,,,,,,,,,,,,,,,,,,,,,,,,,,,,,,,,,,,,,,,,,,,,,,,,,,,,,,,,,,,,,,,,,,,,,,,,,,,,,,,,,,,,,,,,,,,,,,,,,,,,,,,,,,,,,,,,,,,,,,,,,,,,,,,,,,,,,,,,,,,,,
,,8,,,,,,,,9500,,,,,,,,24,,,,,,,,,,,,,,,,,"Tiny Attack",,,,,,,,,,,"ADSeeker_lvl7",,,,,,,450,,,,,,,,,,,15,,,,,,,,,,,,,,,,,,,,,,,,,,,,,,,,,,,,,,,,,,,,,,,,,,,,,,,,,,,,,,,,,,,,,,,,,,,,,,,,,,,,,,,,,,,,,,,,,,,,,,,,,,,,,,,,,,,,,,,,,,,,,,,,,,,,,,,,,,,,,,,,,,,,
"Bowler",4000022,1,,"TID_BOWLER","TID_CHARACTER_INFO_BOWLER",6,7,1,175,325,48,,"DarkElixir",32500,300,2200,,60,1,30,,,"sc/ui.sc","icon_unit_troll","unit_troll_big","sc/info_troll.sc",,"trollBoulder_lvl1",,,,,"Troll Deploy",,,,"trollBoulderHit","trollBoulderHit_dust_lvl1","FALSE","FALSE","TRUE",,,"Wizard Die",,"Troll_lvl1","Dark Barracks","FALSE",,,0,"DarkTombStone",,,,,,,,,,,,,,,,,,,,,,,,,,,,,,,,,,,3000,,,,,,,,,,,,,,,,,,,,,,,-50,,,,,,,,,2,600,500,1100,"TRUE",400,,,,,,,"trollAttack",,,,,,,,,,,,,,,,,,,,,,,,,,,,,,,,,,,,,,,,,,,,,,,,,,,,,,,,,,,,,,,,,,,,"TroopBowler",,,,,,,,,,,,,
,,2,,,,,,8,,375,60,,,44000,,,,72,,,,,,,,,,"trollBoulder_lvl1",,,,,,,,,,"trollBoulderHit_dust_lvl1",,,,,,,,"Troll_lvl1",,,,,,,,,,,,,,,,,,,,,,,,,,,,,,,,,,,,,,,,,4000,,,,,,,,,,,,,,,,,,,,,,,,,,,,,,,,,,,,,,,,,,,,,,,,,,,,,,,,,,,,,,,,,,,,,,,,,,,,,,,,,,,,,,,,,,,,,,,,,,,,,,,,,,,,,,,,,,,,,,,,,,,,,
,,3,,,,,,9,,420,72,,,62500,,,,84,,,,,,,,,,"trollBoulder_lvl2",,,,,,,,,,"trollBoulderHit_dust_lvl2",,,,,,,,"Troll_lvl2",,,,,,,,,,,,,,,,,,,,,,,,,,,,,,,,,,,,,,,,,5000,,,,,,,,,,,,,,,,,,,,,,,,,,,,,,,,,,,,,,,,,,,,,,,,,,,,,,,,,,,,,,,,,,,,,,,,,,,,,,,,,,,,,,,,,,,,,,,,,,,,,,,,,,,,,,,,,,,,,,,,,,,,,
,,4,,,,,,10,,470,96,,,85000,,,,96,,,,,,,,,,"trollBoulder_lvl3",,,,,,,,,,"trollBoulderHit_dust_lvl2",,,,,,,,"Troll_lvl3",,,,,,,,,,,,,,,,,,,,,,,,,,,,,,,,,,,,,,,,,6000,,,,,,,,,,,,,,,,,,,,,,,,,,,,,,,,,,,,,,,,,,,,,,,,,,,,,,,,,,,,,,,,,,,,,,,,,,,,,,,,,,,,,,,,,,,,,,,,,,,,,,,,,,,,,,,,,,,,,,,,,,,,,
,,5,,,,,,11,,505,144,,,110000,,,,102,,,,,,,,,,"trollBoulder_lvl5",,,,,,,,,,"trollBoulderHit_dust_lvl2",,,,,,,,"Troll_lvl5",,,,,,,,,,,,,,,,,,,,,,,,,,,,,,,,,,,,,,,,,7000,,,,,,,,,,,,,,,,,,,,,,,,,,,,,,,,,,,,,,,,,,,,,,,,,,,,,,,,,,,,,,,,,,,,,,,,,,,,,,,,,,,,,,,,,,,,,,,,,,,,,,,,,,,,,,,,,,,,,,,,,,,,,
,,6,,,,,,12,,530,168,,,145000,,,,108,,,,,,,,,,"trollBoulder_lvl6",,,,,,,,,,"trollBoulderHit_dust_lvl2",,,,,,,,"Troll_lvl6",,,,,,,,,,,,,,,,,,,,,,,,,,,,,,,,,,,,,,,,,8000,,,,,,,,,,,,,,,,,,,,,,,,,,,,,,,,,,,,,,,,,,,,,,,,,,,,,,,,,,,,,,,,,,,,,,,,,,,,,,,,,,,,,,,,,,,,,,,,,,,,,,,,,,,,,,,,,,,,,,,,,,,,,
,,7,,,,,,13,,565,180,,,175000,,,,114,,,,,,,,,,"trollBoulder_lvl7",,,,,,,,,,"trollBoulderHit_dust_lvl2",,,,,,,,"Troll_lvl7",,,,,,,,,,,,,,,,,,,,,,,,,,,,,,,,,,,,,,,,,9000,,,,,,,,,,,,,,,,,,,,,,,,,,,,,,,,,,,,,,,,,,,,,,,,,,,,,,,,,,,,,,,,,,,,,,,,,,,,,,,,,,,,,,,,,,,,,,,,,,,,,,,,,,,,,,,,,,,,,,,,,,,,,
,,8,,,,,,14,,600,240,,,260000,,,,126,,,,,,,,,,"trollBoulder_lvl8",,,,,,,,,,"trollBoulderHit_dust_lvl2",,,,,,,,"Troll_lvl8",,,,,,,,,,,,,,,,,,,,,,,,,,,,,,,,,,,,,,,,,10000,,,,,,,,,,,,,,,,,,,,,,,,,,,,,,,,,,,,,,,,,,,,,,,,,,,,,,,,,,,,,,,,,,,,,,,,,,,,,,,,,,,,,,,,,,,,,,,,,,,,,,,,,,,,,,,,,,,,,,,,,,,,,
,,9,,,,,,15,,700,360,,,360000,,,,140,,,,,,,,,,"trollBoulder_lvl9",,,,,,,,,,"trollBoulderHit_dust_lvl2",,,,,,,,"Troll_lvl9",,,,,,,,,,,,,,,,,,,,,,,,,,,,,,,,,,,,,,,,,11000,,,,,,,,,,,,,,,,,,,,,,,,,,,,,,,,,,,,,,,,,,,,,,,,,,,,,,,,,,,,,,,,,,,,,,,,,,,,,,,,,,,,,,,,,,,,,,,,,,,,,,,,,,,,,,,,,,,,,,,,,,,,,
,,10,,,,,,16,,860,,,,,,,,160,,,,,,,,,,"trollBoulder_lvl10",,,,,,,,,,"trollBoulderHit_dust_lvl2",,,,,,,,"Troll_lvl10",,,,,,,,,,,,,,,,,,,,,,,,,,,,,,,,,,,,,,,,,12000,,,,,,,,,,,,,,,,,,,,,,,,,,,,,,,,,,,,,,,,,,,,,,,,,,,,,,,,,,,,,,,,,,,,,,,,,,,,,,,,,,,,,,,,,,,,,,,,,,,,,,,,,,,,,,,,,,,,,,,,,,,,,
"Ice Golem",4000058,1,,"TID_ICEGOLEM","TID_CHARACTER_INFO_ICEGOLEM",15,8,1,150,2600,48,,"DarkElixir",27500,100,2000,,24,1,,,,"sc/ui.sc","icon_unit_iceGolem","unit_ice_golem_big","sc/info_ice_golem.sc",,,,,"Defense",,"Icegolem Deploy",,,,"ps_chr_icegolem_hit",,"FALSE","FALSE","TRUE",,,"Giant Die",,"IceGolem_lvl1","Dark Barracks","FALSE",,,0,"DarkTombStone",,,,,,,,,,,,,,,,,,,,,,,,,,,,,,,,,,,3000,,,,,,,,,,,,,,,,,,,,,,,-50,,,,,,,,,,600,500,,"TRUE",,,,,,,,"Icegolem Attack",,,,,,,,,,,,,,,,,,,,,,,,,,,,,,,,,2000,50,,"Defensive Ice Golem",,,,,,,,,,,,,,1,,,,"IceGolemOnDeath","1",,,,,,,,,,,,,"TroopIceGolem",,,,,,,,,,,,,
,,2,,,,,,9,,2800,60,,,42500,,,,28,,,,,,,,,,,,,,,,,,,,,,,,,,,,"IceGolem_lvl2",,,,,,,,,,,,,,,,,,,,,,,,,,,,,,,,,,,,,,,,,3500,,,,,,,,,,,,,,,,,,,,,,,,,,,,,,,,,,,,,,,,,,,,,,,,,,,,,,,,,,,,,,,,,,,,,,,,,,,,,,,,,,,,,,,,,,,,,,,,,,,"2",,,,,,,,,,,,,,,,,,,,,,,,,,
,,3,,,,,,9,,3000,78,,,50000,,,,32,,,,,,,,,,,,,,,,,,,,,,,,,,,,"IceGolem_lvl3",,,,,,,,,,,,,,,,,,,,,,,,,,,,,,,,,,,,,,,,,4000,,,,,,,,,,,,,,,,,,,,,,,,,,,,,,,,,,,,,,,,,,,,,,,,,,,,,,,,,,,,,,,,,,,,,,,,,,,,,,,,,,,,,,,,,,,,,,,,,,,"3",,,,,,,,,,,,,,,,,,,,,,,,,,
,,4,,,,,,10,,3200,96,,,62500,,,,36,,,,,,,,,,,,,,,,,,,,,,,,,,,,"IceGolem_lvl4",,,,,,,,,,,,,,,,,,,,,,,,,,,,,,,,,,,,,,,,,4500,,,,,,,,,,,,,,,,,,,,,,,,,,,,,,,,,,,,,,,,,,,,,,,,,,,,,,,,,,,,,,,,,,,,,,,,,,,,,,,,,,,,,,,,,,,,,,,,,,,"4",,,,,,,,,,,,,,,,,,,,,,,,,,
,,5,,,,,,10,,3400,156,,,110000,,,,40,,,,,,,,,,,,,,,,,,,,,,,,,,,,"IceGolem_lvl5",,,,,,,,,,,,,,,,,,,,,,,,,,,,,,,,,,,,,,,,,5000,,,,,,,,,,,,,,,,,,,,,,,,,,,,,,,,,,,,,,,,,,,,,,,,,,,,,,,,,,,,,,,,,,,,,,,,,,,,,,,,,,,,,,,,,,,,,,,,,,,"5",,,,,,,,,,,,,,,,,,,,,,,,,,
,,6,,,,,,12,,3600,180,,,140000,,,,44,,,,,,,,,,,,,,,,,,,,,,,,,,,,"IceGolem_lvl6",,,,,,,,,,,,,,,,,,,,,,,,,,,,,,,,,,,,,,,,,7000,,,,,,,,,,,,,,,,,,,,,,,,,,,,,,,,,,,,,,,,,,,,,,,,,,,,,,,,,,,,,,,,,,,,,,,,,,,,,,,,,,,,,,,,,,,,,,,,,,,"6",,,,,,,,,,,,,,,,,,,,,,,,,,
,,7,,,,,,13,,3900,192,,,180000,,,,48,,,,,,,,,,,,,,,,,,,,,,,,,,,,"IceGolem_lvl7",,,,,,,,,,,,,,,,,,,,,,,,,,,,,,,,,,,,,,,,,8000,,,,,,,,,,,,,,,,,,,,,,,,,,,,,,,,,,,,,,,,,,,,,,,,,,,,,,,,,,,,,,,,,,,,,,,,,,,,,,,,,,,,,,,,,,,,,,,,,,,"7",,,,,,,,,,,,,,,,,,,,,,,,,,
,,8,,,,,,14,,4200,254,,,280000,,,,52,,,,,,,,,,,,,,,,,,,,,,,,,,,,"IceGolem_lvl8",,,,,,,,,,,,,,,,,,,,,,,,,,,,,,,,,,,,,,,,,9000,,,,,,,,,,,,,,,,,,,,,,,,,,,,,,,,,,,,,,,,,,,,,,,,,,,,,,,,,,,,,,,,,,,,,,,,,,,,,,,,,,,,,,,,,,,,,,,,,,,"8",,,,,,,,,,,,,,,,,,,,,,,,,,
,,9,,,,,,15,,4350,,,,,,,,56,,,,,,,,,,,,,,,,,,,,,,,,,,,,"IceGolem_lvl9",,,,,,,,,,,,,,,,,,,,,,,,,,,,,,,,,,,,,,,,,10000,,,,,,,,,,,,,,,,,,,,,,,,,,,,,,,,,,,,,,,,,,,,,,,,,,,,,,,,,,,,,,,,,,,,,,,,,,,,,,,,,,,,,,,,,,,,,,,,,,,"9",,,,,,,,,,,,,,,,,,,,,,,,,,
"Defensive Ice Golem",4000069,1,,"TID_ICEGOLEM","TID_CHARACTER_INFO_ICEGOLEM",15,,,150,2600,,,,,100,2000,,24,1,,,,"sc/ui.sc","icon_unit_iceGolem","unit_ice_golem_big","sc/info_ice_golem.sc",,,,,"Defense",,"Icegolem Deploy",,,,"ps_chr_icegolem_hit",,"FALSE","FALSE","TRUE",,,"Giant Die",,"IceGolem_lvl1",,"FALSE",,,0,"DarkTombStone",,,,,,,"TRUE",,,,,,,,,,,,,,,,,,,,,,,,,,,,,,,,,,,,,,,,,,,,,,,,,,,-50,,,,,,,,,,600,500,,"TRUE",,,,,,,,"Icegolem Attack",,,,,,,,,,,,,,,,,,,,,,,,,,,,,,,,,2000,50,,,,,,,,,,,,,,,,,,,,"IceGolemOnDeathDEF","1",,,,,,,,,,,,,,,,,,,,,,,,,,
,,2,,,,,,,,2800,,,,,,,,28,,,,,,,,,,,,,,,,,,,,,,,,,,,,"IceGolem_lvl2",,,,,,,,,,,,,,,,,,,,,,,,,,,,,,,,,,,,,,,,,,,,,,,,,,,,,,,,,,,,,,,,,,,,,,,,,,,,,,,,,,,,,,,,,,,,,,,,,,,,,,,,,,,,,,,,,,,,,,,,,,,,,,,,,,,,,,,,,,,,"2",,,,,,,,,,,,,,,,,,,,,,,,,,
,,3,,,,,,,,3000,,,,,,,,32,,,,,,,,,,,,,,,,,,,,,,,,,,,,"IceGolem_lvl3",,,,,,,,,,,,,,,,,,,,,,,,,,,,,,,,,,,,,,,,,,,,,,,,,,,,,,,,,,,,,,,,,,,,,,,,,,,,,,,,,,,,,,,,,,,,,,,,,,,,,,,,,,,,,,,,,,,,,,,,,,,,,,,,,,,,,,,,,,,,"3",,,,,,,,,,,,,,,,,,,,,,,,,,
,,4,,,,,,,,3200,,,,,,,,36,,,,,,,,,,,,,,,,,,,,,,,,,,,,"IceGolem_lvl4",,,,,,,,,,,,,,,,,,,,,,,,,,,,,,,,,,,,,,,,,,,,,,,,,,,,,,,,,,,,,,,,,,,,,,,,,,,,,,,,,,,,,,,,,,,,,,,,,,,,,,,,,,,,,,,,,,,,,,,,,,,,,,,,,,,,,,,,,,,,"4",,,,,,,,,,,,,,,,,,,,,,,,,,
,,5,,,,,,,,3400,,,,,,,,40,,,,,,,,,,,,,,,,,,,,,,,,,,,,"IceGolem_lvl5",,,,,,,,,,,,,,,,,,,,,,,,,,,,,,,,,,,,,,,,,,,,,,,,,,,,,,,,,,,,,,,,,,,,,,,,,,,,,,,,,,,,,,,,,,,,,,,,,,,,,,,,,,,,,,,,,,,,,,,,,,,,,,,,,,,,,,,,,,,,"5",,,,,,,,,,,,,,,,,,,,,,,,,,
,,6,,,,,,,,3600,,,,,,,,44,,,,,,,,,,,,,,,,,,,,,,,,,,,,"IceGolem_lvl6",,,,,,,,,,,,,,,,,,,,,,,,,,,,,,,,,,,,,,,,,,,,,,,,,,,,,,,,,,,,,,,,,,,,,,,,,,,,,,,,,,,,,,,,,,,,,,,,,,,,,,,,,,,,,,,,,,,,,,,,,,,,,,,,,,,,,,,,,,,,"6",,,,,,,,,,,,,,,,,,,,,,,,,,
,,7,,,,,,,,3900,,,,,,,,48,,,,,,,,,,,,,,,,,,,,,,,,,,,,"IceGolem_lvl7",,,,,,,,,,,,,,,,,,,,,,,,,,,,,,,,,,,,,,,,,,,,,,,,,,,,,,,,,,,,,,,,,,,,,,,,,,,,,,,,,,,,,,,,,,,,,,,,,,,,,,,,,,,,,,,,,,,,,,,,,,,,,,,,,,,,,,,,,,,,"6",,,,,,,,,,,,,,,,,,,,,,,,,,
,,8,,,,,,,,4200,,,,,,,,52,,,,,,,,,,,,,,,,,,,,,,,,,,,,"IceGolem_lvl8",,,,,,,,,,,,,,,,,,,,,,,,,,,,,,,,,,,,,,,,,,,,,,,,,,,,,,,,,,,,,,,,,,,,,,,,,,,,,,,,,,,,,,,,,,,,,,,,,,,,,,,,,,,,,,,,,,,,,,,,,,,,,,,,,,,,,,,,,,,,"6",,,,,,,,,,,,,,,,,,,,,,,,,,
,,9,,,,,,,,4350,,,,,,,,56,,,,,,,,,,,,,,,,,,,,,,,,,,,,"IceGolem_lvl9",,,,,,,,,,,,,,,,,,,,,,,,,,,,,,,,,,,,,,,,,,,,,,,,,,,,,,,,,,,,,,,,,,,,,,,,,,,,,,,,,,,,,,,,,,,,,,,,,,,,,,,,,,,,,,,,,,,,,,,,,,,,,,,,,,,,,,,,,,,,"6",,,,,,,,,,,,,,,,,,,,,,,,,,
"Headhunter",4000082,1,,"TID_CHARACTER_HEADHUNTER","TID_CHARACTER_INFO_HEADHUNTER",6,9,1,300,360,120,,"DarkElixir",57500,300,600,,105,1,,,,"sc/ui.sc","icon_unit_headhunter","unit_head_hunter_big","sc/info_headhunter.sc",,"Headhunter_Card_lvl1",,,,,"Headhunter Deploy",,"Headhunter_attack",,"Headhunter Hit",,"FALSE","TRUE","TRUE",,,"Headhunter Die",,"HeadHunter_lvl1","Dark Barracks","TRUE",,,0,"DarkTombStone",,,,,,,,,,,,,,,,,,,,,,,,,,,,,,,,,,,5000,,,,,,,,,,,,,,,,,,,,,,,-50,,,,,,,,,,100,100,,"TRUE",,,,,,,,,,,,,,,,,,,,,,,,,,,,,,,,,,,,,,,,,,,,,,,,,,,400,,,,,"TRUE",,2,,,,"HeadhunterPoison","1",,,,,,,,,,,,,"TroopHeadHunter",,"HitPoints;DamagePerSecond;PreferredTargetType;DamageType;TargetType;HousingSpace;MovementSpeed;DamagePoison;SpeedDecrease;AttackSpeed;Range",,,,,,,,,,,
,,2,,,,,,10,,400,168,,,90000,,,,115,,,,,,,,,,"Headhunter_Card_lvl2",,,,,,,,,,,,,,,,,,"HeadHunter_lvl2",,,,,,,,,,,,,,,,,,,,,,,,,,,,,,,,,,,,,,,,,6000,,,,,,,,,,,,,,,,,,,,,,,,,,,,,,,,,,,,,,,,,,,,,,,,,,,,,,,,,,,,,,,,,,,,,,,,,,,,,,,,,,,,,,,,,,,,,,,,,,,"2",,,,,,,,,,,,,,,,,,,,,,,,,,
,,3,,,,,,11,,440,372,,,370000,,,,125,,,,,,,,,,"Headhunter_Card_lvl3",,,,,,,,,,,,,,,,,,"HeadHunter_lvl3",,,,,,,,,,,,,,,,,,,,,,,,,,,,,,,,,,,,,,,,,7000,,,,,,,,,,,,,,,,,,,,,,,,,,,,,,,,,,,,,,,,,,,,,,,,,,,,,,,,,,,,,,,,,,,,,,,,,,,,,,,,,,,,,,,,,,,,,,,,,,,"3",,,,,,,,,,,,,,,,,,,,,,,,,,
,,4,,,,,,16,,500,,,,,,,,135,,,,,,,,,,"Headhunter_Card_lvl4",,,,,,,,,,,,,,,,,,"HeadHunter_lvl4",,,,,,,,,,,,,,,,,,,,,,,,,,,,,,,,,,,,,,,,,12000,,,,,,,,,,,,,,,,,,,,,,,,,,,,,,,,,,,,,,,,,,,,,,,,,,,,,,,,,,,,,,,,,,,,,,,,,,,,,,,,,,,,,,,,,,,,,,,,,,,"4",,,,,,,,,,,,,,,,,,,,,,,,,,
"Apprentice Warden",4000097,1,,"TID_CHARACTER_APPRENTICE_WARDEN","TID_CHARACTER_APPRENTICE_WARDEN_INFO",20,10,1,250,1500,144,,"DarkElixir",90000,500,900,,170,1,,,,"sc/ui.sc","icon_unit_apprentice","unit_apprentice_big","sc/info_apprentice.sc",,"ApprenticeWarden_small",,,,,"ApprenticeWarden Deploy",,"ApprenticeWarden Attack",,"ApprenticeWarden Hit",,"FALSE","TRUE","TRUE",,,"ApprenticeWarden Die",,"ApprenticeWarden","Dark Barracks","TRUE",,,0,"DarkTombStone",,,,,,,,,,,,,,,,,,,,,,,,,,,,,,,,,,,6000,"Apprentice Aura",1,,,,,,,,,,,,,,,,,,,,,-50,,,,,,,,,,0,100,,"TRUE",,,,,,,,"ApprenticeWarden_PreAttack_SFX",,,,,,,,,,,,,,,,,,,,,,,,,,,,,,,,,,,,,,,,,,,,,,,,,,10,,,,,,,"TRUE",,"TRUE",500,1300,1000,,,,,,"TroopApprenticeWarden",,,,,,,,,,,,,
,,2,,,,,,11,,1650,180,,,135000,,,,185,,,,,,,,,,"ApprenticeWarden_small",,,,,,,,,,,,,,,,,,"ApprenticeWarden2",,,,,,,,,,,,,,,,,,,,,,,,,,,,,,,,,,,,,,,,,7000,,2,,,,,,,,,,,,,,,,,,,,,,,,,,,,,,,,,,,,,,,,,,,,,,,,,,,,,,,,,,,,,,,,,,,,,,,,,,,,,,,,,,,,,,,,,,,,,,,,,,,,,,,,,,,,,,,,,,,,,,,,,,,
,,3,,,,,,12,,1800,192,,,160000,,,,200,,,,,,,,,,"ApprenticeWarden_small2",,,,,,,,,,,,,,,,,,"ApprenticeWarden3",,,,,,,,,,,,,,,,,,,,,,,,,,,,,,,,,,,,,,,,,8000,,3,,,,,,,,,,,,,,,,,,,,,,,,,,,,,,,,,,,,,,,,,,,,,,,,,,,,,,,,,,,,,,,,,,,,,,,,,,,,,,,,,,,,,,,,,,,,,,,,,,,,,,,,,,,,,,,,,,,,,,,,,,,
,,4,,,,,,13,,1950,,,,,,,,215,,,,,,,,,,"ApprenticeWarden_small2",,,,,,,,,,,,,,,,,,"ApprenticeWarden4",,,,,,,,,,,,,,,,,,,,,,,,,,,,,,,,,,,,,,,,,9000,,4,,,,,,,,,,,,,,,,,,,,,,,,,,,,,,,,,,,,,,,,,,,,,,,,,,,,,,,,,,,,,,,,,,,,,,,,,,,,,,,,,,,,,,,,,,,,,,,,,,,,,,,,,,,,,,,,,,,,,,,,,,,
"Druid",4000123,1,,"TID_CHARACTER_SHAPESHIFTER_DRUID","TID_CHARACTER_SHAPESHIFTER_DRUID_INFO",16,11,1,300,1300,192,,"DarkElixir",125000,500,1000,450,-80,1,,,,"sc/ui.sc","icon_unit_druid_bear","unit_druid_big","sc/info_druid_bear.sc",,"BattleDruidProjectile",,,,,"BattleDruidDeploy",,,,"BattleDruidHealingEffect",,"FALSE","TRUE","TRUE",,,"druid_bear_transformation",,"DruidChain","Dark Barracks","TRUE",,,50,,,,,,,,,,"Bear","TRUE",,1,,,,,,,,,,,,,,,,,,,,,,,7000,,,,,,,,,,,,,,,,,,,,,,,-50,,,,,,,,,3,200,1600,,"TRUE",,,,,,,,,,,,,,,,,,,,,,,,,,"Bear","druid_bear_transformation",,30000,,,,,,,,,,,,,,,,,,,,,,105,,,,,,,,,,,,,,,,,,,,,,,,,"TroopDruidHealer",,,,,,,,,,,,,
,,2,,,,,,12,,1400,216,,,175000,,,,-85,,,,,,,,,,,,,,,,,,,,,,,,,,,,"DruidChain",,,,,,,,,,,,,,,,,,,,,,,,,,,,,,,,,,,,,,,,,8000,,,,,,,,,,,,,,,,,,,,,,,,,,,,,,,,,,,,,,,,,,,,,,,,,,,,,,,,,,,,,,,,,,,,,,,,,,,,,,,,,,,,,,,105,,,,,,,,,,,,,,,,,,,,,,,,,,,,,,,,,,,,,,
,,3,,,,,,13,,1500,264,,,187500,,,,-90,,,,,,,,,,,,,,,,,,,,,,,,,,,,"DruidChain_lvl2",,,,,,,,,,,,,,,,,,,,,,,,,,,,,,,,,,,,,,,,,9000,,,,,,,,,,,,,,,,,,,,,,,,,,,,,,,,,,,,,,,,,,,,,,,,,,,,,,,,,,,,,,,,,,,,,,,,,,,,,,,,,,,,,,,110,,,,,,,,,,,,,,,,,,,,,,,,,,,,,,,,,,,,,,
,,4,,,,,,14,,1600,288,,,300000,,,,-95,,,,,,,,,,,,,,,,,,,,,,,,,,,,"DruidChain_lvl2",,,,,,,,,,,,,,,,,,,,,,,,,,,,,,,,,,,,,,,,,10000,,,,,,,,,,,,,,,,,,,,,,,,,,,,,,,,,,,,,,,,,,,,,,,,,,,,,,,,,,,,,,,,,,,,,,,,,,,,,,,,,,,,,,,110,,,,,,,,,,,,,,,,,,,,,,,,,,,,,,,,,,,,,,
,,5,,,,,,15,,1700,372,,,380000,,,,-105,,,,,,,,,,,,,,,,,,,,,,,,,,,,"DruidChain_lvl5",,,,,,,,,,,,,,,,,,,,,,,,,,,,,,,,,,,,,,,,,11000,,,,,,,,,,,,,,,,,,,,,,,,,,,,,,,,,,,,,,,,,,,,,,,,,,,,,,,,,,,,,,,,,,,,,,,,,,,,,,,,,,,,,,,115,,,,,,,,,,,,,,,,,,,,,,,,,,,,,,,,,,,,,,
,,6,,,,,,16,,1850,,,,,,,,-115,,,,,,,,,,,,,,,,,,,,,,,,,,,,"DruidChain_lvl6",,,,,,,,,,,,,,,,,,,,,,,,,,,,,,,,,,,,,,,,,12000,,,,,,,,,,,,,,,,,,,,,,,,,,,,,,,,,,,,,,,,,,,,,,,,,,,,,,,,,,,,,,,,,,,,,,,,,,,,,,,,,,,,,,,115,,,,,,,,,,,,,,,,,,,,,,,,,,,,,,,,,,,,,,
"Bear",4000124,1,,"TID_CHARACTER_SHAPESHIFTER_DRUID_BEAR","TID_CHARACTER_SHAPESHIFTER_DRUID_BEAR_INFO",16,,,250,1900,,,,,60,1000,,150,1,,,,,,"unit_druid_bear_big","sc/info_druid_bear.sc",,,,,"Defense",,"Golem Deploy",,"BattleDruidAttackSFX",,"BattleDruidAttackHit",,"FALSE","FALSE","TRUE",,,"BattleDruidDie",,"DruidShapeshifted",,,,,0,"DarkTombStone",,,,,,,"TRUE",,,,"TRUE",,,,,,,,,,,,,,,,,,,,,,,,,,,,,,,,,,,,,,,,,,,,,,,-50,,,,,,,,,,1000,1600,,"TRUE",,,,,,,,,,,,,,,,,"TRUE",,,,,,,,,,,,,,,,,,,,,,,,,,,,,,,,,,,,,,,,,5,,,,,,,,,,,,,,,,,,"SecondaryTroopDefense",,,,,,,,,,,,,
,,2,,,,,,,,2000,,,,,,,,160,,,,,,,,,,,,,,,,,,,,,,,,,,,,"DruidShapeshifted",,,,,,,,,,,,,,,,,,,,,,,,,,,,,,,,,,,,,,,,,,,,,,,,,,,,,,,,,,,,,,,,,,,,,,,,,,,,,,,,,,,,,,,,,,,,,,,,,,,,,,,,,,,,,,,,,,,,,,,,,,,,,,,,,,,,,,,,,,,,,,,,,,,,,,,,,,,,,,,,,,,,,,
,,3,,,,,,,,2100,,,,,,,,170,,,,,,,,,,,,,,,,,,,,,,,,,,,,"DruidShapeshifted_lvl2",,,,,,,,,,,,,,,,,,,,,,,,,,,,,,,,,,,,,,,,,,,,,,,,,,,,,,,,,,,,,,,,,,,,,,,,,,,,,,,,,,,,,,,,,,,,,,,,,,,,,,,,,,,,,,,,,,,,,,,,,,,,,,,,,,,,,,,,,,,,,,,,,,,,,,,,,,,,,,,,,,,,,,
,,4,,,,,,,,2300,,,,,,,,185,,,,,,,,,,,,,,,,,,,,,,,,,,,,"DruidShapeshifted_lvl2",,,,,,,,,,,,,,,,,,,,,,,,,,,,,,,,,,,,,,,,,,,,,,,,,,,,,,,,,,,,,,,,,,,,,,,,,,,,,,,,,,,,,,,,,,,,,,,,,,,,,,,,,,,,,,,,,,,,,,,,,,,,,,,,,,,,,,,,,,,,,,,,,,,,,,,,,,,,,,,,,,,,,,
,,5,,,,,,,,2500,,,,,,,,205,,,,,,,,,,,,,,,,,,,,,,,,,,,,"DruidShapeshifted_lvl5",,,,,,,,,,,,,,,,,,,,,,,,,,,,,,,,,,,,,,,,,,,,,,,,,,,,,,,,,,,,,,,,,,,,,,,,,,,,,,,,,,,,,,,,,,,,,,,,,,,,,,,,,,,,,,,,,,,,,,,,,,,,,,,,,,,,,,,,,,,,,,,,,,,,,,,,,,,,,,,,,,,,,,
,,6,,,,,,,,2750,,,,,,,,225,,,,,,,,,,,,,,,,,,,,,,,,,,,,"DruidShapeshifted_lvl6",,,,,,,,,,,,,,,,,,,,,,,,,,,,,,,,,,,,,,,,,,,,,,,,,,,,,,,,,,,,,,,,,,,,,,,,,,,,,,,,,,,,,,,,,,,,,,,,,,,,,,,,,,,,,,,,,,,,,,,,,,,,,,,,,,,,,,,,,,,,,,,,,,,,,,,,,,,,,,,,,,,,,,
"Furnace",4000150,1,,"TID_CHARACTER_FURNACE","TID_CHARACTER_INFO_FURNACE",18,12,1,0,1530,216,,"DarkElixir",200000,1,800,,1,,,,,"sc/ui.sc","icon_unit_furnace","unit_furnace_big","sc/info_furnace.sc",,,,,,,"Furnace_Deploy",,"furnace_attack",,"furnace_attack",,"FALSE","TRUE","TRUE",,,"furnace_die",,"Furnace","Dark Barracks","FALSE",,,0,"DarkTombStone",,,,,,,,,,,,,200,,,,,,,,,,,,,"furnace_attack",,,,,,,,,8000,,,,,,,,,,,,,,,,,,,,,,,-50,,,,,,,,,,0,1800,,"TRUE",,,,,,,,,,,,,,,,,,,,,,,,,,,,,,,,,,,,,,,,,,,,"Furnace_DEF",,"Firemite Spawn",19,,60000,100,,,,,,,,0,,,,,,,,,,,,,,,,,,"TroopFurnace",,"HitPoints;HousingSpace;DegenerationTime;SummonedUnitsCount;SummonedUnitsLevel",,,,,,,,,,,
,,2,,,,,,13,,1620,264,,,260000,,,,2,,,,,,,,,,,,,,,,,,,,,,,,,,,,"Furnace2",,,,,,,,,,,,,,,,,,,,,,,,,,,,,,,,,,,,,,,,,9000,,,,,,,,,,,,,,,,,,,,,,,,,,,,,,,,,,,,,,,,,,,,,,,,,,,,,,,,,,,,,,,,,,,,,,,,,,,,,,,,,,,20,,,,,,,,,,,,,,,,,,,,,,,,,,,,,,,,,,,,,,,,,,
,,3,,,,,,14,,1710,360,,,320000,,,,3,,,,,,,,,,,,,,,,,,,,,,,,,,,,"Furnace3",,,,,,,,,,,,,,,,,,,,,,,,,,,,,,,,,,,,,,,,,10000,,,,,,,,,,,,,,,,,,,,,,,,,,,,,,,,,,,,,,,,,,,,,,,,,,,,,,,,,,,,,,,,,,,,,,,,,,,,,,,,,,,21,,,,,,,,,,,,,,,,,,,,,,,,,,,,,,,,,,,,,,,,,,
,,4,,,,,,15,,1800,384,,,380000,,,,4,,,,,,,,,,,,,,,,,,,,,,,,,,,,"Furnace4",,,,,,,,,,,,,,,,,,,,,,,,,,,,,,,,,,,,,,,,,11000,,,,,,,,,,,,,,,,,,,,,,,,,,,,,,,,,,,,,,,,,,,,,,,,,,,,,,,,,,,,,,,,,,,,,,,,,,,,,,,,,,,22,,,,,,,,,,,,,,,,,,,,,,,,,,,,,,,,,,,,,,,,,,
"Firemite Spawn",4000149,1,,"TID_CHARACTER_FIREMITE","TID_CHARACTER_INFO_FIREMITE",1,10,1,400,250,,,,,200,1000,,50,1,10,,,"sc/ui.sc","icon_unit_firespirit","unit_firemite_big","sc/info_furnace.sc",,"FireSpiritJump1",,,,,"furnace_attack",,"firespirit_attack",,"firespirit_hit",,"FALSE","TRUE","TRUE",,1,"Firespirit Jump",,"FireSpirit",,"TRUE",,,0,,,,,,,,"TRUE",,,,"TRUE",,,,,,,,,,,,,,,,,,,,,,,,,,,,"firespirit_spawn",,,,,,,,,,,,,,,,,,,-50,,,,,,,,,,50,50,500,"FALSE",,,,,,,,,,,,,,,,,,,,,,,,,,,,,,,,,,,,,,,,,,,"TRUE",,,,,,,,,,,,,,,0,,,,,,,,,,,,,,,,,,"SecondaryTroop",,"HitPoints;DamagePerSecond;DamageType;TargetType;MovementSpeed;ProjectileHitSpellPoisonDamage;ProjectileHitSpellPoisonDuration;Range",,,,,,,,,,,
,,2,,,,,,,,275,,,,,,,,60,,,,,,,,,,"FireSpiritJump2",,,,,,,,,,,,,,,,,,,,,,,,,,,,,,,,,,,,,,,,,,,,,,,,,,,,,,,,,,,,,,,,,,,,,,,,,,,,,,,,,,,,,,,,,,,,,,,,,,,,,,,,,,,,,,,,,,,,,,,,,,,,,,,,,,,,,,,,,,,,,,,,,,,,,,,,,,,,,,,,,,,,,,,,,,,,,,,,,,,,,,,,
,,3,,,,,,,,300,,,,,,,,70,,,,,,,,,,"FireSpiritJump3",,,,,,,,,,,,,,,,,,,,,,,,,,,,,,,,,,,,,,,,,,,,,,,,,,,,,,,,,,,,,,,,,,,,,,,,,,,,,,,,,,,,,,,,,,,,,,,,,,,,,,,,,,,,,,,,,,,,,,,,,,,,,,,,,,,,,,,,,,,,,,,,,,,,,,,,,,,,,,,,,,,,,,,,,,,,,,,,,,,,,,,,
,,4,,,,,,,,325,,,,,,,,80,,,,,,,,,,"FireSpiritJump4",,,,,,,,,,,,,,,,,,,,,,,,,,,,,,,,,,,,,,,,,,,,,,,,,,,,,,,,,,,,,,,,,,,,,,,,,,,,,,,,,,,,,,,,,,,,,,,,,,,,,,,,,,,,,,,,,,,,,,,,,,,,,,,,,,,,,,,,,,,,,,,,,,,,,,,,,,,,,,,,,,,,,,,,,,,,,,,,,,,,,,,,
,,5,,,,,,,,350,,,,,,,,90,,,,,,,,,,"FireSpiritJump5",,,,,,,,,,,,,,,,,,,,,,,,,,,,,,,,,,,,,,,,,,,,,,,,,,,,,,,,,,,,,,,,,,,,,,,,,,,,,,,,,,,,,,,,,,,,,,,,,,,,,,,,,,,,,,,,,,,,,,,,,,,,,,,,,,,,,,,,,,,,,,,,,,,,,,,,,,,,,,,,,,,,,,,,,,,,,,,,,,,,,,,,
"Furnace_DEF",4000151,1,,"TID_CHARACTER_FURNACE","TID_CHARACTER_INFO_FURNACE",18,12,1,0,1530,,,,,1,800,,1,,,,,,,,,,,,,,,"Furnace_Deploy",,"furnace_attack",,"furnace_attack",,"FALSE","TRUE","TRUE",,,"furnace_die",,"Furnace",,"FALSE",,,0,"DarkTombStone",,,,,,,"TRUE",,,,,,200,,,,,,,,,,,,,"furnace_attack",,,,,,,,,,,,,,,,,,,,,,,,,,,,,,,,-50,,,,,,,,,,0,1800,,"TRUE",,,,,,,,,,,,,,,,,,,,,,,,,,,,,,,,,,,,,,,,,,,,,,"Firemite Spawn_DEF",19,,60000,100,,,,,,,,0,,,,,,,,,,,,,,,,,,,,,,,,,,,,,,,
,,2,,,,,,13,,1620,,,,,,,,2,,,,,,,,,,,,,,,,,,,,,,,,,,,,"Furnace2",,,,,,,,,,,,,,,,,,,,,,,,,,,,,,,,,,,,,,,,,,,,,,,,,,,,,,,,,,,,,,,,,,,,,,,,,,,,,,,,,,,,,,,,,,,,,,,,,,,,,,,,,,,,,,,,,,,,,,,,,,,,20,,,,,,,,,,,,,,,,,,,,,,,,,,,,,,,,,,,,,,,,,,
,,3,,,,,,14,,1710,,,,,,,,3,,,,,,,,,,,,,,,,,,,,,,,,,,,,"Furnace3",,,,,,,,,,,,,,,,,,,,,,,,,,,,,,,,,,,,,,,,,,,,,,,,,,,,,,,,,,,,,,,,,,,,,,,,,,,,,,,,,,,,,,,,,,,,,,,,,,,,,,,,,,,,,,,,,,,,,,,,,,,,21,,,,,,,,,,,,,,,,,,,,,,,,,,,,,,,,,,,,,,,,,,
,,4,,,,,,15,,1800,,,,,,,,4,,,,,,,,,,,,,,,,,,,,,,,,,,,,"Furnace4",,,,,,,,,,,,,,,,,,,,,,,,,,,,,,,,,,,,,,,,,,,,,,,,,,,,,,,,,,,,,,,,,,,,,,,,,,,,,,,,,,,,,,,,,,,,,,,,,,,,,,,,,,,,,,,,,,,,,,,,,,,,22,,,,,,,,,,,,,,,,,,,,,,,,,,,,,,,,,,,,,,,,,,
"Firemite Spawn_DEF",4000152,1,,"TID_CHARACTER_FIREMITE","TID_CHARACTER_INFO_FIREMITE",1,10,1,400,250,,,,,200,1000,,50,1,10,,,"sc/ui.sc","icon_unit_firespirit","unit_firemite_big","sc/info_furnace.sc",,"FireSpiritJump1_DEF",,,,,"furnace_attack",,"firespirit_attack",,"firespirit_hit",,"FALSE","TRUE","TRUE",,1,"Firespirit Jump",,"FireSpirit",,"TRUE",,,0,,,,,,,,"TRUE",,,,"TRUE",,,,,,,,,,,,,,,,,,,,,,,,,,,,"firespirit_spawn",,,,,,,,,,,,,,,,,,,-50,,,,,,,,,,50,50,500,"FALSE",,,,,,,,,,,,,,,,,,,,,,,,,,,,,,,,,,,,,,,,,,,"TRUE",,,,,,,,,,,,,,,0,,,,,,,,,,,,,,,,,,,,,,,,,,,,,,,
,,2,,,,,,,,275,,,,,,,,60,,,,,,,,,,"FireSpiritJump2_DEF",,,,,,,,,,,,,,,,,,,,,,,,,,,,,,,,,,,,,,,,,,,,,,,,,,,,,,,,,,,,,,,,,,,,,,,,,,,,,,,,,,,,,,,,,,,,,,,,,,,,,,,,,,,,,,,,,,,,,,,,,,,,,,,,,,,,,,,,,,,,,,,,,,,,,,,,,,,,,,,,,,,,,,,,,,,,,,,,,,,,,,,,
,,3,,,,,,,,300,,,,,,,,70,,,,,,,,,,"FireSpiritJump3_DEF",,,,,,,,,,,,,,,,,,,,,,,,,,,,,,,,,,,,,,,,,,,,,,,,,,,,,,,,,,,,,,,,,,,,,,,,,,,,,,,,,,,,,,,,,,,,,,,,,,,,,,,,,,,,,,,,,,,,,,,,,,,,,,,,,,,,,,,,,,,,,,,,,,,,,,,,,,,,,,,,,,,,,,,,,,,,,,,,,,,,,,,,
,,4,,,,,,,,325,,,,,,,,80,,,,,,,,,,"FireSpiritJump4_DEF",,,,,,,,,,,,,,,,,,,,,,,,,,,,,,,,,,,,,,,,,,,,,,,,,,,,,,,,,,,,,,,,,,,,,,,,,,,,,,,,,,,,,,,,,,,,,,,,,,,,,,,,,,,,,,,,,,,,,,,,,,,,,,,,,,,,,,,,,,,,,,,,,,,,,,,,,,,,,,,,,,,,,,,,,,,,,,,,,,,,,,,,
"Super Barbarian",4000026,5,,"TID_CHARACTER_ELITE_BARBARIAN","TID_CHARACTER_INFO_ELITE_BARBARIAN",5,1,1,250,700,,,"Elixir",,60,800,,120,1,,,,"sc/ui.sc","icon_unit_elite_barbarian","unit_elite_barbarian_big","sc/info_elite_barbarian.sc",,,,,,,"Super Barbarian Deploy",,"Barbarian Attack",,"Barbarian Hit",,"FALSE","FALSE","TRUE",,,"Barbarian Die",,"Super Barbarian","Barracks","FALSE",,,0,"TombStone",,,,,,,,,,,,,,,,,,,,,,,,,,,,,,,,,,,,,,,,,,,,,,,,,,,,,,,,,,-50,,,,,,,,,,500,400,700,"TRUE",,,,,,,,,,,,,,,,,,,,"TRUE",,,,,,,,,,,,,,,,,,,,,,,,,,,,,,,,,,,,,,,,,,"Super Barbarian Ability","1",,,,,,,,,,,,,"SuperBarbarian",,,,,,,,,,,,,
,,6,,,,,,,,800,,,,,,,,140,,,,,,,,,,,,,,,,,,,,,,,,,,,,,,,,,,,,,,,,,,,,,,,,,,,,,,,,,,,,,,,,,,,,,,,,,,,,,,,,,,,,,,,,,,,,,,,,,,,,,,,,,,,,,,,,,,,,,,,,,,,,,,,,,,,,,,,,,,,,,,,,,,,,,,,,,,,,,,,,,,,,,,,,"1",,,,,,,,,,,,,,,,,,,,,,,,,,
,,7,,,,,,,,900,,,,,,,,160,,,,,,,,,,,,,,,,,,,,,,,,,,,,,,,,,,,,,,,,,,,,,,,,,,,,,,,,,,,,,,,,,,,,,,,,,,,,,,,,,,,,,,,,,,,,,,,,,,,,,,,,,,,,,,,,,,,,,,,,,,,,,,,,,,,,,,,,,,,,,,,,,,,,,,,,,,,,,,,,,,,,,,,,"1",,,,,,,,,,,,,,,,,,,,,,,,,,
,,8,,,,,,,,1000,,,,,,,,180,,,,,,,,,,,,,,,,,,,,,,,,,,,,,,,,,,,,,,,,,,,,,,,,,,,,,,,,,,,,,,,,,,,,,,,,,,,,,,,,,,,,,,,,,,,,,,,,,,,,,,,,,,,,,,,,,,,,,,,,,,,,,,,,,,,,,,,,,,,,,,,,,,,,,,,,,,,,,,,,,,,,,,,,"1",,,,,,,,,,,,,,,,,,,,,,,,,,
,,9,,,,,,,,1100,,,,,,,,200,,,,,,,,,,,,,,,,,,,,,,,,,,,,,,,,,,,,,,,,,,,,,,,,,,,,,,,,,,,,,,,,,,,,,,,,,,,,,,,,,,,,,,,,,,,,,,,,,,,,,,,,,,,,,,,,,,,,,,,,,,,,,,,,,,,,,,,,,,,,,,,,,,,,,,,,,,,,,,,,,,,,,,,,"1",,,,,,,,,,,,,,,,,,,,,,,,,,
,,10,,,,,,,,1200,,,,,,,,220,,,,,,,,,,,,,,,,,,,,,,,,,,,,,,,,,,,,,,,,,,,,,,,,,,,,,,,,,,,,,,,,,,,,,,,,,,,,,,,,,,,,,,,,,,,,,,,,,,,,,,,,,,,,,,,,,,,,,,,,,,,,,,,,,,,,,,,,,,,,,,,,,,,,,,,,,,,,,,,,,,,,,,,,"1",,,,,,,,,,,,,,,,,,,,,,,,,,
,,11,,,,,,,,1300,,,,,,,,240,,,,,,,,,,,,,,,,,,,,,,,,,,,,,,,,,,,,,,,,,,,,,,,,,,,,,,,,,,,,,,,,,,,,,,,,,,,,,,,,,,,,,,,,,,,,,,,,,,,,,,,,,,,,,,,,,,,,,,,,,,,,,,,,,,,,,,,,,,,,,,,,,,,,,,,,,,,,,,,,,,,,,,,,"1",,,,,,,,,,,,,,,,,,,,,,,,,,
,,12,,,,,,,,1350,,,,,,,,250,,,,,,,,,,,,,,,,,,,,,,,,,,,,,,,,,,,,,,,,,,,,,,,,,,,,,,,,,,,,,,,,,,,,,,,,,,,,,,,,,,,,,,,,,,,,,,,,,,,,,,,,,,,,,,,,,,,,,,,,,,,,,,,,,,,,,,,,,,,,,,,,,,,,,,,,,,,,,,,,,,,,,,,,"1",,,,,,,,,,,,,,,,,,,,,,,,,,
,,13,,,,,,,,1450,,,,,,,,270,,,,,,,,,,,,,,,,,,,,,,,,,,,,,,,,,,,,,,,,,,,,,,,,,,,,,,,,,,,,,,,,,,,,,,,,,,,,,,,,,,,,,,,,,,,,,,,,,,,,,,,,,,,,,,,,,,,,,,,,,,,,,,,,,,,,,,,,,,,,,,,,,,,,,,,,,,,,,,,,,,,,,,,,"1",,,,,,,,,,,,,,,,,,,,,,,,,,
"Super Archer",4000027,5,,"TID_CHARACTER_MAGIC_ARCHER","TID_CHARACTER_INFO_MAGIC_ARCHER",12,2,1,300,300,,,"Elixir",,600,1500,,84,1,,,,"sc/ui.sc","icon_unit_elite_archer","unit_elite_archer_big","sc/info_elite_archer.sc",,"magic_archer_projectile",,,,,"IceArcher Deploy",,"IceArcher_attack",,"IceArcher Hit",,"FALSE","TRUE","TRUE",,,"Ice Archer Die",,"SuperArcher","Barracks","FALSE",,,0,"TombStone",,,,,,,,,,,,,,,,,,,,,,,,,,,,,,,,,,,,,,,,,,,,,,,,,,,,,,,,,,-50,,,,,,,,,,1200,600,,"TRUE",,,,,,,,,,,,,,,,,,,,"TRUE",,,,,,,,,,,,,,,,,,,,,,,,,,,,,,,,"TRUE",30,400,,,,,,,,"SuperArcherPlaceholderAbility","1",,,,,,,,,,,,,"SuperTroopLongRange",,,,,,,,,,,,,
,,6,,,,,,,,350,,,,,,,,96,,,,,,,,,,,,,,,,,,,,,,,,,,,,,,,,,,,,,,,,,,,,,,,,,,,,,,,,,,,,,,,,,,,,,,,,,,,,,,,,,,,,,,,,,,,,,,,,,,,,,,,,,,,,,,,,,,,,,,,,,,,,,,,,,,,,,,,,,,,,,,,,,,,,,,,,,,,,,,,,,,,,,,,,,,,,,,,,,,,,,,,,,,,,,,,,,,
,,7,,,,,,,,400,,,,,,,,108,,,,,,,,,,,,,,,,,,,,,,,,,,,,,,,,,,,,,,,,,,,,,,,,,,,,,,,,,,,,,,,,,,,,,,,,,,,,,,,,,,,,,,,,,,,,,,,,,,,,,,,,,,,,,,,,,,,,,,,,,,,,,,,,,,,,,,,,,,,,,,,,,,,,,,,,,,,,,,,,,,,,,,,,,,,,,,,,,,,,,,,,,,,,,,,,,,
,,8,,,,,,,,450,,,,,,,,120,,,,,,,,,,,,,,,,,,,,,,,,,,,,,,,,,,,,,,,,,,,,,,,,,,,,,,,,,,,,,,,,,,,,,,,,,,,,,,,,,,,,,,,,,,,,,,,,,,,,,,,,,,,,,,,,,,,,,,,,,,,,,,,,,,,,,,,,,,,,,,,,,,,,,,,,,,,,,,,,,,,,,,,,,,,,,,,,,,,,,,,,,,,,,,,,,,
,,9,,,,,,,,510,,,,,,,,132,,,,,,,,,,,,,,,,,,,,,,,,,,,,,,,,,,,,,,,,,,,,,,,,,,,,,,,,,,,,,,,,,,,,,,,,,,,,,,,,,,,,,,,,,,,,,,,,,,,,,,,,,,,,,,,,,,,,,,,,,,,,,,,,,,,,,,,,,,,,,,,,,,,,,,,,,,,,,,,,,,,,,,,,,,,,,,,,,,,,,,,,,,,,,,,,,,
,,10,,,,,,,,565,,,,,,,,144,,,,,,,,,,,,,,,,,,,,,,,,,,,,,,,,,,,,,,,,,,,,,,,,,,,,,,,,,,,,,,,,,,,,,,,,,,,,,,,,,,,,,,,,,,,,,,,,,,,,,,,,,,,,,,,,,,,,,,,,,,,,,,,,,,,,,,,,,,,,,,,,,,,,,,,,,,,,,,,,,,,,,,,,,,,,,,,,,,,,,,,,,,,,,,,,,,
,,11,,,,,,,,605,,,,,,,,156,,,,,,,,,,,,,,,,,,,,,,,,,,,,,,,,,,,,,,,,,,,,,,,,,,,,,,,,,,,,,,,,,,,,,,,,,,,,,,,,,,,,,,,,,,,,,,,,,,,,,,,,,,,,,,,,,,,,,,,,,,,,,,,,,,,,,,,,,,,,,,,,,,,,,,,,,,,,,,,,,,,,,,,,,,,,,,,,,,,,,,,,,,,,,,,,,,
,,12,,,,,,,,645,,,,,,,,162,,,,,,,,,,,,,,,,,,,,,,,,,,,,,,,,,,,,,,,,,,,,,,,,,,,,,,,,,,,,,,,,,,,,,,,,,,,,,,,,,,,,,,,,,,,,,,,,,,,,,,,,,,,,,,,,,,,,,,,,,,,,,,,,,,,,,,,,,,,,,,,,,,,,,,,,,,,,,,,,,,,,,,,,,,,,,,,,,,,,,,,,,,,,,,,,,,
,,13,,,,,,,,685,,,,,,,,166,,,,,,,,,,,,,,,,,,,,,,,,,,,,,,,,,,,,,,,,,,,,,,,,,,,,,,,,,,,,,,,,,,,,,,,,,,,,,,,,,,,,,,,,,,,,,,,,,,,,,,,,,,,,,,,,,,,,,,,,,,,,,,,,,,,,,,,,,,,,,,,,,,,,,,,,,,,,,,,,,,,,,,,,,,,,,,,,,,,,,,,,,,,,,,,,,,
,,14,,,,,,,,725,,,,,,,,170,,,,,,,,,,,,,,,,,,,,,,,,,,,,,,,,,,,,,,,,,,,,,,,,,,,,,,,,,,,,,,,,,,,,,,,,,,,,,,,,,,,,,,,,,,,,,,,,,,,,,,,,,,,,,,,,,,,,,,,,,,,,,,,,,,,,,,,,,,,,,,,,,,,,,,,,,,,,,,,,,,,,,,,,,,,,,,,,,,,,,,,,,,,,,,,,,,
"Super Giant",4000029,5,,"TID_CHARACTER_ELITE_GIANT","TID_CHARACTER_INFO_ELITE_GIANT",10,3,1,150,3200,,,"Elixir",,100,2000,,90,1,,,,"sc/ui.sc","icon_unit_elite_giant","unit_giant_elite_big","sc/info_giant_elite.sc",,,,,"Defense",,"Super Giant Deploy",,"Giant Attack",,"Giant Hit",,"FALSE","FALSE","TRUE",,,"Giant Die",,"GiantElite","Barracks","FALSE",,,0,"TombStone",,,,,,,,,,,,,,,,,,,,,,,,,,,,,,,,,,,,,,,,,,,,,,,,,,,,,,,,,,-50,,,,,,,,,,900,800,,"TRUE",,,,,,,,,,,,,,,,,,,,"TRUE",,,,,,,,,,,,,,,,,,,"Wall",500,,,,,,,,,,,,,,,,,,,,,,"SuperGiantPlaceholderAbility","1",,,,,,,,,,,,,"SuperGiant",,,,,,,,,,,,,
,,6,,,,,,,,3400,,,,,,,,100,,,,,,,,,,,,,,,,,,,,,,,,,,,,,,,,,,,,,,,,,,,,,,,,,,,,,,,,,,,,,,,,,,,,,,,,,,,,,,,,,,,,,,,,,,,,,,,,,,,,,,,,,,,,,,,,,,,,,,,,,,,,,,,,,,,,,,,,,,,,,,,,,,,,,,,,,,,,,,,,,,,,,,,,,,,,,,,,,,,,,,,,,,,,,,,,,,
,,7,,,,,,,,3600,,,,,,,,110,,,,,,,,,,,,,,,,,,,,,,,,,,,,,,,,,,,,,,,,,,,,,,,,,,,,,,,,,,,,,,,,,,,,,,,,,,,,,,,,,,,,,,,,,,,,,,,,,,,,,,,,,,,,,,,,,,,,,,,,,,,,,,,,,,,,,,,,,,,,,,,,,,,,,,,,,,,,,,,,,,,,,,,,,,,,,,,,,,,,,,,,,,,,,,,,,,
,,8,,,,,,,,3800,,,,,,,,120,,,,,,,,,,,,,,,,,,,,,,,,,,,,,,,,,,,,,,,,,,,,,,,,,,,,,,,,,,,,,,,,,,,,,,,,,,,,,,,,,,,,,,,,,,,,,,,,,,,,,,,,,,,,,,,,,,,,,,,,,,,,,,,,,,,,,,,,,,,,,,,,,,,,,,,,,,,,,,,,,,,,,,,,,,,,,,,,,,,,,,,,,,,,,,,,,,
,,9,,,,,,,,4000,,,,,,,,130,,,,,,,,,,,,,,,,,,,,,,,,,,,,,,,,,,,,,,,,,,,,,,,,,,,,,,,,,,,,,,,,,,,,,,,,,,,,,,,,,,,,,,,,,,,,,,,,,,,,,,,,,,,,,,,,,,,,,,,,,,,,,,,,,,,,,,,,,,,,,,,,,,,,,,,,,,,,,,,,,,,,,,,,,,,,,,,,,,,,,,,,,,,,,,,,,,
,,10,,,,,,,,4200,,,,,,,,140,,,,,,,,,,,,,,,,,,,,,,,,,,,,,,,,,,,,,,,,,,,,,,,,,,,,,,,,,,,,,,,,,,,,,,,,,,,,,,,,,,,,,,,,,,,,,,,,,,,,,,,,,,,,,,,,,,,,,,,,,,,,,,,,,,,,,,,,,,,,,,,,,,,,,,,,,,,,,,,,,,,,,,,,,,,,,,,,,,,,,,,,,,,,,,,,,,
,,11,,,,,,,,4400,,,,,,,,150,,,,,,,,,,,,,,,,,,,,,,,,,,,,,,,,,,,,,,,,,,,,,,,,,,,,,,,,,,,,,,,,,,,,,,,,,,,,,,,,,,,,,,,,,,,,,,,,,,,,,,,,,,,,,,,,,,,,,,,,,,,,,,,,,,,,,,,,,,,,,,,,,,,,,,,,,,,,,,,,,,,,,,,,,,,,,,,,,,,,,,,,,,,,,,,,,,
,,12,,,,,,,,4600,,,,,,,,160,,,,,,,,,,,,,,,,,,,,,,,,,,,,,,,,,,,,,,,,,,,,,,,,,,,,,,,,,,,,,,,,,,,,,,,,,,,,,,,,,,,,,,,,,,,,,,,,,,,,,,,,,,,,,,,,,,,,,,,,,,,,,,,,,,,,,,,,,,,,,,,,,,,,,,,,,,,,,,,,,,,,,,,,,,,,,,,,,,,,,,,,,,,,,,,,,,
,,13,,,,,,,,4900,,,,,,,,175,,,,,,,,,,,,,,,,,,,,,,,,,,,,,,,,,,,,,,,,,,,,,,,,,,,,,,,,,,,,,,,,,,,,,,,,,,,,,,,,,,,,,,,,,,,,,,,,,,,,,,,,,,,,,,,,,,,,,,,,,,,,,,,,,,,,,,,,,,,,,,,,,,,,,,,,,,,,,,,,,,,,,,,,,,,,,,,,,,,,,,,,,,,,,,,,,,
,,14,,,,,,,,5600,,,,,,,,205,,,,,,,,,,,,,,,,,,,,,,,,,,,,,,,,,,,,,,,,,,,,,,,,,,,,,,,,,,,,,,,,,,,,,,,,,,,,,,,,,,,,,,,,,,,,,,,,,,,,,,,,,,,,,,,,,,,,,,,,,,,,,,,,,,,,,,,,,,,,,,,,,,,,,,,,,,,,,,,,,,,,,,,,,,,,,,,,,,,,,,,,,,,,,,,,,,
"Sneaky Goblin",4000055,5,,"TID_CHARACTER_ELITE_GOBLIN","TID_CHARACTER_INFO_ELITE_GOBLIN",3,4,1,400,200,,,"Elixir",,40,1000,,120,2,,,,"sc/ui.sc","icon_unit_elite_goblin","unit_goblin_elite_big","sc/info_goblin_elite.sc",,,,,"Resource",,"Sneaky Goblin Deploy",,"Goblin Attack",,"Goblin Hit",,"FALSE","FALSE","TRUE",,,"Goblin Die",,"Sneaky Goblin","Barracks","FALSE",,,0,"TombStone",,,,,,,,,,,,,,,,,,,,,,,,,,,,,,,,,,,,,,,,,,,,,,,,,,,,,,,,,,-50,,,,,,,,,,300,200,,"TRUE",,,,,,,,,,,,,,,,,,,,"TRUE",,,,,,,,,,,,,,,,,,,,,,,,,,,,,,,,,,,,,,,,,,"EliteGoblinAbility","1",,,,,,,,,,,,,"SneakyGoblin",,,,,,,,,,,,,
,,6,,,,,,,,240,,,,,,,,140,,,,,,,,,,,,,,,,,,,,,,,,,,,,,,,,,,,,,,,,,,,,,,,,,,,,,,,,,,,,,,,,,,,,,,,,,,,,,,,,,,,,,,,,,,,,,,,,,,,,,,,,,,,,,,,,,,,,,,,,,,,,,,,,,,,,,,,,,,,,,,,,,,,,,,,,,,,,,,,,,,,,,,,,,,,,,,,,,,,,,,,,,,,,,,,,,,
,,7,,,,,,,,270,,,,,,,,155,,,,,,,,,,,,,,,,,,,,,,,,,,,,,,,,,,,,,,,,,,,,,,,,,,,,,,,,,,,,,,,,,,,,,,,,,,,,,,,,,,,,,,,,,,,,,,,,,,,,,,,,,,,,,,,,,,,,,,,,,,,,,,,,,,,,,,,,,,,,,,,,,,,,,,,,,,,,,,,,,,,,,,,,,,,,,,,,,,,,,,,,,,,,,,,,,,
,,8,,,,,,,,320,,,,,,,,170,,,,,,,,,,,,,,,,,,,,,,,,,,,,,,,,,,,,,,,,,,,,,,,,,,,,,,,,,,,,,,,,,,,,,,,,,,,,,,,,,,,,,,,,,,,,,,,,,,,,,,,,,,,,,,,,,,,,,,,,,,,,,,,,,,,,,,,,,,,,,,,,,,,,,,,,,,,,,,,,,,,,,,,,,,,,,,,,,,,,,,,,,,,,,,,,,,
,,9,,,,,,,,350,,,,,,,,180,,,,,,,,,,,,,,,,,,,,,,,,,,,,,,,,,,,,,,,,,,,,,,,,,,,,,,,,,,,,,,,,,,,,,,,,,,,,,,,,,,,,,,,,,,,,,,,,,,,,,,,,,,,,,,,,,,,,,,,,,,,,,,,,,,,,,,,,,,,,,,,,,,,,,,,,,,,,,,,,,,,,,,,,,,,,,,,,,,,,,,,,,,,,,,,,,,
,,10,,,,,,,,380,,,,,,,,190,,,,,,,,,,,,,,,,,,,,,,,,,,,,,,,,,,,,,,,,,,,,,,,,,,,,,,,,,,,,,,,,,,,,,,,,,,,,,,,,,,,,,,,,,,,,,,,,,,,,,,,,,,,,,,,,,,,,,,,,,,,,,,,,,,,,,,,,,,,,,,,,,,,,,,,,,,,,,,,,,,,,,,,,,,,,,,,,,,,,,,,,,,,,,,,,,,
"Super Wall Breaker",4000028,5,,"TID_CHARACTER_ELITE_WALLBREAKER","TID_CHARACTER_INFO_ELITE_WALLBREAKER",8,5,1,350,250,,,"Elixir",,60,1000,,34,40,80,,,"sc/ui.sc","icon_unit_elite_wallbreaker","unit_skeleton_elite_big","sc/info_wallbreaker_elite.sc",,,,,"Wall",,"Super Wall Breaker Deploy",,"Wall Breaker Attack",,"Wall Breaker Hit",,"FALSE","FALSE","TRUE",,1,"Super_Bomb",,"EliteWallbreaker","Barracks","FALSE",,,0,"TombStone",105,160,,,,,,,,,,,,,,,,,,,,,,,,,,,,,,,,,,,,,,,,,128,,,,,,,,,,,,,,,-50,,,,,,,,,,50,50,1000,"TRUE",,,,,,,,,,,,,,,,,,,,"TRUE",,,,,,,,,,,,,,,,,,,,,,,,,,,,,,,,,,,,,,0,,,,"SuperWallBreakerPlaceholderAbility","1",,"TRUE",,,,,,,,,,,"SuperWallBreaker",,,,,,,,,,,,,
,,6,,,,,,,,300,,,,,,,,56,,,,,,,,,,,,,,,,,,,,,,,,,,,,,,,,,,,140,,,,,,,,,,,,,,,,,,,,,,,,,,,,,,,,,,,,,,,,,,,,,,,,,,,,,,,,,,,,,,,,,,,,,,,,,,,,,,,,,,,,,,,,,,,,,,,,,,,,,,,,,,,,,,,,,,,,,,,,,,,,,,,,,,,,,,,,,,,,,,,,,,,,,,,,,,,,,,,
,,7,,,,,,,,350,,,,,,,,78,,,,,,,,,,,,,,,,,,,,,,,,,,,,,,,,,,,175,,,,,,,,,,,,,,,,,,,,,,,,,,,,,,,,,,,,,,,,,,,,,,,,,,,,,,,,,,,,,,,,,,,,,,,,,,,,,,,,,,,,,,,,,,,,,,,,,,,,,,,,,,,,,,,,,,,,,,,,,,,,,,,,,,,,,,,,,,,,,,,,,,,,,,,,,,,,,,,
,,8,,,,,,,,400,,,,,,,,100,,,,,,,,,,,,,,,,,,,,,,,,,,,,,,,,,,,225,,,,,,,,,,,,,,,,,,,,,,,,,,,,,,,,,,,,,,,,,,,,,,,,,,,,,,,,,,,,,,,,,,,,,,,,,,,,,,,,,,,,,,,,,,,,,,,,,,,,,,,,,,,,,,,,,,,,,,,,,,,,,,,,,,,,,,,,,,,,,,,,,,,,,,,,,,,,,,,
,,9,,,,,,,,450,,,,,,,,120,,,,,,,,,,,,,,,,,,,,,,,,,,,,,,,,,,,275,,,,,,,,,,,,,,,,,,,,,,,,,,,,,,,,,,,,,,,,,,,,,,,,,,,,,,,,,,,,,,,,,,,,,,,,,,,,,,,,,,,,,,,,,,,,,,,,,,,,,,,,,,,,,,,,,,,,,,,,,,,,,,,,,,,,,,,,,,,,,,,,,,,,,,,,,,,,,,,
,,10,,,,,,,,475,,,,,,,,130,,,,,,,,,,,,,,,,,,,,,,,,,,,,,,,,,,,313,,,,,,,,,,,,,,,,,,,,,,,,,,,,,,,,,,,,,,,,,,,,,,,,,,,,,,,,,,,,,,,,,,,,,,,,,,,,,,,,,,,,,,,,,,,,,,,,,,,,,,,,,,,,,,,,,,,,,,,,,,,,,,,,,,,,,,,,,,,,,,,,,,,,,,,,,,,,,,,
,,11,,,,,,,,500,,,,,,,,140,,,,,,,,,,,,,,,,,,,,,,,,,,,,,,,,,,,338,,,,,,,,,,,,,,,,,,,,,,,,,,,,,,,,,,,,,,,,,,,,,,,,,,,,,,,,,,,,,,,,,,,,,,,,,,,,,,,,,,,,,,,,,,,,,,,,,,,,,,,,,,,,,,,,,,,,,,,,,,,,,,,,,,,,,,,,,,,,,,,,,,,,,,,,,,,,,,,
,,12,,,,,,,,525,,,,,,,,150,,,,,,,,,,,,,,,,,,,,,,,,,,,,,,,,,,,363,,,,,,,,,,,,,,,,,,,,,,,,,,,,,,,,,,,,,,,,,,,,,,,,,,,,,,,,,,,,,,,,,,,,,,,,,,,,,,,,,,,,,,,,,,,,,,,,,,,,,,,,,,,,,,,,,,,,,,,,,,,,,,,,,,,,,,,,,,,,,,,,,,,,,,,,,,,,,,,
,,13,,,,,,,,550,,,,,,,,160,,,,,,,,,,,,,,,,,,,,,,,,,,,,,,,,,,,388,,,,,,,,,,,,,,,,,,,,,,,,,,,,,,,,,,,,,,,,,,,,,,,,,,,,,,,,,,,,,,,,,,,,,,,,,,,,,,,,,,,,,,,,,,,,,,,,,,,,,,,,,,,,,,,,,,,,,,,,,,,,,,,,,,,,,,,,,,,,,,,,,,,,,,,,,,,,,,,
,,14,,,,,,,,575,,,,,,,,170,,,,,,,,,,,,,,,,,,,,,,,,,,,,,,,,,,,413,,,,,,,,,,,,,,,,,,,,,,,,,,,,,,,,,,,,,,,,,,,,,,,,,,,,,,,,,,,,,,,,,,,,,,,,,,,,,,,,,,,,,,,,,,,,,,,,,,,,,,,,,,,,,,,,,,,,,,,,,,,,,,,,,,,,,,,,,,,,,,,,,,,,,,,,,,,,,,,
"Rocket Balloon",4000057,5,,"TID_CHARACTER_HASTY_BALLOON","TID_CHARACTER_INFO_HASTY_BALLOON",8,6,1,150,390,,,"Elixir",,0,3000,,170,1,120,,"TRUE","sc/ui.sc","icon_unit_elite_balloon","unit_rocketBalloon_big","sc/info_rocket_balloon.sc",,,,,"Defense",,"Balloon Rocket Deploy",,"Balloon Goblin Attack",,"Balloon Goblin Hit",,"TRUE","FALSE","TRUE",,,"Balloon Goblin Die",,"RocketBalloon","Barracks","FALSE",,,20,"TombStone",300,120,"Rocket Balloon Explosion",416,,,,,,,,,,,,,,,,,,,,,,,,,,,,,,,,,,,,,,,,,,,,,,,,,,,,,,100,,,,,,,,,,600,500,2250,"TRUE",,,,,,,,,,,,,,,,,,,,"TRUE",,,,,,,,,,,,,,,,,,,,,,,,,,,,,,,,,,,,,,,,,,"RocketBallonAbility","1",,,,,,,,,,,,,"SuperTroopAir",,,,,,,,,,,,,
,,6,,,,,,,,545,,,,,,,,220,,,,,,,,,,,,,,,,,,,,,,,,,,,,,,,,,,,400,,,,,,,,,,,,,,,,,,,,,,,,,,,,,,,,,,,,,,,,,,,,,,,,,,,,,,,,,,,,,,,,,,,,,,,,,,,,,,,,,,,,,,,,,,,,,,,,,,,,,,,,,,,,,,,,,,,,,,,,,,,,,,,,,,,,,,,,,,,,,,,,,,,,,,,,,,,,,,,
,,7,,,,,,,,690,,,,,,,,260,,,,,,,,,,,,,,,,,,,,,,,,,,,,,,,,,,,500,,,,,,,,,,,,,,,,,,,,,,,,,,,,,,,,,,,,,,,,,,,,,,,,,,,,,,,,,,,,,,,,,,,,,,,,,,,,,,,,,,,,,,,,,,,,,,,,,,,,,,,,,,,,,,,,,,,,,,,,,,,,,,,,,,,,,,,,,,,,,,,,,,,,,,,,,,,,,,,
,,8,,,,,,,,840,,,,,,,,270,,,,,,,,,,,,,,,,,,,,,,,,,,,,,,,,,,,580,,,,,,,,,,,,,,,,,,,,,,,,,,,,,,,,,,,,,,,,,,,,,,,,,,,,,,,,,,,,,,,,,,,,,,,,,,,,,,,,,,,,,,,,,,,,,,,,,,,,,,,,,,,,,,,,,,,,,,,,,,,,,,,,,,,,,,,,,,,,,,,,,,,,,,,,,,,,,,,
,,9,,,,,,,,940,,,,,,,,280,,,,,,,,,,,,,,,,,,,,,,,,,,,,,,,,,,,620,,,,,,,,,,,,,,,,,,,,,,,,,,,,,,,,,,,,,,,,,,,,,,,,,,,,,,,,,,,,,,,,,,,,,,,,,,,,,,,,,,,,,,,,,,,,,,,,,,,,,,,,,,,,,,,,,,,,,,,,,,,,,,,,,,,,,,,,,,,,,,,,,,,,,,,,,,,,,,,
,,10,,,,,,,,1040,,,,,,,,285,,,,,,,,,,,,,,,,,,,,,,,,,,,,,,,,,,,650,,,,,,,,,,,,,,,,,,,,,,,,,,,,,,,,,,,,,,,,,,,,,,,,,,,,,,,,,,,,,,,,,,,,,,,,,,,,,,,,,,,,,,,,,,,,,,,,,,,,,,,,,,,,,,,,,,,,,,,,,,,,,,,,,,,,,,,,,,,,,,,,,,,,,,,,,,,,,,,
,,11,,,,,,,,1140,,,,,,,,290,,,,,,,,,,,,,,,,,,,,,,,,,,,,,,,,,,,700,,,,,,,,,,,,,,,,,,,,,,,,,,,,,,,,,,,,,,,,,,,,,,,,,,,,,,,,,,,,,,,,,,,,,,,,,,,,,,,,,,,,,,,,,,,,,,,,,,,,,,,,,,,,,,,,,,,,,,,,,,,,,,,,,,,,,,,,,,,,,,,,,,,,,,,,,,,,,,,
,,12,,,,,,,,1240,,,,,,,,304,,,,,,,,,,,,,,,,,,,,,,,,,,,,,,,,,,,730,,,,,,,,,,,,,,,,,,,,,,,,,,,,,,,,,,,,,,,,,,,,,,,,,,,,,,,,,,,,,,,,,,,,,,,,,,,,,,,,,,,,,,,,,,,,,,,,,,,,,,,,,,,,,,,,,,,,,,,,,,,,,,,,,,,,,,,,,,,,,,,,,,,,,,,,,,,,,,,
,,13,,,,,,,,1360,,,,,,,,326,,,,,,,,,,,,,,,,,,,,,,,,,,,,,,,,,,,760,,,,,,,,,,,,,,,,,,,,,,,,,,,,,,,,,,,,,,,,,,,,,,,,,,,,,,,,,,,,,,,,,,,,,,,,,,,,,,,,,,,,,,,,,,,,,,,,,,,,,,,,,,,,,,,,,,,,,,,,,,,,,,,,,,,,,,,,,,,,,,,,,,,,,,,,,,,,,,,
"Super Wizard",4000083,5,,"TID_SUPER_WIZARD","TID_SUPER_WIZARD_INFO",10,7,1,250,250,,,"Elixir",,350,2000,,140,1,,,,"sc/ui.sc","icon_unit_elite_wizard","unit_elite_wizard_big","sc/info_elite_wizard.sc",,,,,,,"Super Wizard Deploy",,"Super Wizard Attack",,"Super Wizard Hit",,"FALSE","TRUE","TRUE",,,"Wizard Die",,"SuperWizard","Barracks","FALSE",,,30,"TombStone",,,,,,,,,,,,,,,,,,,,,,,,,,,,,,,,,,,,,,,,,,,,,,,,,,,,,,,,,,-50,,,,,,,,,,1000,1000,,"TRUE",,300,1,10,128,60,"Super Wizard Attack Chain","Electro Dragon Pre Attack",,,,,,,,,,,,"TRUE",,,,,,,,,,,,,,,,,,,,,,,,,,,,,,,,,,,,,,,,,,"SuperWizardPlaceholderAbility","1",,,,,,,,,,,,,"SuperWizard",,,,,,,,,,,,,
,,6,,,,,,,,300,,,,,,,,160,,,,,,,,,,,,,,,,,,,,,,,,,,,,,,,,,,,,,,,,,,,,,,,,,,,,,,,,,,,,,,,,,,,,,,,,,,,,,,,,,,,,,,,,,,,,,,,,,,,,,,,,,,,,,,,,,,,,,,,,,,,,,,,,,,,,,,,,,,,,,,,,,,,,,,,,,,,,,,,,,,,,,,,,,,,,,,,,,,,,,,,,,,,,,,,,,,
,,7,,,,,,,,350,,,,,,,,180,,,,,,,,,,,,,,,,,,,,,,,,,,,,,,,,,,,,,,,,,,,,,,,,,,,,,,,,,,,,,,,,,,,,,,,,,,,,,,,,,,,,,,,,,,,,,,,,,,,,,,,,,,,,,,,,,,,,,,,,,,,,,,,,,,,,,,,,,,,,,,,,,,,,,,,,,,,,,,,,,,,,,,,,,,,,,,,,,,,,,,,,,,,,,,,,,,
,,8,,,,,,,,400,,,,,,,,200,,,,,,,,,,,,,,,,,,,,,,,,,,,,,,,,,,,,,,,,,,,,,,,,,,,,,,,,,,,,,,,,,,,,,,,,,,,,,,,,,,,,,,,,,,,,,,,,,,,,,,,,,,,,,,,,,,,,,,,,,,,,,,,,,,,,,,,,,,,,,,,,,,,,,,,,,,,,,,,,,,,,,,,,,,,,,,,,,,,,,,,,,,,,,,,,,,
,,9,,,,,,,,545,,,,,,,,220,,,,,,,,,,,,,,,,,,,,,,,,,,,,,,,,,,,,,,,,,,,,,,,,,,,,,,,,,,,,,,,,,,,,,,,,,,,,,,,,,,,,,,,,,,,,,,,,,,,,,,,,,,,,,,,,,,,,,,,,,,,,,,,,,,,,,,,,,,,,,,,,,,,,,,,,,,,,,,,,,,,,,,,,,,,,,,,,,,,,,,,,,,,,,,,,,,
,,10,,,,,,,,705,,,,,,,,240,,,,,,,,,,,,,,,,,,,,,,,,,,,,,,,,,,,,,,,,,,,,,,,,,,,,,,,,,,,,,,,,,,,,,,,,,,,,,,,,,,,,,,,,,,,,,,,,,,,,,,,,,,,,,,,,,,,,,,,,,,,,,,,,,,,,,,,,,,,,,,,,,,,,,,,,,,,,,,,,,,,,,,,,,,,,,,,,,,,,,,,,,,,,,,,,,,
,,11,,,,,,,,760,,,,,,,,265,,,,,,,,,,,,,,,,,,,,,,,,,,,,,,,,,,,,,,,,,,,,,,,,,,,,,,,,,,,,,,,,,,,,,,,,,,,,,,,,,,,,,,,,,,,,,,,,,,,,,,,,,,,,,,,,,,,,,,,,,,,,,,,,,,,,,,,,,,,,,,,,,,,,,,,,,,,,,,,,,,,,,,,,,,,,,,,,,,,,,,,,,,,,,,,,,,
,,12,,,,,,,,815,,,,,,,,285,,,,,,,,,,,,,,,,,,,,,,,,,,,,,,,,,,,,,,,,,,,,,,,,,,,,,,,,,,,,,,,,,,,,,,,,,,,,,,,,,,,,,,,,,,,,,,,,,,,,,,,,,,,,,,,,,,,,,,,,,,,,,,,,,,,,,,,,,,,,,,,,,,,,,,,,,,,,,,,,,,,,,,,,,,,,,,,,,,,,,,,,,,,,,,,,,,
,,13,,,,,,,,870,,,,,,,,305,,,,,,,,,,,,,,,,,,,,,,,,,,,,,,,,,,,,,,,,,,,,,,,,,,,,,,,,,,,,,,,,,,,,,,,,,,,,,,,,,,,,,,,,,,,,,,,,,,,,,,,,,,,,,,,,,,,,,,,,,,,,,,,,,,,,,,,,,,,,,,,,,,,,,,,,,,,,,,,,,,,,,,,,,,,,,,,,,,,,,,,,,,,,,,,,,,
,,14,,,,,,,,925,,,,,,,,335,,,,,,,,,,,,,,,,,,,,,,,,,,,,,,,,,,,,,,,,,,,,,,,,,,,,,,,,,,,,,,,,,,,,,,,,,,,,,,,,,,,,,,,,,,,,,,,,,,,,,,,,,,,,,,,,,,,,,,,,,,,,,,,,,,,,,,,,,,,,,,,,,,,,,,,,,,,,,,,,,,,,,,,,,,,,,,,,,,,,,,,,,,,,,,,,,,
"Super Dragon",4000081,3,,"TID_SUPER_DRAGON","TID_SUPER_DRAGON_INFO",40,9,1,175,3900,,,"Elixir",,300,1800,1500,301,1,160,,,"sc/ui.sc","icon_unit_elite_dragon","unit_superdragon_big","sc/info_super_dragon.sc",,"SuperDragonProjectile",,,,,"Super Dragon Deploy",,"Super Dragon Attack",,"Super_Dragon_Hit",,"TRUE","TRUE","TRUE",,,"Dragon Die",,"SuperDragon","Barracks","FALSE",,,15,"TombStone",,,,,,,,,,,,,,,,,,,,,,,,,,,,,,,,,,,,,,,,,,,,10,192,,,,,,,,,,,,,80,,,,,,,,,,4000,4000,,"TRUE",,,,,,,,,,,,,,,,,,,,"TRUE",,,,,,,,,,,,,,,,,,,,,,,,,,,,,,,,,,,,,,,,,,"SuperDragonPlaceholderAbility","1",,,,,,,,,,,,,"SuperDragon",,,,,,,,,,,,,
,,4,,,,,,,,4500,,,,,,,,326,,,,,,,,,,,,,,,,,,,,,,,,,,,,,,,,,,,,,,,,,,,,,,,,,,,,,,,,,,,,,,,,,,,,,,,,,,,,,,,,,,,,,,,,,,,,,,,,,,,,,,,,,,,,,,,,,,,,,,,,,,,,,,,,,,,,,,,,,,,,,,,,,,,,,,,,,,,,,,,,,,,,,,,,,,,,,,,,,,,,,,,,,,,,,,,,,,
,,5,,,,,,,,5100,,,,,,,,352,,,,,,,,,,,,,,,,,,,,,,,,,,,,,,,,,,,,,,,,,,,,,,,,,,,,,,,,,,,,,,,,,,,,,,,,,,,,,,,,,,,,,,,,,,,,,,,,,,,,,,,,,,,,,,,,,,,,,,,,,,,,,,,,,,,,,,,,,,,,,,,,,,,,,,,,,,,,,,,,,,,,,,,,,,,,,,,,,,,,,,,,,,,,,,,,,,
,,6,,,,,,,,5600,,,,,,,,377,,,,,,,,,,,,,,,,,,,,,,,,,,,,,,,,,,,,,,,,,,,,,,,,,,,,,,,,,,,,,,,,,,,,,,,,,,,,,,,,,,,,,,,,,,,,,,,,,,,,,,,,,,,,,,,,,,,,,,,,,,,,,,,,,,,,,,,,,,,,,,,,,,,,,,,,,,,,,,,,,,,,,,,,,,,,,,,,,,,,,,,,,,,,,,,,,,
,,7,,,,,,,,6100,,,,,,,,402,,,,,,,,,,,,,,,,,,,,,,,,,,,,,,,,,,,,,,,,,,,,,,,,,,,,,,,,,,,,,,,,,,,,,,,,,,,,,,,,,,,,,,,,,,,,,,,,,,,,,,,,,,,,,,,,,,,,,,,,,,,,,,,,,,,,,,,,,,,,,,,,,,,,,,,,,,,,,,,,,,,,,,,,,,,,,,,,,,,,,,,,,,,,,,,,,,
,,8,,,,,,,,6400,,,,,,,,427,,,,,,,,,,,,,,,,,,,,,,,,,,,,,,,,,,,,,,,,,,,,,,,,,,,,,,,,,,,,,,,,,,,,,,,,,,,,,,,,,,,,,,,,,,,,,,,,,,,,,,,,,,,,,,,,,,,,,,,,,,,,,,,,,,,,,,,,,,,,,,,,,,,,,,,,,,,,,,,,,,,,,,,,,,,,,,,,,,,,,,,,,,,,,,,,,,
,,9,,,,,,,,6700,,,,,,,,452,,,,,,,,,,,,,,,,,,,,,,,,,,,,,,,,,,,,,,,,,,,,,,,,,,,,,,,,,,,,,,,,,,,,,,,,,,,,,,,,,,,,,,,,,,,,,,,,,,,,,,,,,,,,,,,,,,,,,,,,,,,,,,,,,,,,,,,,,,,,,,,,,,,,,,,,,,,,,,,,,,,,,,,,,,,,,,,,,,,,,,,,,,,,,,,,,,
,,10,,,,,,,,7200,,,,,,,,477,,,,,,,,,,,,,,,,,,,,,,,,,,,,,,,,,,,,,,,,,,,,,,,,,,,,,,,,,,,,,,,,,,,,,,,,,,,,,,,,,,,,,,,,,,,,,,,,,,,,,,,,,,,,,,,,,,,,,,,,,,,,,,,,,,,,,,,,,,,,,,,,,,,,,,,,,,,,,,,,,,,,,,,,,,,,,,,,,,,,,,,,,,,,,,,,,,
,,11,,,,,,,,7600,,,,,,,,497,,,,,,,,,,,,,,,,,,,,,,,,,,,,,,,,,,,,,,,,,,,,,,,,,,,,,,,,,,,,,,,,,,,,,,,,,,,,,,,,,,,,,,,,,,,,,,,,,,,,,,,,,,,,,,,,,,,,,,,,,,,,,,,,,,,,,,,,,,,,,,,,,,,,,,,,,,,,,,,,,,,,,,,,,,,,,,,,,,,,,,,,,,,,,,,,,,
,,12,,,,,,,,8000,,,,,,,,517,,,,,,,,,,,,,,,,,,,,,,,,,,,,,,,,,,,,,,,,,,,,,,,,,,,,,,,,,,,,,,,,,,,,,,,,,,,,,,,,,,,,,,,,,,,,,,,,,,,,,,,,,,,,,,,,,,,,,,,,,,,,,,,,,,,,,,,,,,,,,,,,,,,,,,,,,,,,,,,,,,,,,,,,,,,,,,,,,,,,,,,,,,,,,,,,,,
,,13,,,,,,,,8400,,,,,,,,537,,,,,,,,,,,,,,,,,,,,,,,,,,,,,,,,,,,,,,,,,,,,,,,,,,,,,,,,,,,,,,,,,,,,,,,,,,,,,,,,,,,,,,,,,,,,,,,,,,,,,,,,,,,,,,,,,,,,,,,,,,,,,,,,,,,,,,,,,,,,,,,,,,,,,,,,,,,,,,,,,,,,,,,,,,,,,,,,,,,,,,,,,,,,,,,,,,
"Inferno Dragon",4000063,1,,"TID_CHARACTER_INFERNO_DRAGON","TID_CHARACTER_INFERNO_DRAGON_INFO",15,11,10,225,1150,,,"Elixir",,350,128,,55,1,,,,"sc/ui.sc","icon_unit_elite_infernodragon","unit_elite_infernodragon_big","sc/info_elite_infernodragon.sc",,,,,,,"Infdragon Deploy",,"Inferno Dragon Attack 1","Inferno Fire2","Dark Tower Hit",,"TRUE","TRUE","TRUE",,,"Infdragon Die",,"Inferno Dragon","Barracks","FALSE",,,30,"TombStone",,,,,,,,,,,,,,,,,,,,,,,,,,,,,,,,,,,,,,,,,,,,,,,"TRUE",110,1100,1700,3200,"Inferno Dragon Attack 2","Inferno Dragon Attack 3",,"Inf Dragon Up 2","Inf Dragon Up 3",,60,,,,,,,,,,1500,1500,,"TRUE",,,,,,,,,,,,,,,,,,,,"TRUE",,,,,,,,,,,,,,,,,,,,,,,,,,,,,,,,,,,,,,,,,,"InfernoDragonPlaceholderAbility","1",,,,,,,,,,,,,"Inferno Dragon",,,,,600,,,,,,,,
,,2,,,,,,,,1300,,,,,,,,59,,,,,,,,,,,,,,,,,,,,,,,,,,,,,,,,,,,,,,,,,,,,,,,,,,,,,,,,,,,,,,,,,,,,,,,,,,,,,,,,,,118,1180,,,,,,,,,,,,,,,,,,,,,,,,,,,,,,,,,,,,,,,,,,,,,,,,,,,,,,,,,,,,,,,,,,,,,,,,,,,,,,,,,,,,,,,,,,,,,,,,,,,,,,,,,,,,,,,
,,3,,,,,,,,1450,,,,,,,,63,,,,,,,,,,,,,,,,,,,,,,,,,,,,,,,,,,,,,,,,,,,,,,,,,,,,,,,,,,,,,,,,,,,,,,,,,,,,,,,,,,126,1260,,,,,,,,,,,,,,,,,,,,,,,,,,,,,,,,,,,,,,,,,,,,,,,,,,,,,,,,,,,,,,,,,,,,,,,,,,,,,,,,,,,,,,,,,,,,,,,,,,,,,,,,,,,,,,,
,,4,,,,,,,,1600,,,,,,,,67,,,,,,,,,,,,,,,,,,,,,,,,,,,,,,,,,,,,,,,,,,,,,,,,,,,,,,,,,,,,,,,,,,,,,,,,,,,,,,,,,,134,1340,,,,,,,,,,,,,,,,,,,,,,,,,,,,,,,,,,,,,,,,,,,,,,,,,,,,,,,,,,,,,,,,,,,,,,,,,,,,,,,,,,,,,,,,,,,,,,,,,,,,,,,,,,,,,,,
,,5,,,,,,,,1750,,,,,,,,71,,,,,,,,,,,,,,,,,,,,,,,,,,,,,,,,,,,,,,,,,,,,,,,,,,,,,,,,,,,,,,,,,,,,,,,,,,,,,,,,,,142,1420,,,,,,,,,,,,,,,,,,,,,,,,,,,,,,,,,,,,,,,,,,,,,,,,,,,,,,,,,,,,,,,,,,,,,,,,,,,,,,,,,,,,,,,,,,,,,,,,,,,,,,,,,,,,,,,
,,6,,,,,,,,1900,,,,,,,,75,,,,,,,,,,,,,,,,,,,,,,,,,,,,,,,,,,,,,,,,,,,,,,,,,,,,,,,,,,,,,,,,,,,,,,,,,,,,,,,,,,150,1500,,,,,,,,,,,,,,,,,,,,,,,,,,,,,,,,,,,,,,,,,,,,,,,,,,,,,,,,,,,,,,,,,,,,,,,,,,,,,,,,,,,,,,,,,,,,,,,,,,,,,,,,,,,,,,,
,,7,,,,,,,,2050,,,,,,,,79,,,,,,,,,,,,,,,,,,,,,,,,,,,,,,,,,,,,,,,,,,,,,,,,,,,,,,,,,,,,,,,,,,,,,,,,,,,,,,,,,,158,1580,,,,,,,,,,,,,,,,,,,,,,,,,,,,,,,,,,,,,,,,,,,,,,,,,,,,,,,,,,,,,,,,,,,,,,,,,,,,,,,,,,,,,,,,,,,,,,,,,,,,,,,,,,,,,,,
,,8,,,,,,,,2200,,,,,,,,83,,,,,,,,,,,,,,,,,,,,,,,,,,,,,,,,,,,,,,,,,,,,,,,,,,,,,,,,,,,,,,,,,,,,,,,,,,,,,,,,,,166,1660,,,,,,,,,,,,,,,,,,,,,,,,,,,,,,,,,,,,,,,,,,,,,,,,,,,,,,,,,,,,,,,,,,,,,,,,,,,,,,,,,,,,,,,,,,,,,,,,,,,,,,,,,,,,,,,
,,9,,,,,,,,2300,,,,,,,,85,,,,,,,,,,,,,,,,,,,,,,,,,,,,,,,,,,,,,,,,,,,,,,,,,,,,,,,,,,,,,,,,,,,,,,,,,,,,,,,,,,170,1700,,,,,,,,,,,,,,,,,,,,,,,,,,,,,,,,,,,,,,,,,,,,,,,,,,,,,,,,,,,,,,,,,,,,,,,,,,,,,,,,,,,,,,,,,,,,,,,,,,,,,,,,,,,,,,,
,,10,,,,,,,,2400,,,,,,,,87,,,,,,,,,,,,,,,,,,,,,,,,,,,,,,,,,,,,,,,,,,,,,,,,,,,,,,,,,,,,,,,,,,,,,,,,,,,,,,,,,,174,1740,,,,,,,,,,,,,,,,,,,,,,,,,,,,,,,,,,,,,,,,,,,,,,,,,,,,,,,,,,,,,,,,,,,,,,,,,,,,,,,,,,,,,,,,,,,,,,,,,,,,,,,,,,,,,,,
,,11,,,,,,,,2500,,,,,,,,89,,,,,,,,,,,,,,,,,,,,,,,,,,,,,,,,,,,,,,,,,,,,,,,,,,,,,,,,,,,,,,,,,,,,,,,,,,,,,,,,,,178,1780,,,,,,,,,,,,,,,,,,,,,,,,,,,,,,,,,,,,,,,,,,,,,,,,,,,,,,,,,,,,,,,,,,,,,,,,,,,,,,,,,,,,,,,,,,,,,,,,,,,,,,,,,,,,,,,
,,12,,,,,,,,2700,,,,,,,,91,,,,,,,,,,,,,,,,,,,,,,,,,,,,,,,,,,,,,,,,,,,,,,,,,,,,,,,,,,,,,,,,,,,,,,,,,,,,,,,,,,182,1820,,,,,,,,,,,,,,,,,,,,,,,,,,,,,,,,,,,,,,,,,,,,,,,,,,,,,,,,,,,,,,,,,,,,,,,,,,,,,,,,,,,,,,,,,,,,,,,,,,,,,,,,,,,,,,,
"Super Miner",4000056,1,,"TID_SUPER_MINER","TID_SUPER_MINER_INFO",24,12,1,400,1700,,,"Elixir",,60,250,,80,,,,,"sc/ui.sc","icon_unit_elite_miner","unit_elite_miner_big","sc/info_elite_miner.sc",,,,,,,"Super Miner Deploy",,"Super Miner Attack",,"Super Miner Hit",,"FALSE","FALSE","TRUE",,,"Miner Die","Super Miner Bomb Appear","SuperMiner","Barracks","FALSE",,,0,"TombStone",800,200,"Super Miner death",1000,,,,,,,,,,,,,,,,,,,,,,,,,,,,,,,,,,,,,,,,,,,"TRUE",160,280,1500,3000,,,,,,,-50,,,,,,,,"TRUE",,2400,2400,,"TRUE",,,,,,,,,,"Super Miner Move",,,"Super Miner Appear","Super Miner Hide",,,,,,"TRUE",,,,,,,,,,,,,,,,,,,,,,,,,,,,,,,,,,,,,,,,,,"SuperMinerPlaceholderAbility","1",,,,,,,,,,,,,"SuperMiner",,,,,,,,,,,,,
,,2,,,,,,,,1900,,,,,,,,95,,,,,,,,,,,,,,,,,,,,,,,,,,,,,,,,,,,900,,,,,,,,,,,,,,,,,,,,,,,,,,,,,,,,,,,,,,,,,,,,,,,190,320,,,,,,,,,,,,,,,,,,,,,,,,,,,,,,,,,,,,,,,,,,,,,,,,,,,,,,,,,,,,,,,,,,,,,,,,,,,,,,,,,,,,,,,,,,,,,,,,,,,,,,,,,,,,,,,
,,3,,,,,,,,2100,,,,,,,,110,,,,,,,,,,,,,,,,,,,,,,,,,,,,,,,,,,,1000,,,,,,,,,,,,,,,,,,,,,,,,,,,,,,,,,,,,,,,,,,,,,,,220,360,,,,,,,,,,,,,,,,,,,,,,,,,,,,,,,,,,,,,,,,,,,,,,,,,,,,,,,,,,,,,,,,,,,,,,,,,,,,,,,,,,,,,,,,,,,,,,,,,,,,,,,,,,,,,,,
,,4,,,,,,,,2300,,,,,,,,125,,,,,,,,,,,,,,,,,,,,,,,,,,,,,,,,,,,1100,,,,,,,,,,,,,,,,,,,,,,,,,,,,,,,,,,,,,,,,,,,,,,,250,400,,,,,,,,,,,,,,,,,,,,,,,,,,,,,,,,,,,,,,,,,,,,,,,,,,,,,,,,,,,,,,,,,,,,,,,,,,,,,,,,,,,,,,,,,,,,,,,,,,,,,,,,,,,,,,,
,,5,,,,,,,,2500,,,,,,,,140,,,,,,,,,,,,,,,,,,,,,,,,,,,,,,,,,,,1200,,,,,,,,,,,,,,,,,,,,,,,,,,,,,,,,,,,,,,,,,,,,,,,280,440,,,,,,,,,,,,,,,,,,,,,,,,,,,,,,,,,,,,,,,,,,,,,,,,,,,,,,,,,,,,,,,,,,,,,,,,,,,,,,,,,,,,,,,,,,,,,,,,,,,,,,,,,,,,,,,
,,6,,,,,,,,2700,,,,,,,,155,,,,,,,,,,,,,,,,,,,,,,,,,,,,,,,,,,,1300,,,,,,,,,,,,,,,,,,,,,,,,,,,,,,,,,,,,,,,,,,,,,,,310,480,,,,,,,,,,,,,,,,,,,,,,,,,,,,,,,,,,,,,,,,,,,,,,,,,,,,,,,,,,,,,,,,,,,,,,,,,,,,,,,,,,,,,,,,,,,,,,,,,,,,,,,,,,,,,,,
,,7,,,,,,,,3000,,,,,,,,170,,,,,,,,,,,,,,,,,,,,,,,,,,,,,,,,,,,1400,,,,,,,,,,,,,,,,,,,,,,,,,,,,,,,,,,,,,,,,,,,,,,,340,520,,,,,,,,,,,,,,,,,,,,,,,,,,,,,,,,,,,,,,,,,,,,,,,,,,,,,,,,,,,,,,,,,,,,,,,,,,,,,,,,,,,,,,,,,,,,,,,,,,,,,,,,,,,,,,,
,,8,,,,,,,,3300,,,,,,,,185,,,,,,,,,,,,,,,,,,,,,,,,,,,,,,,,,,,1600,,,,,,,,,,,,,,,,,,,,,,,,,,,,,,,,,,,,,,,,,,,,,,,370,560,,,,,,,,,,,,,,,,,,,,,,,,,,,,,,,,,,,,,,,,,,,,,,,,,,,,,,,,,,,,,,,,,,,,,,,,,,,,,,,,,,,,,,,,,,,,,,,,,,,,,,,,,,,,,,,
,,9,,,,,,,,3600,,,,,,,,205,,,,,,,,,,,,,,,,,,,,,,,,,,,,,,,,,,,1800,,,,,,,,,,,,,,,,,,,,,,,,,,,,,,,,,,,,,,,,,,,,,,,405,605,,,,,,,,,,,,,,,,,,,,,,,,,,,,,,,,,,,,,,,,,,,,,,,,,,,,,,,,,,,,,,,,,,,,,,,,,,,,,,,,,,,,,,,,,,,,,,,,,,,,,,,,,,,,,,,
,,10,,,,,,,,4000,,,,,,,,225,,,,,,,,,,,,,,,,,,,,,,,,,,,,,,,,,,,2000,,,,,,,,,,,,,,,,,,,,,,,,,,,,,,,,,,,,,,,,,,,,,,,440,650,,,,,,,,,,,,,,,,,,,,,,,,,,,,,,,,,,,,,,,,,,,,,,,,,,,,,,,,,,,,,,,,,,,,,,,,,,,,,,,,,,,,,,,,,,,,,,,,,,"SuperMinerHighLVL",,,,,,,,,,,,,
,,11,,,,,,,,4400,,,,,,,,245,,,,,,,,,,,,,,,,,,,,,,,,,,,,,,,,,,,2200,,,,,,,,,,,,,,,,,,,,,,,,,,,,,,,,,,,,,,,,,,,,,,,475,695,,,,,,,,,,,,,,,,,,,,,,,,,,,,,,,,,,,,,,,,,,,,,,,,,,,,,,,,,,,,,,,,,,,,,,,,,,,,,,,,,,,,,,,,,,,,,,,,,,,,,,,,,,,,,,,
,,12,,,,,,,,5000,,,,,,,,265,,,,,,,,,,,,,,,,,,,,,,,,,,,,,,,,,,,2400,,,,,,,,,,,,,,,,,,,,,,,,,,,,,,,,,,,,,,,,,,,,,,,510,740,,,,,,,,,,,,,,,,,,,,,,,,,,,,,,,,,,,,,,,,,,,,,,,,,,,,,,,,,,,,,,,,,,,,,,,,,,,,,,,,,,,,,,,,,,,,,,,,,,,,,,,,,,,,,,,
"Super Yeti",4000147,1,,"TID_CHARACTER_SUPER_YETI","TID_CHARACTER_INFO_SUPER_YETI",35,14,1,150,4600,,,"Elixir",,80,1000,,360,1,,,,"sc/ui.sc","icon_unit_elite_yeti","unit_super_yeti_big","sc/info_super_yeti.sc",,,,,,,"SuperYeti Deploy",,"SuperYeti Attack",,"SuperYeti Hit",,"FALSE","FALSE","TRUE",,,"SuperYeti Die",,"super_yeti_lvl1","Barracks","FALSE",,,0,"TombStone",,,,,,,,,,,,,100,,,,,,,,,,,,,,,,,,,,,,,,,,,,,,,,,,,,,,,,,,,,,-50,,,,,,,,,,3000,3500,,"TRUE",,,,,,,,,,,,,,,,,,,,"TRUE",,,,,,,,,,,,,,,,,,,,,,,,,,,,,,,,,,,,,,,,,,"SuperYetiSpawnYetiMites","1",,,,,,,,,,,,,"TroopSuperYeti",,"HitPoints;DamagePerSecond;UnitsSpawned;DamageType;TargetType;HousingSpace;MovementSpeed;Range",,,,,,,,,,,
,,2,,,,,,,,5000,,,,,,,,390,,,,,,,,,,,,,,,,,,,,,,,,,,,,,,,,,,,,,,,,,,,,,,,,,,,,,,,,,,,,,,,,,,,,,,,,,,,,,,,,,,,,,,,,,,,,,,,,,,,,,,,,,,,,,,,,,,,,,,,,,,,,,,,,,,,,,,,,,,,,,,,,,,,,,,,,,,,,,,,,,,,,,,,,"2",,,,,,,,,,,,,,,,,,,,,,,,,,
,,3,,,,,,,,5400,,,,,,,,415,,,,,,,,,,,,,,,,,,,,,,,,,,,,,,,,,,,,,,,,,,,,,,,,,,,,,,,,,,,,,,,,,,,,,,,,,,,,,,,,,,,,,,,,,,,,,,,,,,,,,,,,,,,,,,,,,,,,,,,,,,,,,,,,,,,,,,,,,,,,,,,,,,,,,,,,,,,,,,,,,,,,,,,,"3",,,,,,,,,,,,,,,,,,,,,,,,,,
,,4,,,,,,,,5800,,,,,,,,440,,,,,,,,,,,,,,,,,,,,,,,,,,,,,,,,,,,,,,,,,,,,,,,,,,,,,,,,,,,,,,,,,,,,,,,,,,,,,,,,,,,,,,,,,,,,,,,,,,,,,,,,,,,,,,,,,,,,,,,,,,,,,,,,,,,,,,,,,,,,,,,,,,,,,,,,,,,,,,,,,,,,,,,,"4",,,,,,,,,,,,,,,,,,,,,,,,,,
,,5,,,,,,,,6200,,,,,,,,465,,,,,,,,,,,,,,,,,,,,,,,,,,,,,,,,,,,,,,,,,,,,,,,,,,,,,,,,,,,,,,,,,,,,,,,,,,,,,,,,,,,,,,,,,,,,,,,,,,,,,,,,,,,,,,,,,,,,,,,,,,,,,,,,,,,,,,,,,,,,,,,,,,,,,,,,,,,,,,,,,,,,,,,,"5",,,,,,,,,,,,,,,,,,,,,,,,,,
,,6,,,,,,,,6600,,,,,,,,495,,,,,,,,,,,,,,,,,,,,,,,,,,,,,,,,,,,,,,,,,,,,,,,,,,,,,,,,,,,,,,,,,,,,,,,,,,,,,,,,,,,,,,,,,,,,,,,,,,,,,,,,,,,,,,,,,,,,,,,,,,,,,,,,,,,,,,,,,,,,,,,,,,,,,,,,,,,,,,,,,,,,,,,,"6",,,,,,,,,,,,,,,,,,,,,,,,,,
,,7,,,,,,,,7000,,,,,,,,525,,,,,,,,,,,,,,,,,,,,,,,,,,,,,,,,,,,,,,,,,,,,,,,,,,,,,,,,,,,,,,,,,,,,,,,,,,,,,,,,,,,,,,,,,,,,,,,,,,,,,,,,,,,,,,,,,,,,,,,,,,,,,,,,,,,,,,,,,,,,,,,,,,,,,,,,,,,,,,,,,,,,,,,,"7",,,,,,,,,,,,,,,,,,,,,,,,,,
,,8,,,,,,,,7400,,,,,,,,550,,,,,,,,,,,,,,,,,,,,,,,,,,,,,,,,,,,,,,,,,,,,,,,,,,,,,,,,,,,,,,,,,,,,,,,,,,,,,,,,,,,,,,,,,,,,,,,,,,,,,,,,,,,,,,,,,,,,,,,,,,,,,,,,,,,,,,,,,,,,,,,,,,,,,,,,,,,,,,,,,,,,,,,,"8",,,,,,,,,,,,,,,,,,,,,,,,,,
"Electromite",4000148,1,,"TID_CHARACTER_ELECTROMITE","TID_CHARACTER_ELECTROMITE_INFO",3,1,1,300,300,,,,,200,1000,,56,4,,,,,,"unit_electromite_big","sc/info_super_yeti.sc",,,,,"Any Building",,"SuperYetimite Deploy",,"Zappies Attack",,"SuperYetimite Hit",,"FALSE","TRUE","TRUE",,1,"SuperYetimite Die",,"electromite",,"TRUE",,,0,,,,,,,,"TRUE",,,,"TRUE",,,,,,,,,,,,,,,,,,,,,,,,,,,,,,,,,,,,,,,,,,,,,,,-50,,,,,,,,,,50,50,500,"FALSE",,,,,,,,,,,,,,,,,,,,,,,,,,,,,,,,,,,,,,,,,,,"TRUE",,,,,,,,,,,,,,,0,,,,"ElectromiteStunAbility","1",,,,,,,,,,,,,"SecondaryTroop",,,,,,,,,,,,,
,,2,,,,,,,,350,,,,,,,,64,,,,,,,,,,,,,,,,,,,,,,,,,,,,,,,,,,,,,,,,,,,,,,,,,,,,,,,,,,,,,,,,,,,,,,,,,,,,,,,,,,,,,,,,,,,,,,,,,,,,,,,,,,,,,,,,,,,,,,,,,,,,,,,,,,,,,,,,,,,,,,,,,,,,,,,,,,,,,,,,,,,,,,,,,,,,,,,,,,,,,,,,,,,,,,,,,,
,,3,,,,,,,,400,,,,,,,,72,,,,,,,,,,,,,,,,,,,,,,,,,,,,,,,,,,,,,,,,,,,,,,,,,,,,,,,,,,,,,,,,,,,,,,,,,,,,,,,,,,,,,,,,,,,,,,,,,,,,,,,,,,,,,,,,,,,,,,,,,,,,,,,,,,,,,,,,,,,,,,,,,,,,,,,,,,,,,,,,,,,,,,,,,,,,,,,,,,,,,,,,,,,,,,,,,,
,,4,,,,,,,,450,,,,,,,,78,,,,,,,,,,,,,,,,,,,,,,,,,,,,,,,,,,,,,,,,,,,,,,,,,,,,,,,,,,,,,,,,,,,,,,,,,,,,,,,,,,,,,,,,,,,,,,,,,,,,,,,,,,,,,,,,,,,,,,,,,,,,,,,,,,,,,,,,,,,,,,,,,,,,,,,,,,,,,,,,,,,,,,,,,,,,,,,,,,,,,,,,,,,,,,,,,,
,,5,,,,,,,,500,,,,,,,,84,,,,,,,,,,,,,,,,,,,,,,,,,,,,,,,,,,,,,,,,,,,,,,,,,,,,,,,,,,,,,,,,,,,,,,,,,,,,,,,,,,,,,,,,,,,,,,,,,,,,,,,,,,,,,,,,,,,,,,,,,,,,,,,,,,,,,,,,,,,,,,,,,,,,,,,,,,,,,,,,,,,,,,,,,,,,,,,,,,,,,,,,,,,,,,,,,,
,,6,,,,,,,,550,,,,,,,,88,,,,,,,,,,,,,,,,,,,,,,,,,,,,,,,,,,,,,,,,,,,,,,,,,,,,,,,,,,,,,,,,,,,,,,,,,,,,,,,,,,,,,,,,,,,,,,,,,,,,,,,,,,,,,,,,,,,,,,,,,,,,,,,,,,,,,,,,,,,,,,,,,,,,,,,,,,,,,,,,,,,,,,,,,,,,,,,,,,,,,,,,,,,,,,,,,,
,,7,,,,,,,,575,,,,,,,,90,,,,,,,,,,,,,,,,,,,,,,,,,,,,,,,,,,,,,,,,,,,,,,,,,,,,,,,,,,,,,,,,,,,,,,,,,,,,,,,,,,,,,,,,,,,,,,,,,,,,,,,,,,,,,,,,,,,,,,,,,,,,,,,,,,,,,,,,,,,,,,,,,,,,,,,,,,,,,,,,,,,,,,,,,,,,,,,,,,,,,,,,,,,,,,,,,,
,,8,,,,,,,,590,,,,,,,,92,,,,,,,,,,,,,,,,,,,,,,,,,,,,,,,,,,,,,,,,,,,,,,,,,,,,,,,,,,,,,,,,,,,,,,,,,,,,,,,,,,,,,,,,,,,,,,,,,,,,,,,,,,,,,,,,,,,,,,,,,,,,,,,,,,,,,,,,,,,,,,,,,,,,,,,,,,,,,,,,,,,,,,,,,,,,,,,,,,,,,,,,,,,,,,,,,,
"Super Minion",4000084,4,,"TID_SUPER_MINION","TID_CHARACTER_INFO_SUPER_MINION",12,1,1,200,1100,,,"DarkElixir",,350,1000,,200,1,,,,"sc/ui.sc","icon_unit_elite_minion","unit_elite_minion_big","sc/info_elite_minion.sc",,"super_gargoyle_projectile",,,,,"Super_Gargoyle Deploy",,"Super_Gargoyle Attack",,"Moving Cannon Hit",,"TRUE","TRUE","TRUE",,,"Gargoyle Die",,"SuperMinion","Dark Barracks","FALSE",,,100,"DarkTombStone",,,,,,,,,,,,,,,,,,,,,,,,,,,,,,,,,,,,,,,,,,,,,,,,,,,,,,,,,,60,,,,,,,,,,1200,1000,,"TRUE",,,,,,,,,,,,,,,,,,,,"TRUE",,,,,,,,,,,,,,,,,,,,,,,,"Defensive Super Minion",,,,,,,,,,,,,,,,,,"SuperMinionSpecialProjectiles","1",,,,,,,,,,,,,"SuperMinion",,,,,,,,,,,,,
,,5,,,,,,,,1200,,,,,,,,225,,,,,,,,,,,,,,,,,,,,,,,,,,,,,,,,,,,,,,,,,,,,,,,,,,,,,,,,,,,,,,,,,,,,,,,,,,,,,,,,,,,,,,,,,,,,,,,,,,,,,,,,,,,,,,,,,,,,,,,,,,,,,,,,,,,,,,,,,,,,,,,,,,,,,,,,,,,,,,,,,,,,,,,,,,,,,,,,,,,,,,,,,,,,,,,,,,
,,6,,,,,,,,1300,,,,,,,,250,,,,,,,,,,,,,,,,,,,,,,,,,,,,,,,,,,,,,,,,,,,,,,,,,,,,,,,,,,,,,,,,,,,,,,,,,,,,,,,,,,,,,,,,,,,,,,,,,,,,,,,,,,,,,,,,,,,,,,,,,,,,,,,,,,,,,,,,,,,,,,,,,,,,,,,,,,,,,,,,,,,,,,,,,,,,,,,,,,,,,,,,,,,,,,,,,,
,,7,,,,,,,,1400,,,,,,,,275,,,,,,,,,,,,,,,,,,,,,,,,,,,,,,,,,,,,,,,,,,,,,,,,,,,,,,,,,,,,,,,,,,,,,,,,,,,,,,,,,,,,,,,,,,,,,,,,,,,,,,,,,,,,,,,,,,,,,,,,,,,,,,,,,,,,,,,,,,,,,,,,,,,,,,,,,,,,,,,,,,,,,,,,,,,,,,,,,,,,,,,,,,,,,,,,,,
,,8,,,,,,,,1500,,,,,,,,300,,,,,,,,,,,,,,,,,,,,,,,,,,,,,,,,,,,,,,,,,,,,,,,,,,,,,,,,,,,,,,,,,,,,,,,,,,,,,,,,,,,,,,,,,,,,,,,,,,,,,,,,,,,,,,,,,,,,,,,,,,,,,,,,,,,,,,,,,,,,,,,,,,,,,,,,,,,,,,,,,,,,,,,,,,,,,,,,,,,,,,,,,,,,,,,,,,
,,9,,,,,,,,1600,,,,,,,,325,,,,,,,,,,,,,,,,,,,,,,,,,,,,,,,,,,,,,,,,,,,,,,,,,,,,,,,,,,,,,,,,,,,,,,,,,,,,,,,,,,,,,,,,,,,,,,,,,,,,,,,,,,,,,,,,,,,,,,,,,,,,,,,,,,,,,,,,,,,,,,,,,,,,,,,,,,,,,,,,,,,,,,,,,,,,,,,,,,,,,,,,,,,,,,,,,,
,,10,,,,,,,,1700,,,,,,,,350,,,,,,,,,,,,,,,,,,,,,,,,,,,,,,,,,,,,,,,,,,,,,,,,,,,,,,,,,,,,,,,,,,,,,,,,,,,,,,,,,,,,,,,,,,,,,,,,,,,,,,,,,,,,,,,,,,,,,,,,,,,,,,,,,,,,,,,,,,,,,,,,,,,,,,,,,,,,,,,,,,,,,,,,,,,,,,,,,,,,,,,,,,,,,,,,,,
,,11,,,,,,,,1800,,,,,,,,360,,,,,,,,,,,,,,,,,,,,,,,,,,,,,,,,,,,,,,,,,,,,,,,,,,,,,,,,,,,,,,,,,,,,,,,,,,,,,,,,,,,,,,,,,,,,,,,,,,,,,,,,,,,,,,,,,,,,,,,,,,,,,,,,,,,,,,,,,,,,,,,,,,,,,,,,,,,,,,,,,,,,,,,,,,,,,,,,,,,,,,,,,,,,,,,,,,
,,12,,,,,,,,1900,,,,,,,,370,,,,,,,,,,,,,,,,,,,,,,,,,,,,,,,,,,,,,,,,,,,,,,,,,,,,,,,,,,,,,,,,,,,,,,,,,,,,,,,,,,,,,,,,,,,,,,,,,,,,,,,,,,,,,,,,,,,,,,,,,,,,,,,,,,,,,,,,,,,,,,,,,,,,,,,,,,,,,,,,,,,,,,,,,,,,,,,,,,,,,,,,,,,,,,,,,,
,,13,,,,,,,,2100,,,,,,,,385,,,,,,,,,,,,,,,,,,,,,,,,,,,,,,,,,,,,,,,,,,,,,,,,,,,,,,,,,,,,,,,,,,,,,,,,,,,,,,,,,,,,,,,,,,,,,,,,,,,,,,,,,,,,,,,,,,,,,,,,,,,,,,,,,,,,,,,,,,,,,,,,,,,,,,,,,,,,,,,,,,,,,,,,,,,,,,,,,,,,,,,,,,,,,,,,,,
,,14,,,,,,,,2300,,,,,,,,400,,,,,,,,,,,,,,,,,,,,,,,,,,,,,,,,,,,,,,,,,,,,,,,,,,,,,,,,,,,,,,,,,,,,,,,,,,,,,,,,,,,,,,,,,,,,,,,,,,,,,,,,,,,,,,,,,,,,,,,,,,,,,,,,,,,,,,,,,,,,,,,,,,,,,,,,,,,,,,,,,,,,,,,,,,,,,,,,,,,,,,,,,,,,,,,,,,
"Defensive Super Minion",4000086,4,,"TID_SUPER_MINION","TID_CHARACTER_INFO_SUPER_MINION",12,1,1,200,1100,,,,,350,1000,,200,1,,,,,,,,,"super_gargoyle_projectile",,,,,"Super_Gargoyle Deploy",,"Super_Gargoyle Attack",,"Moving Cannon Hit",,"TRUE","TRUE","TRUE",,,"Gargoyle Die",,"SuperMinion",,"FALSE",,,100,"DarkTombStone",,,,,,,"TRUE",,,,,,,,,,,,,,,,,,,,,,,,,,,,,,,,,,,,,,,,,,,,,,,,,,,60,,,,,,,,,,1200,1000,,"TRUE",,,,,,,,,,,,,,,,,,,,,,,,,,,,,,,,,,,,,,,,,,,,,,,,,,,,,,,,,,,,,,"SuperMinionSpecialProjectiles_DEF","1",,,,,,,,,,,,,,,,,,,,,,,,,,
,,5,,,,,,,,1200,,,,,,,,225,,,,,,,,,,,,,,,,,,,,,,,,,,,,,,,,,,,,,,,,,,,,,,,,,,,,,,,,,,,,,,,,,,,,,,,,,,,,,,,,,,,,,,,,,,,,,,,,,,,,,,,,,,,,,,,,,,,,,,,,,,,,,,,,,,,,,,,,,,,,,,,,,,,,,,,,,,,,,,,,,,,,,,,,,,,,,,,,,,,,,,,,,,,,,,,,,,
,,6,,,,,,,,1300,,,,,,,,250,,,,,,,,,,,,,,,,,,,,,,,,,,,,,,,,,,,,,,,,,,,,,,,,,,,,,,,,,,,,,,,,,,,,,,,,,,,,,,,,,,,,,,,,,,,,,,,,,,,,,,,,,,,,,,,,,,,,,,,,,,,,,,,,,,,,,,,,,,,,,,,,,,,,,,,,,,,,,,,,,,,,,,,,,,,,,,,,,,,,,,,,,,,,,,,,,,
,,7,,,,,,,,1400,,,,,,,,275,,,,,,,,,,,,,,,,,,,,,,,,,,,,,,,,,,,,,,,,,,,,,,,,,,,,,,,,,,,,,,,,,,,,,,,,,,,,,,,,,,,,,,,,,,,,,,,,,,,,,,,,,,,,,,,,,,,,,,,,,,,,,,,,,,,,,,,,,,,,,,,,,,,,,,,,,,,,,,,,,,,,,,,,,,,,,,,,,,,,,,,,,,,,,,,,,,
,,8,,,,,,,,1500,,,,,,,,300,,,,,,,,,,,,,,,,,,,,,,,,,,,,,,,,,,,,,,,,,,,,,,,,,,,,,,,,,,,,,,,,,,,,,,,,,,,,,,,,,,,,,,,,,,,,,,,,,,,,,,,,,,,,,,,,,,,,,,,,,,,,,,,,,,,,,,,,,,,,,,,,,,,,,,,,,,,,,,,,,,,,,,,,,,,,,,,,,,,,,,,,,,,,,,,,,,
,,9,,,,,,,,1600,,,,,,,,325,,,,,,,,,,,,,,,,,,,,,,,,,,,,,,,,,,,,,,,,,,,,,,,,,,,,,,,,,,,,,,,,,,,,,,,,,,,,,,,,,,,,,,,,,,,,,,,,,,,,,,,,,,,,,,,,,,,,,,,,,,,,,,,,,,,,,,,,,,,,,,,,,,,,,,,,,,,,,,,,,,,,,,,,,,,,,,,,,,,,,,,,,,,,,,,,,,
,,10,,,,,,,,1700,,,,,,,,350,,,,,,,,,,,,,,,,,,,,,,,,,,,,,,,,,,,,,,,,,,,,,,,,,,,,,,,,,,,,,,,,,,,,,,,,,,,,,,,,,,,,,,,,,,,,,,,,,,,,,,,,,,,,,,,,,,,,,,,,,,,,,,,,,,,,,,,,,,,,,,,,,,,,,,,,,,,,,,,,,,,,,,,,,,,,,,,,,,,,,,,,,,,,,,,,,,
,,11,,,,,,,,1800,,,,,,,,370,,,,,,,,,,,,,,,,,,,,,,,,,,,,,,,,,,,,,,,,,,,,,,,,,,,,,,,,,,,,,,,,,,,,,,,,,,,,,,,,,,,,,,,,,,,,,,,,,,,,,,,,,,,,,,,,,,,,,,,,,,,,,,,,,,,,,,,,,,,,,,,,,,,,,,,,,,,,,,,,,,,,,,,,,,,,,,,,,,,,,,,,,,,,,,,,,,
,,12,,,,,,,,1900,,,,,,,,385,,,,,,,,,,,,,,,,,,,,,,,,,,,,,,,,,,,,,,,,,,,,,,,,,,,,,,,,,,,,,,,,,,,,,,,,,,,,,,,,,,,,,,,,,,,,,,,,,,,,,,,,,,,,,,,,,,,,,,,,,,,,,,,,,,,,,,,,,,,,,,,,,,,,,,,,,,,,,,,,,,,,,,,,,,,,,,,,,,,,,,,,,,,,,,,,,,
,,13,,,,,,,,2000,,,,,,,,400,,,,,,,,,,,,,,,,,,,,,,,,,,,,,,,,,,,,,,,,,,,,,,,,,,,,,,,,,,,,,,,,,,,,,,,,,,,,,,,,,,,,,,,,,,,,,,,,,,,,,,,,,,,,,,,,,,,,,,,,,,,,,,,,,,,,,,,,,,,,,,,,,,,,,,,,,,,,,,,,,,,,,,,,,,,,,,,,,,,,,,,,,,,,,,,,,,
,,14,,,,,,,,2300,,,,,,,,415,,,,,,,,,,,,,,,,,,,,,,,,,,,,,,,,,,,,,,,,,,,,,,,,,,,,,,,,,,,,,,,,,,,,,,,,,,,,,,,,,,,,,,,,,,,,,,,,,,,,,,,,,,,,,,,,,,,,,,,,,,,,,,,,,,,,,,,,,,,,,,,,,,,,,,,,,,,,,,,,,,,,,,,,,,,,,,,,,,,,,,,,,,,,,,,,,,
"Super Hog Rider",4000098,4,,"TID_CHARACTER_SUPER_HOG_RIDER","TID_CHARACTER_SUPER_HOG_RIDER_INFO",12,2,1,300,800,,,"DarkElixir",,60,1000,,100,,,,,"sc/ui.sc","icon_unit_elite_hogrider","unit_elite_hogrider_big","sc/info_elite_hogrider.sc",,,,,"Defense",,"SuperBoarRider Deploy",,"SuperBoarRider Attack",,"BoarRider Hit",,"FALSE","FALSE","TRUE",,,"SuperBoarRider Die",,"SuperHogRider","Dark Barracks","TRUE",,,0,,,,,,,,,,,,,,,,,,,,,,,,,,,,,,,,,,,,,,,,,,,,,,,,,,,,,,,,,,,-50,,,,,,,,,,1200,1200,,"TRUE",,,,,,,,,,,,,,,,,,,,"TRUE",,,,,,,,,,,,,,,,,,,,,,,,,,,,,,,,,,,,,,,,,,"SuperHogRiderSummonRider;SuperHogRiderSummonHog","1;1",,,,,,,,,,,,,"SuperHogRider",,,,,,,,,,,,,
,,5,,,,,,,,900,,,,,,,,115,,,,,,,,,,,,,,,,,,,,,,,,,,,,,,,,,,,,,,,,,,,,,,,,,,,,,,,,,,,,,,,,,,,,,,,,,,,,,,,,,,,,,,,,,,,,,,,,,,,,,,,,,,,,,,,,,,,,,,,,,,,,,,,,,,,,,,,,,,,,,,,,,,,,,,,,,,,,,,,,,,,,,,,,"2;2",,,,,,,,,,,,,,,,,,,,,,,,,,
,,6,,,,,,,,1100,,,,,,,,130,,,,,,,,,,,,,,,,,,,,,,,,,,,,,,,,,,,,,,,,,,,,,,,,,,,,,,,,,,,,,,,,,,,,,,,,,,,,,,,,,,,,,,,,,,,,,,,,,,,,,,,,,,,,,,,,,,,,,,,,,,,,,,,,,,,,,,,,,,,,,,,,,,,,,,,,,,,,,,,,,,,,,,,,"3;3",,,,,,,,,,,,,,,,,,,,,,,,,,
,,7,,,,,,,,1200,,,,,,,,145,,,,,,,,,,,,,,,,,,,,,,,,,,,,,,,,,,,,,,,,,,,,,,,,,,,,,,,,,,,,,,,,,,,,,,,,,,,,,,,,,,,,,,,,,,,,,,,,,,,,,,,,,,,,,,,,,,,,,,,,,,,,,,,,,,,,,,,,,,,,,,,,,,,,,,,,,,,,,,,,,,,,,,,,"4;4",,,,,,,,,,,,,,,,,,,,,,,,,,
,,8,,,,,,,,1300,,,,,,,,160,,,,,,,,,,,,,,,,,,,,,,,,,,,,,,,,,,,,,,,,,,,,,,,,,,,,,,,,,,,,,,,,,,,,,,,,,,,,,,,,,,,,,,,,,,,,,,,,,,,,,,,,,,,,,,,,,,,,,,,,,,,,,,,,,,,,,,,,,,,,,,,,,,,,,,,,,,,,,,,,,,,,,,,,"5;5",,,,,,,,,,,,,,,,,,,,,,,,,,
,,9,,,,,,,,1400,,,,,,,,175,,,,,,,,,,,,,,,,,,,,,,,,,,,,,,,,,,,,,,,,,,,,,,,,,,,,,,,,,,,,,,,,,,,,,,,,,,,,,,,,,,,,,,,,,,,,,,,,,,,,,,,,,,,,,,,,,,,,,,,,,,,,,,,,,,,,,,,,,,,,,,,,,,,,,,,,,,,,,,,,,,,,,,,,"6;6",,,,,,,,,,,,,,,,,,,,,,,,,,
,,10,,,,,,,,1500,,,,,,,,190,,,,,,,,,,,,,,,,,,,,,,,,,,,,,,,,,,,,,,,,,,,,,,,,,,,,,,,,,,,,,,,,,,,,,,,,,,,,,,,,,,,,,,,,,,,,,,,,,,,,,,,,,,,,,,,,,,,,,,,,,,,,,,,,,,,,,,,,,,,,,,,,,,,,,,,,,,,,,,,,,,,,,,,,"7;7",,,,,,,,,,,,,,,,,,,,,,,,,,
,,11,,,,,,,,1600,,,,,,,,210,,,,,,,,,,,,,,,,,,,,,,,,,,,,,,,,,,,,,,,,,,,,,,,,,,,,,,,,,,,,,,,,,,,,,,,,,,,,,,,,,,,,,,,,,,,,,,,,,,,,,,,,,,,,,,,,,,,,,,,,,,,,,,,,,,,,,,,,,,,,,,,,,,,,,,,,,,,,,,,,,,,,,,,,"8;8",,,,,,,,,,,,,,,,,,,,,,,,,,
,,12,,,,,,,,1750,,,,,,,,230,,,,,,,,,,,,,,,,,,,,,,,,,,,,,,,,,,,,,,,,,,,,,,,,,,,,,,,,,,,,,,,,,,,,,,,,,,,,,,,,,,,,,,,,,,,,,,,,,,,,,,,,,,,,,,,,,,,,,,,,,,,,,,,,,,,,,,,,,,,,,,,,,,,,,,,,,,,,,,,,,,,,,,,,"9;9",,,,,,,,,,,,,,,,,,,,,,,,,,
,,13,,,,,,,,1900,,,,,,,,250,,,,,,,,,,,,,,,,,,,,,,,,,,,,,,,,,,,,,,,,,,,,,,,,,,,,,,,,,,,,,,,,,,,,,,,,,,,,,,,,,,,,,,,,,,,,,,,,,,,,,,,,,,,,,,,,,,,,,,,,,,,,,,,,,,,,,,,,,,,,,,,,,,,,,,,,,,,,,,,,,,,,,,,,"10;10",,,,,,,,,,,,,,,,,,,,,,,,,,
,,14,,,,,,,,2100,,,,,,,,270,,,,,,,,,,,,,,,,,,,,,,,,,,,,,,,,,,,,,,,,,,,,,,,,,,,,,,,,,,,,,,,,,,,,,,,,,,,,,,,,,,,,,,,,,,,,,,,,,,,,,,,,,,,,,,,,,,,,,,,,,,,,,,,,,,,,,,,,,,,,,,,,,,,,,,,,,,,,,,,,,,,,,,,,"11;11",,,,,,,,,,,,,,,,,,,,,,,,,,
,,15,,,,,,,,2350,,,,,,,,300,,,,,,,,,,,,,,,,,,,,,,,,,,,,,,,,,,,,,,,,,,,,,,,,,,,,,,,,,,,,,,,,,,,,,,,,,,,,,,,,,,,,,,,,,,,,,,,,,,,,,,,,,,,,,,,,,,,,,,,,,,,,,,,,,,,,,,,,,,,,,,,,,,,,,,,,,,,,,,,,,,,,,,,,"12;12",,,,,,,,,,,,,,,,,,,,,,,,,,
"Super Hog",4000099,4,,"TID_CHARACTER_RIDERLESS_HOG","TID_CHARACTER_RIDERLESS_HOG_INFO",5,,,400,320,,,"DarkElixir",,60,1000,,32,1,,,,,,"unit_elite_hog","sc/info_elite_hogrider.sc",,,,,"Defense",,"SuperBoar Deploy",,"SuperBoar Attack",,"BoarRider Hit",,"FALSE","FALSE","TRUE",,,"SuperBoar Die",,"RiderlessHog","Dark Barracks","TRUE",,,0,"DarkTombStone",,,,,,,"TRUE",,,,"TRUE",,,,,,,,,,,,,,,,,,,,,,,,,,,,,,,,,,,,,,,,,,,,,,,-50,,,,,,,,,,600,500,,"TRUE",,,,,,,,,,,,,,,,,,,,,,,,,,,,,,,,,,,,,,,,,,,,,,,,,,,,,,,,,,,,,,,,,,,,,,,,,,,,"SecondaryTroopDefense",,,,,,,,,,,,,
,,5,,,,,,,,400,,,,,,,,35,,,,,,,,,,,,,,,,,,,,,,,,,,,,,,,,,,,,,,,,,,,,,,,,,,,,,,,,,,,,,,,,,,,,,,,,,,,,,,,,,,,,,,,,,,,,,,,,,,,,,,,,,,,,,,,,,,,,,,,,,,,,,,,,,,,,,,,,,,,,,,,,,,,,,,,,,,,,,,,,,,,,,,,,,,,,,,,,,,,,,,,,,,,,,,,,,,
,,6,,,,,,,,480,,,,,,,,38,,,,,,,,,,,,,,,,,,,,,,,,,,,,,,,,,,,,,,,,,,,,,,,,,,,,,,,,,,,,,,,,,,,,,,,,,,,,,,,,,,,,,,,,,,,,,,,,,,,,,,,,,,,,,,,,,,,,,,,,,,,,,,,,,,,,,,,,,,,,,,,,,,,,,,,,,,,,,,,,,,,,,,,,,,,,,,,,,,,,,,,,,,,,,,,,,,
,,7,,,,,,,,560,,,,,,,,41,,,,,,,,,,,,,,,,,,,,,,,,,,,,,,,,,,,,,,,,,,,,,,,,,,,,,,,,,,,,,,,,,,,,,,,,,,,,,,,,,,,,,,,,,,,,,,,,,,,,,,,,,,,,,,,,,,,,,,,,,,,,,,,,,,,,,,,,,,,,,,,,,,,,,,,,,,,,,,,,,,,,,,,,,,,,,,,,,,,,,,,,,,,,,,,,,,
,,8,,,,,,,,640,,,,,,,,44,,,,,,,,,,,,,,,,,,,,,,,,,,,,,,,,,,,,,,,,,,,,,,,,,,,,,,,,,,,,,,,,,,,,,,,,,,,,,,,,,,,,,,,,,,,,,,,,,,,,,,,,,,,,,,,,,,,,,,,,,,,,,,,,,,,,,,,,,,,,,,,,,,,,,,,,,,,,,,,,,,,,,,,,,,,,,,,,,,,,,,,,,,,,,,,,,,
,,9,,,,,,,,720,,,,,,,,47,,,,,,,,,,,,,,,,,,,,,,,,,,,,,,,,,,,,,,,,,,,,,,,,,,,,,,,,,,,,,,,,,,,,,,,,,,,,,,,,,,,,,,,,,,,,,,,,,,,,,,,,,,,,,,,,,,,,,,,,,,,,,,,,,,,,,,,,,,,,,,,,,,,,,,,,,,,,,,,,,,,,,,,,,,,,,,,,,,,,,,,,,,,,,,,,,,
,,10,,,,,,,,800,,,,,,,,50,,,,,,,,,,,,,,,,,,,,,,,,,,,,,,,,,,,,,,,,,,,,,,,,,,,,,,,,,,,,,,,,,,,,,,,,,,,,,,,,,,,,,,,,,,,,,,,,,,,,,,,,,,,,,,,,,,,,,,,,,,,,,,,,,,,,,,,,,,,,,,,,,,,,,,,,,,,,,,,,,,,,,,,,,,,,,,,,,,,,,,,,,,,,,,,,,,
,,11,,,,,,,,900,,,,,,,,55,,,,,,,,,,,,,,,,,,,,,,,,,,,,,,,,,,,,,,,,,,,,,,,,,,,,,,,,,,,,,,,,,,,,,,,,,,,,,,,,,,,,,,,,,,,,,,,,,,,,,,,,,,,,,,,,,,,,,,,,,,,,,,,,,,,,,,,,,,,,,,,,,,,,,,,,,,,,,,,,,,,,,,,,,,,,,,,,,,,,,,,,,,,,,,,,,,
,,12,,,,,,,,1000,,,,,,,,60,,,,,,,,,,,,,,,,,,,,,,,,,,,,,,,,,,,,,,,,,,,,,,,,,,,,,,,,,,,,,,,,,,,,,,,,,,,,,,,,,,,,,,,,,,,,,,,,,,,,,,,,,,,,,,,,,,,,,,,,,,,,,,,,,,,,,,,,,,,,,,,,,,,,,,,,,,,,,,,,,,,,,,,,,,,,,,,,,,,,,,,,,,,,,,,,,,
,,13,,,,,,,,1050,,,,,,,,65,,,,,,,,,,,,,,,,,,,,,,,,,,,,,,,,,,,,,,,,,,,,,,,,,,,,,,,,,,,,,,,,,,,,,,,,,,,,,,,,,,,,,,,,,,,,,,,,,,,,,,,,,,,,,,,,,,,,,,,,,,,,,,,,,,,,,,,,,,,,,,,,,,,,,,,,,,,,,,,,,,,,,,,,,,,,,,,,,,,,,,,,,,,,,,,,,,
,,14,,,,,,,,1100,,,,,,,,70,,,,,,,,,,,,,,,,,,,,,,,,,,,,,,,,,,,,,,,,,,,,,,,,,,,,,,,,,,,,,,,,,,,,,,,,,,,,,,,,,,,,,,,,,,,,,,,,,,,,,,,,,,,,,,,,,,,,,,,,,,,,,,,,,,,,,,,,,,,,,,,,,,,,,,,,,,,,,,,,,,,,,,,,,,,,,,,,,,,,,,,,,,,,,,,,,,
,,15,,,,,,,,1200,,,,,,,,80,,,,,,,,,,,,,,,,,,,,,,,,,,,,,,,,,,,,,,,,,,,,,,,,,,,,,,,,,,,,,,,,,,,,,,,,,,,,,,,,,,,,,,,,,,,,,,,,,,,,,,,,,,,,,,,,,,,,,,,,,,,,,,,,,,,,,,,,,,,,,,,,,,,,,,,,,,,,,,,,,,,,,,,,,,,,,,,,,,,,,,,,,,,,,,,,,,
"Super Rider",4000100,4,,"TID_CHARACTER_HOGLESS_RIDER","TID_CHARACTER_HOGLESS_RIDER_INFO",5,,,200,250,,,"DarkElixir",,40,1000,,100,1,,,,,,"unit_elite_rider","sc/info_elite_hogrider.sc",,,,,,,"BoarLessRider Deploy",,"SuperBoarRider Attack",,"BoarRider Hit",,"FALSE","FALSE","TRUE",,,"BoarLessRider Die",,"HoglessRider","Dark Barracks","FALSE",,,0,"DarkTombStone",,,,,,,"TRUE",,,,"TRUE",,,,,,,,,,,,,,,,,,,,,,,,,,,,,,,,,,,,,,,,,,,,,,,-50,,,,,,,,,,200,500,,"TRUE",,,,,,,,,,,,,,,,,,,,,,,,,,,,,,,,,,,,,,,"Wall",200,,,,,,,,,,,,,,,,,,,,,,,,,,,,,,,,,,,,"SecondaryTroop",,,,,,,,,,,,,
,,5,,,,,,,,300,,,,,,,,115,,,,,,,,,,,,,,,,,,,,,,,,,,,,,,,,,,,,,,,,,,,,,,,,,,,,,,,,,,,,,,,,,,,,,,,,,,,,,,,,,,,,,,,,,,,,,,,,,,,,,,,,,,,,,,,,,,,,,,,,,,,,,,,,,,,,,,,,,,,,,,,,,,,,,,,,,,,,,,,,,,,,,,,,,,,,,,,,,,,,,,,,,,,,,,,,,,
,,6,,,,,,,,350,,,,,,,,130,,,,,,,,,,,,,,,,,,,,,,,,,,,,,,,,,,,,,,,,,,,,,,,,,,,,,,,,,,,,,,,,,,,,,,,,,,,,,,,,,,,,,,,,,,,,,,,,,,,,,,,,,,,,,,,,,,,,,,,,,,,,,,,,,,,,,,,,,,,,,,,,,,,,,,,,,,,,,,,,,,,,,,,,,,,,,,,,,,,,,,,,,,,,,,,,,,
,,7,,,,,,,,400,,,,,,,,145,,,,,,,,,,,,,,,,,,,,,,,,,,,,,,,,,,,,,,,,,,,,,,,,,,,,,,,,,,,,,,,,,,,,,,,,,,,,,,,,,,,,,,,,,,,,,,,,,,,,,,,,,,,,,,,,,,,,,,,,,,,,,,,,,,,,,,,,,,,,,,,,,,,,,,,,,,,,,,,,,,,,,,,,,,,,,,,,,,,,,,,,,,,,,,,,,,
,,8,,,,,,,,450,,,,,,,,160,,,,,,,,,,,,,,,,,,,,,,,,,,,,,,,,,,,,,,,,,,,,,,,,,,,,,,,,,,,,,,,,,,,,,,,,,,,,,,,,,,,,,,,,,,,,,,,,,,,,,,,,,,,,,,,,,,,,,,,,,,,,,,,,,,,,,,,,,,,,,,,,,,,,,,,,,,,,,,,,,,,,,,,,,,,,,,,,,,,,,,,,,,,,,,,,,,
,,9,,,,,,,,500,,,,,,,,175,,,,,,,,,,,,,,,,,,,,,,,,,,,,,,,,,,,,,,,,,,,,,,,,,,,,,,,,,,,,,,,,,,,,,,,,,,,,,,,,,,,,,,,,,,,,,,,,,,,,,,,,,,,,,,,,,,,,,,,,,,,,,,,,,,,,,,,,,,,,,,,,,,,,,,,,,,,,,,,,,,,,,,,,,,,,,,,,,,,,,,,,,,,,,,,,,,
,,10,,,,,,,,550,,,,,,,,190,,,,,,,,,,,,,,,,,,,,,,,,,,,,,,,,,,,,,,,,,,,,,,,,,,,,,,,,,,,,,,,,,,,,,,,,,,,,,,,,,,,,,,,,,,,,,,,,,,,,,,,,,,,,,,,,,,,,,,,,,,,,,,,,,,,,,,,,,,,,,,,,,,,,,,,,,,,,,,,,,,,,,,,,,,,,,,,,,,,,,,,,,,,,,,,,,,
,,11,,,,,,,,625,,,,,,,,210,,,,,,,,,,,,,,,,,,,,,,,,,,,,,,,,,,,,,,,,,,,,,,,,,,,,,,,,,,,,,,,,,,,,,,,,,,,,,,,,,,,,,,,,,,,,,,,,,,,,,,,,,,,,,,,,,,,,,,,,,,,,,,,,,,,,,,,,,,,,,,,,,,,,,,,,,,,,,,,,,,,,,,,,,,,,,,,,,,,,,,,,,,,,,,,,,,
,,12,,,,,,,,700,,,,,,,,230,,,,,,,,,,,,,,,,,,,,,,,,,,,,,,,,,,,,,,,,,,,,,,,,,,,,,,,,,,,,,,,,,,,,,,,,,,,,,,,,,,,,,,,,,,,,,,,,,,,,,,,,,,,,,,,,,,,,,,,,,,,,,,,,,,,,,,,,,,,,,,,,,,,,,,,,,,,,,,,,,,,,,,,,,,,,,,,,,,,,,,,,,,,,,,,,,,
,,13,,,,,,,,750,,,,,,,,250,,,,,,,,,,,,,,,,,,,,,,,,,,,,,,,,,,,,,,,,,,,,,,,,,,,,,,,,,,,,,,,,,,,,,,,,,,,,,,,,,,,,,,,,,,,,,,,,,,,,,,,,,,,,,,,,,,,,,,,,,,,,,,,,,,,,,,,,,,,,,,,,,,,,,,,,,,,,,,,,,,,,,,,,,,,,,,,,,,,,,,,,,,,,,,,,,,
,,14,,,,,,,,800,,,,,,,,270,,,,,,,,,,,,,,,,,,,,,,,,,,,,,,,,,,,,,,,,,,,,,,,,,,,,,,,,,,,,,,,,,,,,,,,,,,,,,,,,,,,,,,,,,,,,,,,,,,,,,,,,,,,,,,,,,,,,,,,,,,,,,,,,,,,,,,,,,,,,,,,,,,,,,,,,,,,,,,,,,,,,,,,,,,,,,,,,,,,,,,,,,,,,,,,,,,
,,15,,,,,,,,900,,,,,,,,300,,,,,,,,,,,,,,,,,,,,,,,,,,,,,,,,,,,,,,,,,,,,,,,,,,,,,,,,,,,,,,,,,,,,,,,,,,,,,,,,,,,,,,,,,,,,,,,,,,,,,,,,,,,,,,,,,,,,,,,,,,,,,,,,,,,,,,,,,,,,,,,,,,,,,,,,,,,,,,,,,,,,,,,,,,,,,,,,,,,,,,,,,,,,,,,,,,
"Super Valkyrie",4000064,1,,"TID_CHARACTER_SUPER_VALKYRIE","TID_CHARACTER_SUPER_VALKYRIE_INFO",20,3,1,300,1200,,,"DarkElixir",,50,1100,,100,1,100,,"TRUE","sc/ui.sc","icon_unit_elite_valkyrie","unit_elite_valkyrie_big","sc/info_elite_valkyrie.sc",,,,,,,"SwarriorGirl Deploy",,"SwarriorGirl Attack2",,"WarriorGirl Hit",,"FALSE","FALSE","TRUE",,,"WarriorGirl Die",,"Super Valkyrie","Dark Barracks","FALSE",,,0,"DarkTombStone",,,,,,,,,,,,,,,,,,,,,,,,,,,,,,,,,,,,,,,,,,,,,,"TRUE",,,,,,,,,,,,-50,,,,,,,,,,1800,1500,600,"TRUE",,,,,,,,,,,,,,,,,,,,"TRUE",,,,,,,,,,,,,,,,,,,,,,,,,,,,,,,,,,,,,,,,,,"EliteValkyrieOnDeath","1",,,,,,,,,,,,,"SuperValkyrie",,,,,,,,,,,,,
,,2,,,,,,,,1400,,,,,,,,125,,,,,,,,,,,,,,,,,,,,,,,,,,,,,,,,,,,,,,,,,,,,,,,,,,,,,,,,,,,,,,,,,,,,,,,,,,,,,,,,,,,,,,,,,,,,,,,,,,,,,,,,,,,,,,,,,,,,,,,,,,,,,,,,,,,,,,,,,,,,,,,,,,,,,,,,,,,,,,,,,,,,,,,,,,,,,,,,,,,,,,,,,,,,,,,,,,
,,3,,,,,,,,1600,,,,,,,,150,,,,,,,,,,,,,,,,,,,,,,,,,,,,,,,,,,,,,,,,,,,,,,,,,,,,,,,,,,,,,,,,,,,,,,,,,,,,,,,,,,,,,,,,,,,,,,,,,,,,,,,,,,,,,,,,,,,,,,,,,,,,,,,,,,,,,,,,,,,,,,,,,,,,,,,,,,,,,,,,,,,,,,,,,,,,,,,,,,,,,,,,,,,,,,,,,,
,,4,,,,,,,,1800,,,,,,,,175,,,,,,,,,,,,,,,,,,,,,,,,,,,,,,,,,,,,,,,,,,,,,,,,,,,,,,,,,,,,,,,,,,,,,,,,,,,,,,,,,,,,,,,,,,,,,,,,,,,,,,,,,,,,,,,,,,,,,,,,,,,,,,,,,,,,,,,,,,,,,,,,,,,,,,,,,,,,,,,,,,,,,,,,,,,,,,,,,,,,,,,,,,,,,,,,,,
,,5,,,,,,,,2000,,,,,,,,200,,,,,,,,,,,,,,,,,,,,,,,,,,,,,,,,,,,,,,,,,,,,,,,,,,,,,,,,,,,,,,,,,,,,,,,,,,,,,,,,,,,,,,,,,,,,,,,,,,,,,,,,,,,,,,,,,,,,,,,,,,,,,,,,,,,,,,,,,,,,,,,,,,,,,,,,,,,,,,,,,,,,,,,,,,,,,,,,,,,,,,,,,,,,,,,,,,
,,6,,,,,,,,2200,,,,,,,,225,,,,,,,,,,,,,,,,,,,,,,,,,,,,,,,,,,,,,,,,,,,,,,,,,,,,,,,,,,,,,,,,,,,,,,,,,,,,,,,,,,,,,,,,,,,,,,,,,,,,,,,,,,,,,,,,,,,,,,,,,,,,,,,,,,,,,,,,,,,,,,,,,,,,,,,,,,,,,,,,,,,,,,,,,,,,,,,,,,,,,,,,,,,,,,,,,,
,,7,,,,,,,,2400,,,,,,,,250,,,,,,,,,,,,,,,,,,,,,,,,,,,,,,,,,,,,,,,,,,,,,,,,,,,,,,,,,,,,,,,,,,,,,,,,,,,,,,,,,,,,,,,,,,,,,,,,,,,,,,,,,,,,,,,,,,,,,,,,,,,,,,,,,,,,,,,,,,,,,,,,,,,,,,,,,,,,,,,,,,,,,,,,,,,,,,,,,,,,,,,,,,,,,,,,,,
,,8,,,,,,,,2700,,,,,,,,300,,,,,,,,,,,,,,,,,,,,,,,,,,,,,,,,,,,,,,,,,,,,,,,,,,,,,,,,,,,,,,,,,,,,,,,,,,,,,,,,,,,,,,,,,,,,,,,,,,,,,,,,,,,,,,,,,,,,,,,,,,,,,,,,,,,,,,,,,,,,,,,,,,,,,,,,,,,,,,,,,,,,,,,,,,,,,,,,,,,,,,,,,,,,,,,,,,
,,9,,,,,,,,2900,,,,,,,,325,,,,,,,,,,,,,,,,,,,,,,,,,,,,,,,,,,,,,,,,,,,,,,,,,,,,,,,,,,,,,,,,,,,,,,,,,,,,,,,,,,,,,,,,,,,,,,,,,,,,,,,,,,,,,,,,,,,,,,,,,,,,,,,,,,,,,,,,,,,,,,,,,,,,,,,,,,,,,,,,,,,,,,,,,,,,,,,,,,,,,,,,,,,,,,,,,,
,,10,,,,,,,,3400,,,,,,,,350,,,,,,,,,,,,,,,,,,,,,,,,,,,,,,,,,,,,,,,,,,,,,,,,,,,,,,,,,,,,,,,,,,,,,,,,,,,,,,,,,,,,,,,,,,,,,,,,,,,,,,,,,,,,,,,,,,,,,,,,,,,,,,,,,,,,,,,,,,,,,,,,,,,,,,,,,,,,,,,,,,,,,,,,,,,,,,,,,,,,,,,,,,,,,,,,,,
,,11,,,,,,,,3900,,,,,,,,375,,,,,,,,,,,,,,,,,,,,,,,,,,,,,,,,,,,,,,,,,,,,,,,,,,,,,,,,,,,,,,,,,,,,,,,,,,,,,,,,,,,,,,,,,,,,,,,,,,,,,,,,,,,,,,,,,,,,,,,,,,,,,,,,,,,,,,,,,,,,,,,,,,,,,,,,,,,,,,,,,,,,,,,,,,,,,,,,,,,,,,,,,,,,,,,,,,
,,12,,,,,,,,4500,,,,,,,,405,,,,,,,,,,,,,,,,,,,,,,,,,,,,,,,,,,,,,,,,,,,,,,,,,,,,,,,,,,,,,,,,,,,,,,,,,,,,,,,,,,,,,,,,,,,,,,,,,,,,,,,,,,,,,,,,,,,,,,,,,,,,,,,,,,,,,,,,,,,,,,,,,,,,,,,,,,,,,,,,,,,,,,,,,,,,,,,,,,,,,,,,,,,,,,,,,,
"Super Witch",4000066,1,,"TID_CHARACTER_SUPER_WITCH","TID_CHARACTER_SUPER_WITCH_INFO",40,5,10,150,2400,,,"DarkElixir",,400,700,,240,1,30,,,"sc/ui.sc","icon_unit_elite_witch","unit_elite_witch_big","sc/info_elite_witch.sc",,"Witch_projectile",,,,,"SW Deploy",,"SW Attack",,"Warlock Hit",,"FALSE","TRUE","TRUE",,,"SW Die",,"SuperWitch","Dark Barracks","FALSE",,,0,"DarkTombStone",,,,,,,,,,,,,150,,,,,,,,,"Big Boy",1,1000,25000,"SW Summon",1,1,,,,,,,,,,,,,,,,,,,,,,,,,,,,,,-50,,,,,,,,,,3500,2500,,"TRUE",,,,,,,,,,,,,,,,,,,,"TRUE",,,,,,,,,,,,,,,,,,,,,,,,,,,,,,,,,,,,,,,,,,"SuperWitchPlaceholderAbility","1",,,,,,,,,,,,,"SuperWitch",,,,,,,,,,,,,
,,2,,,,,,,,2600,,,,,,,,270,,,,,,,,,,,,,,,,,,,,,,,,,,,,,,,,,,,,,,,,,,,,,,,,,,,,,,,,,,,,,,,,,,,,,,,,,,,,,,,,,,,,,,,,,,,,,,,,,,,,,,,,,,,,,,,,,,,,,,,,,,,,,,,,,,,,,,,,,,,,,,,,,,,,,,,,,,,,,,,,,,,,,,,,,,,,,,,,,,,,,,,,,,,,,,,,,,
,,3,,,,,,,,2800,,,,,,,,300,,,,,,,,,,,,,,,,,,,,,,,,,,,,,,,,,,,,,,,,,,,,,,,,,,,,,,,,,,,,,,,,,,,,,,,,,,,,,,,,,,,,,,,,,,,,,,,,,,,,,,,,,,,,,,,,,,,,,,,,,,,,,,,,,,,,,,,,,,,,,,,,,,,,,,,,,,,,,,,,,,,,,,,,,,,,,,,,,,,,,,,,,,,,,,,,,,
,,4,,,,,,,,3000,,,,,,,,330,,,,,,,,,,,,,,,,,,,,,,,,,,,,,,,,,,,,,,,,,,,,,,,,,,,,,,,,,,,,,,,,,,,,,,,,,,,,,,,,,,,,,,,,,,,,,,,,,,,,,,,,,,,,,,,,,,,,,,,,,,,,,,,,,,,,,,,,,,,,,,,,,,,,,,,,,,,,,,,,,,,,,,,,,,,,,,,,,,,,,,,,,,,,,,,,,,
,,5,,,,,,,,3200,,,,,,,,360,,,,,,,,,,,,,,,,,,,,,,,,,,,,,,,,,,,,,,,,,,,,,,,,,,,,,,,,,,,,,,,,,,,,,,,,,,,,,,,,,,,,,,,,,,,,,,,,,,,,,,,,,,,,,,,,,,,,,,,,,,,,,,,,,,,,,,,,,,,,,,,,,,,,,,,,,,,,,,,,,,,,,,,,,,,,,,,,,,,,,,,,,,,,,,,,,,
,,6,,,,,,,,3400,,,,,,,,390,,,,,,,,,,,,,,,,,,,,,,,,,,,,,,,,,,,,,,,,,,,,,,,,,,,,,,,,,,,,,,,,,,,,,,,,,,,,,,,,,,,,,,,,,,,,,,,,,,,,,,,,,,,,,,,,,,,,,,,,,,,,,,,,,,,,,,,,,,,,,,,,,,,,,,,,,,,,,,,,,,,,,,,,,,,,,,,,,,,,,,,,,,,,,,,,,,
,,7,,,,,,,,3750,,,,,,,,430,,,,,,,,,,,,,,,,,,,,,,,,,,,,,,,,,,,,,,,,,,,,,,,,,,,,,,,,,,,,,,,,,,,,,,,,,,,,,,,,,,,,,,,,,,,,,,,,,,,,,,,,,,,,,,,,,,,,,,,,,,,,,,,,,,,,,,,,,,,,,,,,,,,,,,,,,,,,,,,,,,,,,,,,,,,,,,,,,,,,,,,,,,,,,,,,,,
,,8,,,,,,,,4100,,,,,,,,470,,,,,,,,,,,,,,,,,,,,,,,,,,,,,,,,,,,,,,,,,,,,,,,,,,,,,,,,,,,,,,,,,,,,,,,,,,,,,,,,,,,,,,,,,,,,,,,,,,,,,,,,,,,,,,,,,,,,,,,,,,,,,,,,,,,,,,,,,,,,,,,,,,,,,,,,,,,,,,,,,,,,,,,,,,,,,,,,,,,,,,,,,,,,,,,,,,
"Big Boy",4000078,1,,"TID_CHARACTER_BIG_BOY","TID_CHARACTER_INFO_BIG_BOY",20,3,1,150,4100,,,,,100,2000,,350,1,,,,,,"unit_big_boy","sc/info_elite_witch.sc",,,,,,,"Giant Skeleton Deploy",,"Giant Skeleton Attack",,"Giant Hit",,"FALSE","FALSE","TRUE",,,"Giant Skeleton Die",,"GiantSkeleton","Barracks","FALSE",,,0,,,,,,,,"TRUE",,,,"TRUE",,,,,,,,,,,,,,,,,,,,,,,,,,,,,,,,,,,,,,,,,,,,,,,-50,,,,,,,,,,800,800,,"TRUE",,,,,,,,,,,,,,,,,,,,,,,,,,,,,,,,,,,,,,,,,,,,,,,,,,,,,,,,,,,,,,,,,,,,,,,,,,,,"SecondaryTroop",,,,,,,,,,,,,
"Ice Hound",4000076,1,,"TID_ICE_HOUND","TID_ICE_HOUND_INFO",40,6,1,250,7500,,,"DarkElixir",,25,2000,,2,1,,,,"sc/ui.sc","icon_unit_elite_icehound","unit_elite_icehound_big","sc/info_elite_icehound.sc",,,,"Air Defense",,,"Icehound Deploy",,"Icehound Attack",,"ps_chr_icehound_hit",,"TRUE","FALSE","TRUE",,,"ps_chr_icehound_Die",,"Ice Hound","Dark Barracks","FALSE",,,0,"DarkTombStone",,,,,,,,,"Ice Hound Pup",,,6,250,,"TRUE",,,,,,,,,,,,,,,,,,,,,,,,,,,,,,,,,,,,,,,,,,,100,,,,,,,,,,950,1800,,"TRUE",,,,,,,,,,,,,,,,,,,,"TRUE",,,,,,,,,,,,,,,,,,,,,2000,50,,"Defensive Ice Hound",,,,,,,,,,,,,,,,,,"IceHoundOnDeath","1",,,,,,,,,,,,,"IceHound",,,,,,,,,,,,,
,,2,,,,,,,,8000,,,,,,,,4,,,,,,,,,,,,,,,,,,,,,,,,,,,,,,,,,,,,,,,,,,,,,,7,,,,,,,,,,,,,,,,,,,,,,,,,,,,,,,,,,,,,,,,,,,,,,,,,,,,,,,,,,,,,,,,,,,,,,,,,,,,,,,,,,,,,,,,,,,,,,,,,,,,,,,,,,,,,,,,,,,,,,,,,,"1",,,,,,,,,,,,,,,,,,,,,,,,,,
,,3,,,,,,,,8500,,,,,,,,6,,,,,,,,,,,,,,,,,,,,,,,,,,,,,,,,,,,,,,,,,,,,,,8,,,,,,,,,,,,,,,,,,,,,,,,,,,,,,,,,,,,,,,,,,,,,,,,,,,,,,,,,,,,,,,,,,,,,,,,,,,,,,,,,,,,,,,,,,,,,,,,,,,,,,,,,,,,,,,,,,,,,,,,,,"1",,,,,,,,,,,,,,,,,,,,,,,,,,
,,4,,,,,,,,9000,,,,,,,,8,,,,,,,,,,,,,,,,,,,,,,,,,,,,,,,,,,,,,,,,,,,,,,9,,,,,,,,,,,,,,,,,,,,,,,,,,,,,,,,,,,,,,,,,,,,,,,,,,,,,,,,,,,,,,,,,,,,,,,,,,,,,,,,,,,,,,,,,,,,,,,,,,,,,,,,,,,,,,,,,,,,,,,,,,"1",,,,,,,,,,,,,,,,,,,,,,,,,,
,,5,,,,,,,,9500,,,,,,,,10,,,,,,,,,,,,,,,,,,,,,,,,,,,,,,,,,,,,,,,,,,,,,,10,,,,,,,,,,,,,,,,,,,,,,,,,,,,,,,,,,,,,,,,,,,,,,,,,,,,,,,,,,,,,,,,,,,,,,,,,,,,,,,,,,,,,,,,,,,,,,,,,,,,,,,,,,,,,,,,,,,,,,,,,,"1",,,,,,,,,,,,,,,,,,,,,,,,,,
,,6,,,,,,,,10000,,,,,,,,15,,,,,,,,,,,,,,,,,,,,,,,,,,,,,,,,,,,,,,,,,,,,,,12,,,,,,,,,,,,,,,,,,,,,,,,,,,,,,,,,,,,,,,,,,,,,,,,,,,,,,,,,,,,,,,,,,,,,,,,,,,,,,,,,,,,,,,,,,,,,,,,,,,,,,,,,,,,,,,,,,,,,,,,,,"2",,,,,,,,,,,,,,,,,,,,,,,,,,
,,7,,,,,,,,10500,,,,,,,,20,,,,,,,,,,,,,,,,,,,,,,,,,,,,,,,,,,,,,,,,,,,,,,14,,,,,,,,,,,,,,,,,,,,,,,,,,,,,,,,,,,,,,,,,,,,,,,,,,,,,,,,,,,,,,,,,,,,,,,,,,,,,,,,,,,,,,,,,,,,,,,,,,,,,,,,,,,,,,,,,,,,,,,,,,"3",,,,,,,,,,,,,,,,,,,,,,,,,,
,,8,,,,,,,,11500,,,,,,,,25,,,,,,,,,,,,,,,,,,,,,,,,,,,,,,,,,,,,,,,,,,,,,,16,,,,,,,,,,,,,,,,,,,,,,,,,,,,,,,,,,,,,,,,,,,,,,,,,,,,,,,,,,,,,,,,,,,,,,,,,,,,,,,,,,,,,,,,,,,,,,,,,,,,,,,,,,,,,,,,,,,,,,,,,,"4",,,,,,,,,,,,,,,,,,,,,,,,,,
"Ice Hound Pup",4000085,1,,"TID_ICE_PUP","TID_ICE_PUP_INFO",1,1,1,400,50,,,,,225,1000,,35,1,,,,,,"unit_ice_pups","sc/info_elite_icehound.sc",,"icy_tinyhound_projectile",,,,,,,,,"ps_chr_icepup_hit",,"TRUE","TRUE","TRUE",,,"Ice Tinymite Die",,"SuperTinyBaby_lvl1",,"FALSE",,,100,"DarkTombStone",,,,,,,"TRUE",,,,"TRUE",,,,,"TRUE",4,,,,,,,,,,,,,,,,,,,,,,,,,,,,,,,,,,,,,,,,,90,,,,,,,,,,50,100,,"TRUE",,,,,,,,,,,,,,,,,,,,,,,,,,,,,,,,,,,,,,,,,2000,50,,,,,,,,,,,,,,,,,,,,,,,,,,,,,,,,,,"SecondaryTroop",,,,,,,,,,,,,
"Defensive Ice Hound",4000079,1,,"TID_ICE_HOUND","TID_CHARACTER_INFO_AD_SEEKER_WITH_EXPLOSION",40,6,10,250,7500,,,,,25,2000,,2,1,,,,,,"unit_tiny_big","sc/info_tiny.sc",,,,"Air Defense",,,"Icegolem Deploy",,,,"ps_chr_icehound_hit",,"TRUE","FALSE","TRUE",,,"ps_chr_icehound_Die",,"Ice Hound",,"FALSE",,,0,"DarkTombStone",,,,,,,"TRUE",,"Ice Hound Pup",,,6,250,,"TRUE",,,,,,,,,,,,,,,,,,,,,,,,,,,,,,,,,,,,,,,,,,,100,,,,,,,,,,950,1800,,"TRUE",,,,,,,,,,,,,,,,,,,,,,,,,,,,,,,,,,,,,,,,,2000,50,,,,,,,,,,,,,,,,,,,,"IceHoundOnDeathDEF","1",,,,,,,,,,,,,,,,,,,,,,,,,,
,,2,,,,,,,,8000,,,,,,,,4,,,,,,,,,,,,,,,,,,,,,,,,,,,,,,,,,,,,,,,,,,,,,,7,,,,,,,,,,,,,,,,,,,,,,,,,,,,,,,,,,,,,,,,,,,,,,,,,,,,,,,,,,,,,,,,,,,,,,,,,,,,,,,,,,,,,,,,,,,,,,,,,,,,,,,,,,,,,,,,,,,,,,,,,,"1",,,,,,,,,,,,,,,,,,,,,,,,,,
,,3,,,,,,,,8500,,,,,,,,6,,,,,,,,,,,,,,,,,,,,,,,,,,,,,,,,,,,,,,,,,,,,,,8,,,,,,,,,,,,,,,,,,,,,,,,,,,,,,,,,,,,,,,,,,,,,,,,,,,,,,,,,,,,,,,,,,,,,,,,,,,,,,,,,,,,,,,,,,,,,,,,,,,,,,,,,,,,,,,,,,,,,,,,,,"1",,,,,,,,,,,,,,,,,,,,,,,,,,
,,4,,,,,,,,9000,,,,,,,,8,,,,,,,,,,,,,,,,,,,,,,,,,,,,,,,,,,,,,,,,,,,,,,9,,,,,,,,,,,,,,,,,,,,,,,,,,,,,,,,,,,,,,,,,,,,,,,,,,,,,,,,,,,,,,,,,,,,,,,,,,,,,,,,,,,,,,,,,,,,,,,,,,,,,,,,,,,,,,,,,,,,,,,,,,"1",,,,,,,,,,,,,,,,,,,,,,,,,,
,,5,,,,,,,,9500,,,,,,,,10,,,,,,,,,,,,,,,,,,,,,,,,,,,,,,,,,,,,,,,,,,,,,,10,,,,,,,,,,,,,,,,,,,,,,,,,,,,,,,,,,,,,,,,,,,,,,,,,,,,,,,,,,,,,,,,,,,,,,,,,,,,,,,,,,,,,,,,,,,,,,,,,,,,,,,,,,,,,,,,,,,,,,,,,,"1",,,,,,,,,,,,,,,,,,,,,,,,,,
,,6,,,,,,,,10000,,,,,,,,15,,,,,,,,,,,,,,,,,,,,,,,,,,,,,,,,,,,,,,,,,,,,,,11,,,,,,,,,,,,,,,,,,,,,,,,,,,,,,,,,,,,,,,,,,,,,,,,,,,,,,,,,,,,,,,,,,,,,,,,,,,,,,,,,,,,,,,,,,,,,,,,,,,,,,,,,,,,,,,,,,,,,,,,,,"2",,,,,,,,,,,,,,,,,,,,,,,,,,
,,7,,,,,,,,10500,,,,,,,,20,,,,,,,,,,,,,,,,,,,,,,,,,,,,,,,,,,,,,,,,,,,,,,12,,,,,,,,,,,,,,,,,,,,,,,,,,,,,,,,,,,,,,,,,,,,,,,,,,,,,,,,,,,,,,,,,,,,,,,,,,,,,,,,,,,,,,,,,,,,,,,,,,,,,,,,,,,,,,,,,,,,,,,,,,"2",,,,,,,,,,,,,,,,,,,,,,,,,,
,,8,,,,,,,,11000,,,,,,,,25,,,,,,,,,,,,,,,,,,,,,,,,,,,,,,,,,,,,,,,,,,,,,,13,,,,,,,,,,,,,,,,,,,,,,,,,,,,,,,,,,,,,,,,,,,,,,,,,,,,,,,,,,,,,,,,,,,,,,,,,,,,,,,,,,,,,,,,,,,,,,,,,,,,,,,,,,,,,,,,,,,,,,,,,,"2",,,,,,,,,,,,,,,,,,,,,,,,,,
"Super Bowler",4000080,1,,"TID_SUPER_BOWLER","TID_SUPER_BOWLER_INFO",30,7,1,175,1000,,,"DarkElixir",,300,2200,,125,1,60,,,"sc/ui.sc","icon_unit_elite_bowler","unit_elite_bowler_big","sc/info_elite_bowler.sc",,"SuperBowlerProjectile",,,,,"Super Troll Deploy",,,,"trollBoulderHit","trollBoulderHit_dust_lvl1","FALSE","FALSE","TRUE",,,"Wizard Die",,"SuperBowler","Dark Barracks","FALSE",,,0,"DarkTombStone",,,,,,,,,,,,,,,,,,,,,,,,,,,,,,,,,,,,,,,,,,,,,,,,,,,,,,,,,,-50,,,,,,,,,3,2500,2500,1100,"TRUE",300,,,,,,,"SuptrollAttack",,,,,,,,,,,,"TRUE",,,,,,,,,,,,,,,,,,,,,,,,,,,,,,,,,,,,,,,,,,"SuperBowlerPlaceholderAbility","1",,,,,,,,,,,,,"SuperTroopLongRange",,,,,,,,,,,,,
,,2,,,,,,,,1200,,,,,,,,140,,,,,,,,,,,,,,,,,,,,"trollBoulderHit_dust_lvl1",,,,,,,,,,,,,,,,,,,,,,,,,,,,,,,,,,,,,,,,,,,,,,,,,,,,,,,,,,,,,,,,,,,,,,,,,,,,,,,,,,,,,,,,,,,,,,,,,,,,,,,,,,,,,,,,,,,,,,,,,,,,,,,,,,,,,,,,,,,,,,,,,,,,,,,,,,,,,,,,,,,,,,,,,,,,,,
,,3,,,,,,,,1400,,,,,,,,155,,,,,,,,,,,,,,,,,,,,"trollBoulderHit_dust_lvl1",,,,,,,,,,,,,,,,,,,,,,,,,,,,,,,,,,,,,,,,,,,,,,,,,,,,,,,,,,,,,,,,,,,,,,,,,,,,,,,,,,,,,,,,,,,,,,,,,,,,,,,,,,,,,,,,,,,,,,,,,,,,,,,,,,,,,,,,,,,,,,,,,,,,,,,,,,,,,,,,,,,,,,,,,,,,,,
,,4,,,,,,,,1600,,,,,,,,170,,,,,,,,,,,,,,,,,,,,"trollBoulderHit_dust_lvl1",,,,,,,,,,,,,,,,,,,,,,,,,,,,,,,,,,,,,,,,,,,,,,,,,,,,,,,,,,,,,,,,,,,,,,,,,,,,,,,,,,,,,,,,,,,,,,,,,,,,,,,,,,,,,,,,,,,,,,,,,,,,,,,,,,,,,,,,,,,,,,,,,,,,,,,,,,,,,,,,,,,,,,,,,,,,,,
,,5,,,,,,,,1800,,,,,,,,185,,,,,,,,,,,,,,,,,,,,"trollBoulderHit_dust_lvl1",,,,,,,,,,,,,,,,,,,,,,,,,,,,,,,,,,,,,,,,,,,,,,,,,,,,,,,,,,,,,,,,,,,,,,,,,,,,,,,,,,,,,,,,,,,,,,,,,,,,,,,,,,,,,,,,,,,,,,,,,,,,,,,,,,,,,,,,,,,,,,,,,,,,,,,,,,,,,,,,,,,,,,,,,,,,,,
,,6,,,,,,,,2000,,,,,,,,200,,,,,,,,,,,,,,,,,,,,"trollBoulderHit_dust_lvl2",,,,,,,,,,,,,,,,,,,,,,,,,,,,,,,,,,,,,,,,,,,,,,,,,,,,,,,,,,,,,,,,,,,,,,,,,,,,,,,,,,,,,,,,,,,,,,,,,,,,,,,,,,,,,,,,,,,,,,,,,,,,,,,,,,,,,,,,,,,,,,,,,,,,,,,,,,,,,,,,,,,,,,,,,,,,,,
,,7,,,,,,,,2300,,,,,,,,220,,,,,,,,,,,,,,,,,,,,"trollBoulderHit_dust_lvl2",,,,,,,,,,,,,,,,,,,,,,,,,,,,,,,,,,,,,,,,,,,,,,,,,,,,,,,,,,,,,,,,,,,,,,,,,,,,,,,,,,,,,,,,,,,,,,,,,,,,,,,,,,,,,,,,,,,,,,,,,,,,,,,,,,,,,,,,,,,,,,,,,,,,,,,,,,,,,,,,,,,,,,,,,,,,,,
,,8,,,,,,,,2600,,,,,,,,240,,,,,,,,,,,,,,,,,,,,"trollBoulderHit_dust_lvl2",,,,,,,,,,,,,,,,,,,,,,,,,,,,,,,,,,,,,,,,,,,,,,,,,,,,,,,,,,,,,,,,,,,,,,,,,,,,,,,,,,,,,,,,,,,,,,,,,,,,,,,,,,,,,,,,,,,,,,,,,,,,,,,,,,,,,,,,,,,,,,,,,,,,,,,,,,,,,,,,,,,,,,,,,,,,,,
,,9,,,,,,,,3000,,,,,,,,270,,,,,,,,,,,,,,,,,,,,"trollBoulderHit_dust_lvl2",,,,,,,,,,,,,,,,,,,,,,,,,,,,,,,,,,,,,,,,,,,,,,,,,,,,,,,,,,,,,,,,,,,,,,,,,,,,,,,,,,,,,,,,,,,,,,,,,,,,,,,,,,,,,,,,,,,,,,,,,,,,,,,,,,,,,,,,,,,,,,,,,,,,,,,,,,,,,,,,,,,,,,,,,,,,,,
,,10,,,,,,,,3700,,,,,,,,310,,,,,,,,,,,,,,,,,,,,"trollBoulderHit_dust_lvl2",,,,,,,,,,,,,,,,,,,,,,,,,,,,,,,,,,,,,,,,,,,,,,,,,,,,,,,,,,,,,,,,,,,,,,,,,,,,,,,,,,,,,,,,,,,,,,,,,,,,,,,,,,,,,,,,,,,,,,,,,,,,,,,,,,,,,,,,,,,,,,,,,,,,,,,,,,,,,,,,,,,,,,,,,,,,,,
"Wall Wrecker",4000051,1,,"TID_SIEGE_MACHINE_RAM","TID_CHARACTER_INFO_SIEGE_MACHINE_RAM",1,1,9,150,5500,48,,"Elixir",2500000,150,1300,550,250,10,150,,,"sc/ui.sc","icon_unit_siege_machine_ram","unit_siege_machine_ram_big","sc/info_siege_machine_ram.sc",,,,,"Wall","TRUE","Siege Ram Deploy",,"Siege Ram Attack",,"Siege Ram Hit","Giant Big Hit","FALSE","FALSE","TRUE",,,"Siege Ram Die",,"SiegeMachine_Ram_lvl1","Siege Workshop","FALSE",,,0,,,,,,,,,,,,,,,,,,,,,,,,,,,,,,,,,,,,6000,,,,,,,,16,,,,,,,,,,,,,,,-50,,,,,,,,,,100,100,,"TRUE",,,,,,,,,,,,,,,,1,,,,,,,,,,,,,,,"Town Hall",,,,,,,,,,,,,,,,,,,,,,,,"TRUE",,,,,,,"SiegeMachineRamSelfDestruct","1",,"TRUE",,,,,,,,,,,"WallWrecker",,,,,,,,,,,,,
,,2,,,,,,10,,6000,72,,,3500000,,,,300,,,,,,,,,,,,,,,,,,,,,,,,,,,,"SiegeMachine_Ram_lvl2",,,,,,,,,,,,,,,,,,,,,,,,,,,,,,,,,,,,,,,,,6500,,,,,,,,,,,,,,,,,,,,,,,,,,,,,,,,,,,,,,,,,,,,,,,,,,,,,,,,,,,,,,,,,,,,,,,,,,,,,,,,,,,,,,,,,,,,,,,,,,,,,,,,,,,,,,,,,,,,,,,,,,,,,
,,3,,,,,,10,,6500,168,,,6500000,,,,350,,,,,,,,,,,,,,,,,,,,,,,,,,,,"SiegeMachine_Ram_lvl3",,,,,,,,,,,,,,,,,,,,,,,,,,,,,,,,,,,,,,,,,7000,,,,,,,,,,,,,,,,,,,,,,,,,,,,,,,,,,,,,,,,,,,,,,,,,,,,,,,,,,,,,,,,,,,,,,,,,,,,,,,,,,,,,,,,,,,,,,,,,,,,,,,,,,,,,,,,,,,,,,,,,,,,,
,,4,,,,,,11,,7000,216,,,10000000,,,,400,,,,,,,,,,,,,,,,,,,,,,,,,,,,"SiegeMachine_Ram_lvl4",,,,,,,,,,,,,,,,,,,,,,,,,,,,,,,,,,,,,,,,,8000,,,,,,,,,,,,,,,,,,,,,,,,,,,,,,,,,,,,,,,,,,,,,,,,,,,,,,,,,,,,,,,,,,,,,,,,,,,,,,,,,,,,,,,,,,,,,,,,,,,,,,,,,,,,,,,,,,,,,,,,,,,,,
,,5,,,,,,13,,8500,324,,,26000000,,,,580,,,,,,,,,,,,,,,,,,,,,,,,,,,,"SiegeMachine_Ram_lvl5",,,,,,,,,,,,,,,,,,,,,,,,,,,,,,,,,,,,,,,,,10000,,,,,,,,,,,,,,,,,,,,,,,,,,,,,,,,,,,,,,,,,,,,,,,,,,,,,,,,,,,,,,,,,,,,,,,,,,,,,,,,,,,,,,,,,,,,,,,,,,,,,,,,,,,,,,,,,,,,,,,,,,,,,
,,6,,,,,,16,,10000,,,,,,,,670,,,,,,,,,,,,,,,,,,,,,,,,,,,,"SiegeMachine_Ram_lvl6",,,,,,,,,,,,,,,,,,,,,,,,,,,,,,,,,,,,,,,,,13000,,,,,,,,,,,,,,,,,,,,,,,,,,,,,,,,,,,,,,,,,,,,,,,,,,,,,,,,,,,,,,,,,,,,,,,,,,,,,,,,,,,,,,,,,,,,,,,,,,,,,,,,,,,,,,,,,,,,,,,,,,,,,
"Battle Blimp",4000052,1,,"TID_SIEGE_MACHINE_FLYER","TID_CHARACTER_INFO_SIEGE_MACHINE_FLYER",1,2,9,225,3000,48,,"Elixir",2500000,150,1500,936,100,1,300,,,"sc/ui.sc","icon_unit_siege_machine_flyer","unit_siege_machine_flyer_big","sc/info_siege_machine_flyer.sc",,"Siege Zeppelin Projectile",,,,,"Balloon Goblin Deploy",,"Balloon Goblin Attack",,"Balloon Goblin Hit",,"TRUE","FALSE","TRUE",,20,"Balloon Goblin Die",,"SiegeMachine_Flyer_lvl1","Siege Workshop","FALSE",,,0,,700,300,"Super_Bomb",700,,,,,,,,,,,,,,,,,,,,,,,,,,,,,,,6000,,,,,,,,,,,,,,,,,,,,,,,120,,,,,,,,,,0,100,,"TRUE",,,,,,,,,,,,,,,,1,,,,,,,,,,,,,,"TRUE","Town Hall","TRUE",,,,,,,,,,,,,,,,,,,,,,,"TRUE",,,,,,,"SiegeMachineFlyerSelfDestruct","1",,"TRUE",,,,,,,,,,,"BattleBlimp",,,,,,,,,,,,,
,,2,,,,,,10,,3500,72,,,3500000,,,,140,,,,,,,,,,,,,,,,,,,,,,,,,,,,"SiegeMachine_Flyer_lvl2",,,,,,,800,,,,,,,,,,,,,,,,,,,,,,,,,,,,,,,,,,6500,,,,,,,,,,,,,,,,,,,,,,,,,,,,,,,,,,,,,,,,,,,,,,,,,,,,,,,,,,,,,,,,,,,,,,,,,,,,,,,,,,,,,,,,,,,,,,,,,,,,,,,,,,,,,,,,,,,,,,,,,,,,,
,,3,,,,,,10,,4000,168,,,6500000,,,,180,,,,,,,,,,,,,,,,,,,,,,,,,,,,"SiegeMachine_Flyer_lvl3",,,,,,,900,,,,,,,,,,,,,,,,,,,,,,,,,,,,,,,,,,7000,,,,,,,,,,,,,,,,,,,,,,,,,,,,,,,,,,,,,,,,,,,,,,,,,,,,,,,,,,,,,,,,,,,,,,,,,,,,,,,,,,,,,,,,,,,,,,,,,,,,,,,,,,,,,,,,,,,,,,,,,,,,,
,,4,,,,,,11,,4500,216,,,10000000,,,,220,,,,,,,,,,,,,,,,,,,,,,,,,,,,"SiegeMachine_Flyer_lvl4",,,,,,,1000,,,,,,,,,,,,,,,,,,,,,,,,,,,,,,,,,,8000,,,,,,,,,,,,,,,,,,,,,,,,,,,,,,,,,,,,,,,,,,,,,,,,,,,,,,,,,,,,,,,,,,,,,,,,,,,,,,,,,,,,,,,,,,,,,,,,,,,,,,,,,,,,,,,,,,,,,,,,,,,,,
,,5,,,,,,13,,5000,324,,,26000000,,,,260,,,,,,,,,,,,,,,,,,,,,,,,,,,,"SiegeMachine_Flyer_lvl5",,,,,,,1100,,,,,,,,,,,,,,,,,,,,,,,,,,,,,,,,,,10000,,,,,,,,,,,,,,,,,,,,,,,,,,,,,,,,,,,,,,,,,,,,,,,,,,,,,,,,,,,,,,,,,,,,,,,,,,,,,,,,,,,,,,,,,,,,,,,,,,,,,,,,,,,,,,,,,,,,,,,,,,,,,
,,6,,,,,,16,,5500,,,,,,,,300,,,,,,,,,,,,,,,,,,,,,,,,,,,,"SiegeMachine_Flyer_lvl6",,,,,,,1200,,,,,,,,,,,,,,,,,,,,,,,,,,,,,,,,,,13000,,,,,,,,,,,,,,,,,,,,,,,,,,,,,,,,,,,,,,,,,,,,,,,,,,,,,,,,,,,,,,,,,,,,,,,,,,,,,,,,,,,,,,,,,,,,,,,,,,,,,,,,,,,,,,,,,,,,,,,,,,,,,
"Stone Slammer",4000062,1,,"TID_SIEGE_MACHINE_BALLOON","TID_SIEGE_MACHINE_BALLOON_INFO",1,3,9,200,5600,48,,"Elixir",2500000,0,2500,550,400,,100,,,"sc/ui.sc","icon_unit_siege_machine_balloon","unit_siege_machine_balloon_big","sc/info_siege_machine_balloon.sc",,,,,"Defense",,"Siege_Bowler_deploy",,"Siege Bowler Attack",,,,"TRUE","FALSE","TRUE",,,"Balloon Goblin Die",,"SiegeMachine_Bowler_lvl1","Siege Workshop","FALSE",,,20,,500,300,"Balloon Exposion",416,,,,,,,,,,,,,,,,,,,,,,,,,,,,,,,6000,,,,,,,,,,,,,,,,,,,,,,,120,,,,,,,,,,100,100,2250,"TRUE",,,,,,,,,,,,,,,,1,,,,,,,,,,,,,,,,,200,300,,100,200,300,"Wall",2500,,,,,,,,,,,,,,,"TRUE",,,,,,,"SiegeMachineBallonSelfDestruct","1",,"TRUE",,,,,,,,,,,"StoneSlammer",,,,,,,,,,,,,
,,2,,,,,,10,,5900,72,,,3500000,,,,500,,,,,,,,,,,,,,,,,,,,,,,,,,,,"SiegeMachine_Bowler_lvl2",,,,,,,,,,,,,,,,,,,,,,,,,,,,,,,,,,,,,,,,,6500,,,,,,,,,,,,,,,,,,,,,,,,,,,,,,,,,,,,,,,,,,,,,,,,,,,,,,,,,,,,,,,,,,,,,300,,,150,,,,,,,,,,,,,,,,,,,,,,,,,,,,,,,,,,,,,,,,,,,,,,,,,,,,,
,,3,,,,,,10,,6200,168,,,6500000,,,,600,,,,,,,,,,,,,,,,,,,,,,,,,,,,"SiegeMachine_Bowler_lvl3",,,,,,,,,,,,,,,,,,,,,,,,,,,,,,,,,,,,,,,,,7000,,,,,,,,,,,,,,,,,,,,,,,,,,,,,,,,,,,,,,,,,,,,,,,,,,,,,,,,,,,,,,,,,,,,,400,,,200,,,,,,,,,,,,,,,,,,,,,,,,,,,,,,,,,,,,,,,,,,,,,,,,,,,,,
,,4,,,,,,11,,6500,216,,,10000000,,,,700,,,,,,,,,,,,,,,,,,,,,,,,,,,,"SiegeMachine_Bowler_lvl4",,,,,,,,,,,,,,,,,,,,,,,,,,,,,,,,,,,,,,,,,8000,,,,,,,,,,,,,,,,,,,,,,,,,,,,,,,,,,,,,,,,,,,,,,,,,,,,,,,,,,,,,,,,,,,,,500,,,250,,,,,,,,,,,,,,,,,,,,,,,,,,,,,,,,,,,,,,,,,,,,,,,,,,,,,
,,5,,,,,,13,,6800,324,,,26000000,,,,750,,,,,,,,,,,,,,,,,,,,,,,,,,,,"SiegeMachine_Bowler_lvl5",,,,,,,,,,,,,,,,,,,,,,,,,,,,,,,,,,,,,,,,,10000,,,,,,,,,,,,,,,,,,,,,,,,,,,,,,,,,,,,,,,,,,,,,,,,,,,,,,,,,,,,,,,,,,,,,600,,,300,,,,,,,,,,,,,,,,,,,,,,,,,,,,,,,,,,,,,,,,,,,,,,,,,,,,,
,,6,,,,,,16,,7200,,,,,,,,820,,,,,,,,,,,,,,,,,,,,,,,,,,,,"SiegeMachine_Bowler_lvl6",,,,,,,,,,,,,,,,,,,,,,,,,,,,,,,,,,,,,,,,,13000,,,,,,,,,,,,,,,,,,,,,,,,,,,,,,,,,,,,,,,,,,,,,,,,,,,,,,,,,,,,,,,,,,,,,700,,,350,,,,,,,,,,,,,,,,,,,,,,,,,,,,,,,,,,,,,,,,,,,,,,,,,,,,,
"Siege Barracks",4000075,1,,"TID_SIEGE_MACHINE_CARRIER","TID_CHARACTER_INFO_SIEGE_MACHINE_CARRIER",1,4,9,0,3300,72,,"Elixir",3500000,0,800,550,0,10,0,,,"sc/ui.sc","icon_unit_siege_machine_carrier","unit_siege_machine_clan_carrier_big","sc/info_siege_clan_carrier.sc",,,,,,"TRUE","Siege Carrier Deploy",,,,"Siege Ram Hit","Giant Big Hit","FALSE","FALSE","TRUE",,,"Siege Ram Die",,"SiegeMachine_Carrier_lvl1","Siege Workshop","FALSE",,,0,,,,,,,,,,,,,,,,,,,,,,,,,,,,,,,,,,1300,,6000,,,,,,,,,,,,,,,,,,,,,,,-50,,,,,,,,,,0,100,,"TRUE",,,,,,,,,,,,,,,,1,,,,,,,,,,,,,,,"Town Hall",,,,,,,,,,,,,,,"PEKKA",1,6,30000,0,,,,,"TRUE",,,,,,,"SiegeMachineCarrierSelfDestruct","1",,"TRUE",,,,,,,,,,,"SiegeBarrack",,,,,,,,,,,,,
,,2,,,,,,10,,3700,96,,,5000000,,,,,,,,,,,,,,,,,,,,,,,,,,,,,,,,"SiegeMachine_Carrier_lvl2",,,,,,,,,,,,,,,,,,,,,,,,,,,,,,,,,,,,,,,,,7000,,,,,,,,,,,,,,,,,,,,,,,,,,,,,,,,,,,,,,,,,,,,,,,,,,,,,,,,,,,,,,,,,,,,,,,,,,,,,,,,,,"Wizard",1,8,,,,,,,,,,,,,,,,,,,,,,,,,,,,,,,,,,,,,,,,,
,,3,,,,,,10,,4100,168,,,8000000,,,,,,,,,,,,,,,,,,,,,,,,,,,,,,,,"SiegeMachine_Carrier_lvl3",,,,,,,,,,,,,,,,,,,,,,,,,,,,,,,,,,,,,,,,,8000,,,,,,,,,,,,,,,,,,,,,,,,,,,,,,,,,,,,,,,,,,,,,,,,,,,,,,,,,,,,,,,,,,,,,,,,,,,,,,,,,,,1,10,,,,,,,,,,,,,,,,,,,,,,,,,,,,,,,,,,,,,,,,,
,,4,,,,,,11,,4500,288,,,18000000,,,,,,,,,,,,,,,,,,,,,,,,,,,,,,,,"SiegeMachine_Carrier_lvl4",,,,,,,,,,,,,,,,,,,,,,,,,,,,,,,,,,,,,,,,,9000,,,,,,,,,,,,,,,,,,,,,,,,,,,,,,,,,,,,,,,,,,,,,,,,,,,,,,,,,,,,,,,,,,,,,,,,,,,,,,,,,,,1,11,,,,,,,,,,,,,,,,,,,,,,,,,,,,,,,,,,,,,,,,,
,,5,,,,,,14,,4800,360,,,27000000,,,,,,,,,,,,,,,,,,,,,,,,,,,,,,,,"SiegeMachine_Carrier_lvl5",,,,,,,,,,,,,,,,,,,,,,,,,,,,,,,,,,,,,,,,,11000,,,,,,,,,,,,,,,,,,,,,,,,,,,,,,,,,,,,,,,,,,,,,,,,,,,,,,,,,,,,,,,,,,,,,,,,,,,,,,,,,,,2,11,,,,,,,,,,,,,,,,,,,,,,,,,,,,,,,,,,,,,,,,,
,,6,,,,,,16,,5100,,,,,,,,,,,,,,,,,,,,,,,,,,,,,,,,,,,,"SiegeMachine_Carrier_lvl6",,,,,,,,,,,,,,,,,,,,,,,,,,,,,,,,,,,,,,,,,13000,,,,,,,,,,,,,,,,,,,,,,,,,,,,,,,,,,,,,,,,,,,,,,,,,,,,,,,,,,,,,,,,,,,,,,,,,,,,,,,,,,,2,12,,,,,,,,,,,,,,,,,,,,,,,,,,,,,,,,,,,,,,,,,
"Log Launcher",4000087,1,,"TID_SIEGE_MACHINE_LOG_LAUNCHER","TID_CHARACTER_INFO_SIEGE_MACHINE_LOG_LAUNCHER",1,5,9,70,4000,72,,"Elixir",3200000,100,3000,,140,4,,,,"sc/ui.sc","icon_unit_siege_machine_LogLauncher","unit_siege_machine_loglauncher_big","sc/info_siege_machine_loglauncher.sc",,"RollingLog",,,"Wall","TRUE","Log Siege Deploy",,"Log Siege Attack",,"Generic Hit",,"FALSE","FALSE","TRUE",,,"Siege Ram Die",,"SiegeMachine_LogLauncher_lvl1","Siege Workshop","FALSE",,,0,,,,,,,,,,,,,,,,,,,,,,,,,,,,,,,,,,,,6000,,,,,,,,16,,,,,,,,,,,,,,,-50,,,,,,,,,,0,100,,"TRUE",,,,,,,,,,,,,,,,1,,,,,156,1000,,,,,,,,"TRUE","Town Hall",,2900,100,,,,,,,,,,,,,,,,,,"TRUE",120,1900,"TRUE",,,,,,,"SiegeMachineLogLauncherSelfDestruct","1",,"TRUE",,,,,,,,,,,"LogLauncher",,,,,,,,,,,,,
,,2,,,,,,10,,4400,96,,,4500000,,,,160,,,,,,,,,,,,,,,,,,,,,,,,,,,,"SiegeMachine_LogLauncher_lvl2",,,,,,,,,,,,,,,,,,,,,,,,,,,,,,,,,,,,,,,,,7000,,,,,,,,,,,,,,,,,,,,,,,,,,,,,,,,,,,,,,,,,,,,,,,,,,,,,,,,,,,,,,,,,,,,,3000,,,,,,,,,,,,,,,,,,,,,,,,,,,,,,,,,,,,,,,,,,,,,,,,,,,,,,,,
,,3,,,,,,10,,4800,168,,,7500000,,,,180,,,,,,,,,,,,,,,,,,,,,,,,,,,,"SiegeMachine_LogLauncher_lvl3",,,,,,,,,,,,,,,,,,,,,,,,,,,,,,,,,,,,,,,,,8000,,,,,,,,,,,,,,,,,,,,,,,,,,,,,,,,,,,,,,,,,,,,,,,,,,,,,,,,,,,,,,,,,,,,,3100,,,,,,,,,,,,,,,,,,,,,,,,,,,,,,,,,,,,,,,,,,,,,,,,,,,,,,,,
,,4,,,,,,11,,5200,288,,,18000000,,,,200,,,,,,,,,,,,,,,,,,,,,,,,,,,,"SiegeMachine_LogLauncher_lvl4",,,,,,,,,,,,,,,,,,,,,,,,,,,,,,,,,,,,,,,,,9000,,,,,,,,,,,,,,,,,,,,,,,,,,,,,,,,,,,,,,,,,,,,,,,,,,,,,,,,,,,,,,,,,,,,,3200,,,,,,,,,,,,,,,,,,,,,,,,,,,,,,,,,,,,,,,,,,,,,,,,,,,,,,,,
,,5,,,,,,14,,5500,360,,,27000000,,,,220,,,,,,,,,,,,,,,,,,,,,,,,,,,,"SiegeMachine_LogLauncher_lvl5",,,,,,,,,,,,,,,,,,,,,,,,,,,,,,,,,,,,,,,,,11000,,,,,,,,,,,,,,,,,,,,,,,,,,,,,,,,,,,,,,,,,,,,,,,,,,,,,,,,,,,,,,,,,,,,,3400,,,,,,,,,,,,,,,,,,,,,,,,,,,,,,,,,,,,,,,,,,,,,,,,,,,,,,,,
,,6,,,,,,16,,5800,,,,,,,,230,,,,,,,,,,,,,,,,,,,,,,,,,,,,"SiegeMachine_LogLauncher_lvl6",,,,,,,,,,,,,,,,,,,,,,,,,,,,,,,,,,,,,,,,,13000,,,,,,,,,,,,,,,,,,,,,,,,,,,,,,,,,,,,,,,,,,,,,,,,,,,,,,,,,,,,,,,,,,,,,3600,,,,,,,,,,,,,,,,,,,,,,,,,,,,,,,,,,,,,,,,,,,,,,,,,,,,,,,,
"Flame Flinger",4000091,1,,"TID_CHARACTER_SIEGE_MACHINE_CATAPULT","TID_CHARACTER_INFO_SIEGE_MACHINE_CATAPULT",1,6,9,80,1700,72,,"Elixir",5500000,1005,5000,550,127,,100,,,"sc/ui.sc","icon_unit_siege_machine_catapult","unit_siege_machine_catapult_big","sc/info_siege_machine_catapult.sc",,"FireCatapultProjectile1",,,"Defense",,"Siege Ram Deploy",,"Catapult Attack",,"Catapult Hit","Catapult Big Hit","FALSE","FALSE","TRUE",,,"Siege Ram Die",,"SiegeMachine_Catapult_lvl1","Siege Workshop","FALSE",,,0,,,,,,,,"FALSE",,,,,,,,,,,,,,,,,,,,,,,,,,,,7000,,,,,,,,,3,128,,,,,,,,,,,,,-50,,,,,,,,,,100,100,,"TRUE",,,,,,,,,,,,,,,,1,,,,,17,1000,,,,,,,,,,,,,,,,,"Wall",800,,,,,,,,,,,,,,,"TRUE",,,,,,,"SiegeMachineCatapultSelfDestruct","1",,"TRUE",,,,,,,,,,,"FlameFlinger",,,,,,,,,,,,,
,,2,,,,,,10,,1800,96,,,8000000,,,,141,,,,,,,,,,"FireCatapultProjectile2",,,,,,,,,,,,,,,,,,"SiegeMachine_Catapult_lvl2",,,,,,,,,,,,,,,,,,,,,,,,,,,,,,,,,,,,,,,,,7500,,,,,,,,,,,,,,,,,,,,,,,,,,,,,,,,,,,,,,,,,,,,,,,,,,,,,,,,,,,,,,,,,,,,,,,,,,,,,,,,,,,,,,,,,,,,,,,,,,,,,,,,,,,,,,,,,,,,,,,,,,,,,
,,3,,,,,,10,,1900,168,,,10000000,,,,155,,,,,,,,,,"FireCatapultProjectile3",,,,,,,,,,,,,,,,,,"SiegeMachine_Catapult_lvl3",,,,,,,,,,,,,,,,,,,,,,,,,,,,,,,,,,,,,,,,,8000,,,,,,,,,,,,,,,,,,,,,,,,,,,,,,,,,,,,,,,,,,,,,,,,,,,,,,,,,,,,,,,,,,,,,,,,,,,,,,,,,,,,,,,,,,,,,,,,,,,,,,,,,,,,,,,,,,,,,,,,,,,,,
,,4,,,,,,11,,2000,288,,,18000000,,,,169,,,,,,,,,,"FireCatapultProjectile4",,,,,,,,,,,,,,,,,,"SiegeMachine_Catapult_lvl4",,,,,,,,,,,,,,,,,,,,,,,,,,,,,,,,,,,,,,,,,9000,,,,,,,,,,,,,,,,,,,,,,,,,,,,,,,,,,,,,,,,,,,,,,,,,,,,,,,,,,,,,,,,,,,,,,,,,,,,,,,,,,,,,,,,,,,,,,,,,,,,,,,,,,,,,,,,,,,,,,,,,,,,,
,,5,,,,,,14,,2100,,,,,,,,184,,,,,,,,,,"FireCatapultProjectile5",,,,,,,,,,,,,,,,,,"SiegeMachine_Catapult_lvl5",,,,,,,,,,,,,,,,,,,,,,,,,,,,,,,,,,,,,,,,,11000,,,,,,,,,,,,,,,,,,,,,,,,,,,,,,,,,,,,,,,,,,,,,,,,,,,,,,,,,,,,,,,,,,,,,,,,,,,,,,,,,,,,,,,,,,,,,,,,,,,,,,,,,,,,,,,,,,,,,,,,,,,,,
"Battle Drill",4000092,1,,"TID_CHARACTER_SIEGE_BATTLE_DRILL","TID_CHARACTER_SIEGE_BATTLE_DRILL_INFO",1,7,13,300,4800,96,,"Elixir",6000000,100,1700,,430,,,,,"sc/ui.sc","icon_unit_siege_machine_BattleDrill","unit_siege_machine_battledrill_big","sc/info_siege_machine_battledrill.sc",,,,,"Defense",,"Battle Drill Deploy",,"Battle Drill Attack",,"Battle Drill Hit","Battl Drill Hit 2","FALSE","FALSE","TRUE",,,"Siege Ram Die",,"Driller","Siege Workshop","FALSE",,,0,,,,,,,,,,,,,,,,,,,,,,,,,,,,,,,,,,1700,,7500,,,,,,,,,,,,,,,,,,,,,,,-50,,,,,,,,"TRUE",,100,100,,"TRUE",,,,,,,,,,"Driller_ground",,,"Battle Drill Appear","Battle Drill Hide",,1,,,,,,,,,,,,,,,,,,,,,,,,,,,,,,,,,,,,,,,"TRUE",,,,,,,"SiegeMachineBattleDrillSelfDestruct;BattleDrillStunOnSurface","1;1",,"TRUE",,,,,,,,,,,"BattleDrill",,,,,,,,,,,,,
,,2,,,,,,13,,5100,120,,,8500000,,,,470,,,,,,,,,,,,,,,,,,,,,,,,,,,,"Driller2",,,,,,,,,,,,,,,,,,,,,,,,,,,,,,,,,,,,,,,,,8000,,,,,,,,,,,,,,,,,,,,,,,,,,,,,,,,,,,,,,,,,,,,,,,,,,,,,,,,,,,,,,,,,,,,,,,,,,,,,,,,,,,,,,,,,,,,,,,,,,,"1;2",,,,,,,,,,,,,,,,,,,,,,,,,,
,,3,,,,,,13,,5400,192,,,10000000,,,,510,,,,,,,,,,,,,,,,,,,,,,,,,,,,"Driller3",,,,,,,,,,,,,,,,,,,,,,,,,,,,,,,,,,,,,,,,,9000,,,,,,,,,,,,,,,,,,,,,,,,,,,,,,,,,,,,,,,,,,,,,,,,,,,,,,,,,,,,,,,,,,,,,,,,,,,,,,,,,,,,,,,,,,,,,,,,,,,"1;3",,,,,,,,,,,,,,,,,,,,,,,,,,
,,4,,,,,,13,,5800,216,,,17000000,,,,550,,,,,,,,,,,,,,,,,,,,,,,,,,,,"Driller4",,,,,,,,,,,,,,,,,,,,,,,,,,,,,,,,,,,,,,,,,10000,,,,,,,,,,,,,,,,,,,,,,,,,,,,,,,,,,,,,,,,,,,,,,,,,,,,,,,,,,,,,,,,,,,,,,,,,,,,,,,,,,,,,,,,,,,,,,,,,,,"1;4",,,,,,,,,,,,,,,,,,,,,,,,,,
,,5,,,,,,15,,6300,372,,,28000000,,,,590,,,,,,,,,,,,,,,,,,,,,,,,,,,,"Driller5",,,,,,,,,,,,,,,,,,,,,,,,,,,,,,,,,,,,,,,,,12000,,,,,,,,,,,,,,,,,,,,,,,,,,,,,,,,,,,,,,,,,,,,,,,,,,,,,,,,,,,,,,,,,,,,,,,,,,,,,,,,,,,,,,,,,,,,,,,,,,,"1;5",,,,,,,,,,,,,,,,,,,,,,,,,,
,,6,,,,,,16,,6900,,,,,,,,640,,,,,,,,,,,,,,,,,,,,,,,,,,,,"Driller5",,,,,,,,,,,,,,,,,,,,,,,,,,,,,,,,,,,,,,,,,13000,,,,,,,,,,,,,,,,,,,,,,,,,,,,,,,,,,,,,,,,,,,,,,,,,,,,,,,,,,,,,,,,,,,,,,,,,,,,,,,,,,,,,,,,,,,,,,,,,,,"1;6",,,,,,,,,,,,,,,,,,,,,,,,,,
"Troop Launcher",4000135,1,,"TID_CHARACTER_SIEGE_MACHINE_TROOP_CATAPULT","TID_CHARACTER_INFO_SIEGE_MACHINE_TROOP_CATAPULT",1,8,13,0,2000,144,,"Elixir",8500000,8000,6000,,-1,,1,,,"sc/ui.sc","icon_unit_siege_machine_commandtower","unit_siege_machine_commandtower_big","sc/info_siege_machine_commandtower.sc",,"CommandTower Barrel1",,,,,"Siege Ram Deploy",,"Command Tower Attack",,"Command Tower Hit","Command Tower Hit 2","FALSE","TRUE","TRUE",,5,"Siege Ram Die",,"SiegeMachine_CommandTower 1 (moving)","Siege Workshop","FALSE",,,0,,,,,,,,,,,,,,,,,,,,,,,,,,,,,,,,,,800,,9000,,,,,,,,,,,,,,,,,,,,,,,-50,,,,,,,,,,100,100,,"TRUE",,,,,,,,,,,,,,,,1,,,,,25,1000,,,,,,,,,,,,,,,,,,,,,,,,,,,,,,,,,"TRUE",,,,,,,"SiegeMachineCommandTowerSelfDestruct;Command Tower Mortar Mode","1;1",,"TRUE",,,,,,,,,,,"Troop Launcher",,"HitPoints;HousingSpace;DegenerationTime;NumAttacks;NumUnitSpawnedByProjectileHitSpell1;NumUnitSpawnedByProjectileHitSpell2;NumUnitSpawnedByProjectileHitSpell3;NumUnitSpawnedByProjectileHitSpell4;UnifiedLevelOfUnitsSpawnedByProjectileHitSpell",,,,,,,,,,,
,,2,,,,,,14,,2200,192,,,10000000,,,,,,,,,,,,,,"CommandTower Barrel2",,,,,,,,,,,,,,,5,,,"SiegeMachine_CommandTower 2 (moving)",,,,,,,,,,,,,,,,,,,,,,,,,,,,,,,,,,,,,,,,,10000,,,,,,,,,,,,,,,,,,,,,,,,,,,,,,,,,,,,,,,,,,,,,,,,,,,,,,,,,,,,,,,,,,,,,,,,,,,,,,,,,,,,,,,,,,,,,,,,,,"SiegeMachineCommandTowerSelfDestruct;Command Tower Mortar Mode 2","1;1",,,,,,,,,,,,,,,,,,,,,,,,,,
,,3,,,,,,14,,2400,216,,,17000000,,,,,,,,,,,,,,"CommandTower Barrel3",,,,,,,,,,,,,,,6,,,"SiegeMachine_CommandTower 3 (moving)",,,,,,,,,,,,,,,,,,,,,,,,,,,,,,,,,,,,,,,,,11000,,,,,,,,,,,,,,,,,,,,,,,,,,,,,,,,,,,,,,,,,,,,,,,,,,,,,,,,,,,,,,,,,,,,,,,,,,,,,,,,,,,,,,,,,,,,,,,,,,"SiegeMachineCommandTowerSelfDestruct;Command Tower Mortar Mode 3","1;1",,,,,,,,,,,,,,,,,,,,,,,,,,
,,4,,,,,,15,,2600,,,,,,,,,,,,,,,,,,"CommandTower Barrel4",,,,,,,,,,,,,,,7,,,"SiegeMachine_CommandTower 4 (moving)",,,,,,,,,,,,,,,,,,,,,,,,,,,,,,,,,,,,,,,,,12000,,,,,,,,,,,,,,,,,,,,,,,,,,,,,,,,,,,,,,,,,,,,,,,,,,,,,,,,,,,,,,,,,,,,,,,,,,,,,,,,,,,,,,,,,,,,,,,,,,"SiegeMachineCommandTowerSelfDestruct;Command Tower Mortar Mode 4","1;1",,,,,,,,,,,,,,,,,,,,,,,,,,
"Longshot",4000169,1,,"TID_INFERNO_GUARDIAN","TID_INFERNO_GUARDIAN_INFO",25,,,150,7000,168,,"Elixir",18000000,1100,1800,1200,330,,100,,,,,"unit_golem_secondary_big","sc/info_golem.sc",,"GuardianRangedProjectile",,,,,,,"ps_chr_guardianRanged_AtkStart",,"ps_chr_guardianRanged_Hit",,"FALSE","TRUE","TRUE",,,"Golem_split",,,,"FALSE",,,0,"TombStone",1000,350,"ps_chr_guardianRanged_Death",200,"TRUE",,"TRUE",,,,,,,,,,,,,,,,,,,,,,,,,,,,,,,,,,,,,,,,,,,,,,,,,,,-50,,,,,,,,,,2000,2000,,"TRUE",,,,,,,,,,,,,,,,,,,,,,,,,,,,,,,,,,,,,,,,,,,,,,,,,,,,,,,,,,,"RangedGuardian",,,"RangedGuardianAbility","1",,,,,,,,,,,,,"TroopGolem",,"HitPoints;DieDamage;DamagePerSecond;DamageType;TargetType;MovementSpeed;DieDamageRadius;Range",1600,1900,,,,,,,,,
,,2,,,,,,,,8000,216,,,22000000,,,,360,,,,,,,,,,,,,,,,,,,,,,,,,,,,,,,,,,,,,,,,,,,,,,,,,,,,,,,,,,,,,,,,,,,,,,,,,,,,,,,,,,,,,,,,,,,,,,,,,,,,,,,,,,,,,,,,,,,,,,,,,,,,,,,,,,,,,,,,,,,,,,,,,,,,,,,,,,,,,,,,,,,,,,,,,,,,,,,,,,,,,,,,,,,,,,,,,,
,,3,,,,,,,,9000,264,,,26000000,,,,390,,,,,,,,,,,,,,,,,,,,,,,,,,,,,,,,,,,,,,,,,,,,,,,,,,,,,,,,,,,,,,,,,,,,,,,,,,,,,,,,,,,,,,,,,,,,,,,,,,,,,,,,,,,,,,,,,,,,,,,,,,,,,,,,,,,,,,,,,,,,,,,,,,,,,,,,,,,,,,,,,,,,,,,,,,,,,,,,,,,,,,,,,,,,,,,,,,
,,4,,,,,,,,10000,312,,,28000000,,,,420,,,,,,,,,,,,,,,,,,,,,,,,,,,,,,,,,,,,,,,,,,,,,,,,,,,,,,,,,,,,,,,,,,,,,,,,,,,,,,,,,,,,,,,,,,,,,,,,,,,,,,,,,,,,,,,,,,,,,,,,,,,,,,,,,,,,,,,,,,,,,,,,,,,,,,,,,,,,,,,,,,,,,,,,,,,,,,,,,,,,,,,,,,,,,,,,,,
,,5,,,,,,,,11000,,,,,,,,450,,,,,,,,,,,,,,,,,,,,,,,,,,,,,,,,,,,,,,,,,,,,,,,,,,,,,,,,,,,,,,,,,,,,,,,,,,,,,,,,,,,,,,,,,,,,,,,,,,,,,,,,,,,,,,,,,,,,,,,,,,,,,,,,,,,,,,,,,,,,,,,,,,,,,,,,,,,,,,,,,,,,,,,,,,,,,,,,,,,,,,,,,,,,,,,,,,
"Smasher",4000170,1,,"TID_MELEE_AREA_GUARDIAN","TID_MELEE_AREA_GUARDIAN_INFO",25,,,250,12000,168,,"Elixir",18000000,125,1800,900,500,,250,,,,,"unit_golem_secondary_big","sc/info_golem.sc",,,,,,,,,,,"ps_chr_guardianMelee_Hit",,"FALSE","TRUE","TRUE",,,"Golem_split",,,,"FALSE",,,0,"TombStone",,,,,,,"TRUE",,,,,,,,,,,,,,,,,,,,,,,,,,,,,,,,,,,,,,,,,,,,,,,,,,,-50,,,,,,,,,,2000,2000,,"TRUE",,,,,,,,,,,,,,,,,,,,,,,,,,,,,,,,,,,,,,,,,,,,,,,,,,,,,,,,,,,"MeleeGuardian",,,"MeleeGuardianOnDeath;MeleeGuardianOnHomeDeath","1;1",,,,,,,,,,,,,"TroopGolem",,"HitPoints;DamagePerSecond;DamageType;TargetType;MovementSpeed;CharacterAbilityDamageBoost;Range",1200,1400,,,,,,,,,
,,2,,,,,,,,13000,216,,,22000000,,,,550,,,,,,,,,,,,,,,,,,,,,,,,,,,,,,,,,,,,,,,,,,,,,,,,,,,,,,,,,,,,,,,,,,,,,,,,,,,,,,,,,,,,,,,,,,,,,,,,,,,,,,,,,,,,,,,,,,,,,,,,,,,,,,,,,,,,,,,,,,,,,,,,,,,,,,,,,,,,,,,,,,,,,,,,,,,,,,,,,,,,,,,,,,,,,,,,,,
,,3,,,,,,,,14000,264,,,26000000,,,,600,,,,,,,,,,,,,,,,,,,,,,,,,,,,,,,,,,,,,,,,,,,,,,,,,,,,,,,,,,,,,,,,,,,,,,,,,,,,,,,,,,,,,,,,,,,,,,,,,,,,,,,,,,,,,,,,,,,,,,,,,,,,,,,,,,,,,,,,,,,,,,,,,,,,,,,,,,,,,,,,,,,,,,,,,,,,,,,,,,,,,,,,,,,,,,,,,,
,,4,,,,,,,,15000,312,,,28000000,,,,650,,,,,,,,,,,,,,,,,,,,,,,,,,,,,,,,,,,,,,,,,,,,,,,,,,,,,,,,,,,,,,,,,,,,,,,,,,,,,,,,,,,,,,,,,,,,,,,,,,,,,,,,,,,,,,,,,,,,,,,,,,,,,,,,,,,,,,,,,,,,,,,,,,,,,,,,,,,,,,,,,,,,,,,,,,,,,,,,,,,,,,,,,,,,,,,,,,
,,5,,,,,,,,16000,,,,,,,,700,,,,,,,,,,,,,,,,,,,,,,,,,,,,,,,,,,,,,,,,,,,,,,,,,,,,,,,,,,,,,,,,,,,,,,,,,,,,,,,,,,,,,,,,,,,,,,,,,,,,,,,,,,,,,,,,,,,,,,,,,,,,,,,,,,,,,,,,,,,,,,,,,,,,,,,,,,,,,,,,,,,,,,,,,,,,,,,,,,,,,,,,,,,,,,,,,,
"Ice Wizard",4000030,1,,"TID_WIZARD2","TID_CHARACTER_INFO_WIZARD2",4,0,1,160,180,,,"Elixir",,300,1500,,48,1,,,,"sc/ui.sc","icon_unit_icewizard","unit_icewizard_big","sc/info_icewizard.sc",,"ice_wizard_projectile",,,"Defense",,"IceWizard Deploy",,"IceWizard_attack",,"IceWizard Hit1",,"FALSE","TRUE","TRUE",,,"Ice Wizard Die",,"Ice Wizard1","Barracks","FALSE",,,0,"TombStone",,,,,,,,,,,,,,,,,,,,,,,,,,,,,,,,,,,,,,,,,,,,,,,,,,,,,,,,,,-50,,,,,,,,,,600,200,,"TRUE",,,,,,,,,,,,,,,,,"TRUE",,"TRUE",,,,,6,6,,,,,,,,,,,,,,,,2000,50,,,,,,,,,,,,,,,,,,,,,,,,,,,,,,,,,,"TroopIceWizard",,,,,,,,,,,,,
,,2,,,,,,,,216,,,,,,,,67,,,,,,,,,,,,,,,,,,,,,,,,,,,,,,,,,,,,,,,,,,,,,,,,,,,,,,,,,,,,,,,,,,,,,,,,,,,,,,,,,,,,,,,,,,,,,,,,,,,,,,,,,,,,,,,,,,,,,,,,,,,,,,,,,7,,,,,,,,,,,,,,,,,,,,,,,,,,,,,,,,,,,,,,,,,,,,,,,,,,,,,,,,,,,,,,,,,
,,3,,,,,,,,259,,,,,,,,86,,,,,,,,,,,,,,,,,,,,,,,,,,,,,,,,,,,,,,,,,,,,,,,,,,,,,,,,,,,,,,,,,,,,,,,,,,,,,,,,,,,,,,,,,,,,,,,,,,,,,,,,,,,,,,,,,,,,,,,,,,,,,,,,,8,,,,,,,,,,,,,,,,,,,,,,,,,,,,,,,,,,,,,,,,,,,,,,,,,,,,,,,,,,,,,,,,,
,,4,,,,,,,,312,,,,,,,,120,,,,,,,,,,,,,,,,,,,,,,,,,,,,,,,,,,,,,,,,,,,,,,,,,,,,,,,,,,,,,,,,,,,,,,,,,,,,,,,,,,,,,,,,,,,,,,,,,,,,,,,,,,,,,,,,,,,,,,,,,,,,,,,,,9,,,,,,,,,,,,,,,,,,,,,,,,,,,,,,,,,,,,,,,,,,,,,,,,,,,,,,,,,,,,,,,,,
,,5,,,,,,,,374,,,,,,,,163,,,,,,,,,,,,,,,,,,,,,,,,,,,,,,,,,,,,,,,,,,,,,,,,,,,,,,,,,,,,,,,,,,,,,,,,,,,,,,,,,,,,,,,,,,,,,,,,,,,,,,,,,,,,,,,,,,,,,,,,,,,,,,,,,10,,,,,,,,,,,,,,,,,,,,,,,,,,,,,,,,,,,,,,,,,,,,,,,,,,,,,,,,,,,,,,,,,
,,6,,,,,,,,420,,,,,,,,178,,,,,,,,,,,,,,,,,,,,,,,,,,,,,,,,,,,,,,,,,,,,,,,,,,,,,,,,,,,,,,,,,,,,,,,,,,,,,,,,,,,,,,,,,,,,,,,,,,,,,,,,,,,,,,,,,,,,,,,,,,,,,,,,,11,,,,,,,,,,,,,,,,,,,,,,,,,,,,,,,,,,,,,,,,,,,,,,,,,,,,,,,,,,,,,,,,,
,,7,,,,,,,,456,,,,,,,,192,,,,,,,,,,,,,,,,,,,,,,,,,,,,,,,,,,,,,,,,,,,,,,,,,,,,,,,,,,,,,,,,,,,,,,,,,,,,,,,,,,,,,,,,,,,,,,,,,,,,,,,,,,,,,,,,,,,,,,,,,,,,,,,,,12,,,,,,,,,,,,,,,,,,,,,,,,,,,,,,,,,,,,,,,,,,,,,,,,,,,,,,,,,,,,,,,,,
,,8,,,,,,,,504,,,,,,,,206,,,,,,,,,,,,,,,,,,,,,,,,,,,,,,,,,,,,,,,,,,,,,,,,,,,,,,,,,,,,,,,,,,,,,,,,,,,,,,,,,,,,,,,,,,,,,,,,,,,,,,,,,,,,,,,,,,,,,,,,,,,,,,,,,13,,,,,,,,,,,,,,,,,,,,,,,,,,,,,,,,,,,,,,,,,,,,,,,,,,,,,,,,,,,,,,,,,
,,9,,,,,,,,552,,,,,,,,221,,,,,,,,,,,,,,,,,,,,,,,,,,,,,,,,,,,,,,,,,,,,,,,,,,,,,,,,,,,,,,,,,,,,,,,,,,,,,,,,,,,,,,,,,,,,,,,,,,,,,,,,,,,,,,,,,,,,,,,,,,,,,,,,,14,,,,,,,,,,,,,,,,,,,,,,,,,,,,,,,,,,,,,,,,,,,,,,,,,,,,,,,,,,,,,,,,,
,,10,,,,,,,,600,,,,,,,,235,,,,,,,,,,,,,,,,,,,,,,,,,,,,,,,,,,,,,,,,,,,,,,,,,,,,,,,,,,,,,,,,,,,,,,,,,,,,,,,,,,,,,,,,,,,,,,,,,,,,,,,,,,,,,,,,,,,,,,,,,,,,,,,,,15,,,,,,,,,,,,,,,,,,,,,,,,,,,,,,,,,,,,,,,,,,,,,,,,,,,,,,,,,,,,,,,,,
,,11,,,,,,,,648,,,,,,,,250,,,,,,,,,,,,,,,,,,,,,,,,,,,,,,,,,,,,,,,,,,,,,,,,,,,,,,,,,,,,,,,,,,,,,,,,,,,,,,,,,,,,,,,,,,,,,,,,,,,,,,,,,,,,,,,,,,,,,,,,,,,,,,,,,16,,,,,,,,,,,,,,,,,,,,,,,,,,,,,,,,,,,,,,,,,,,,,,,,,,,,,,,,,,,,,,,,,
,,12,,,,,,,,696,,,,,,,,264,,,,,,,,,,,,,,,,,,,,,,,,,,,,,,,,,,,,,,,,,,,,,,,,,,,,,,,,,,,,,,,,,,,,,,,,,,,,,,,,,,,,,,,,,,,,,,,,,,,,,,,,,,,,,,,,,,,,,,,,,,,,,,,,,17,,,,,,,,,,,,,,,,,,,,,,,,,,,,,,,,,,,,,,,,,,,,,,,,,,,,,,,,,,,,,,,,,
,,13,,,,,,,,744,,,,,,,,278,,,,,,,,,,,,,,,,,,,,,,,,,,,,,,,,,,,,,,,,,,,,,,,,,,,,,,,,,,,,,,,,,,,,,,,,,,,,,,,,,,,,,,,,,,,,,,,,,,,,,,,,,,,,,,,,,,,,,,,,,,,,,,,,,18,,,,,,,,,,,,,,,,,,,,,,,,,,,,,,,,,,,,,,,,,,,,,,,,,,,,,,,,,,,,,,,,,
"Battle Ram",4000045,1,,"TID_BATTLERAM","TID_CHARACTER_INFO_BATTLERAM",4,0,1,375,300,,,"Elixir",,60,100,,1250,40,,,,"sc/ui.sc","icon_unit_battleram_cc","unit_battleram_big","sc/info_battleram.sc",,,,,"Wall",,"BattleRam Deploy",,"BattleRam Attack",,,,"FALSE","FALSE","TRUE",,1,"Battle Ram Die",,"Village Battle Ram","Barracks","FALSE",,,0,,,,,,,,,,"Battle Ram Barbarian",,,4,75,,"TRUE",,,,,,,,,,,,,,,,,,,,,,,,,,,,,,,,,,,,,,,,,,,-50,,,,,,,,,,600,500,,"TRUE",,,,,,,,,,,,,,,,,"TRUE",,"TRUE",,,,,6,6,,,,,,,,,,,,,,,,,,,,,,,,,,,,,,,,,0,,,,,,,,,,,,,,,,,,"TroopBattleRam",,,,,,,,,,,,,
,,2,,,,,,,,325,,,,,,,,1500,,,,,,,,,,,,,,,,,,,,,,,,,,,,,,,,,,,,,,,,,,,,,,,,,,,,,,,,,,,,,,,,,,,,,,,,,,,,,,,,,,,,,,,,,,,,,,,,,,,,,,,,,,,,,,,,,,,,,,,,,,,,,,,,,7,,,,,,,,,,,,,,,,,,,,,,,,,,,,,,,,,,,,,,,,,,,,,,,,,,,,,,,,,,,,,,,,,
,,3,,,,,,,,350,,,,,,,,1750,,,,,,,,,,,,,,,,,,,,,,,,,,,,,,,,,,,,,,,,,,,,,,,,,,,,,,,,,,,,,,,,,,,,,,,,,,,,,,,,,,,,,,,,,,,,,,,,,,,,,,,,,,,,,,,,,,,,,,,,,,,,,,,,,8,,,,,,,,,,,,,,,,,,,,,,,,,,,,,,,,,,,,,,,,,,,,,,,,,,,,,,,,,,,,,,,,,
,,4,,,,,,,,375,,,,,,,,2000,,,,,,,,,,,,,,,,,,,,,,,,,,,,,,,,,,,,,,,,,,,,,,,,,,,,,,,,,,,,,,,,,,,,,,,,,,,,,,,,,,,,,,,,,,,,,,,,,,,,,,,,,,,,,,,,,,,,,,,,,,,,,,,,,9,,,,,,,,,,,,,,,,,,,,,,,,,,,,,,,,,,,,,,,,,,,,,,,,,,,,,,,,,,,,,,,,,
,,5,,,,,,,,400,,,,,,,,2250,,,,,,,,,,,,,,,,,,,,,,,,,,,,,,,,,,,,,,,,,,,,,,,,,,,,,,,,,,,,,,,,,,,,,,,,,,,,,,,,,,,,,,,,,,,,,,,,,,,,,,,,,,,,,,,,,,,,,,,,,,,,,,,,,10,,,,,,,,,,,,,,,,,,,,,,,,,,,,,,,,,,,,,,,,,,,,,,,,,,,,,,,,,,,,,,,,,
,,6,,,,,,,,425,,,,,,,,2500,,,,,,,,,,,,,,,,,,,,,,,,,,,,,,,,,,,,,,,,,,,,,,,,,,,,,,,,,,,,,,,,,,,,,,,,,,,,,,,,,,,,,,,,,,,,,,,,,,,,,,,,,,,,,,,,,,,,,,,,,,,,,,,,,11,,,,,,,,,,,,,,,,,,,,,,,,,,,,,,,,,,,,,,,,,,,,,,,,,,,,,,,,,,,,,,,,,
,,7,,,,,,,,450,,,,,,,,2750,,,,,,,,,,,,,,,,,,,,,,,,,,,,,,,,,,,,,,,,,,,,,,,,,,,,,,,,,,,,,,,,,,,,,,,,,,,,,,,,,,,,,,,,,,,,,,,,,,,,,,,,,,,,,,,,,,,,,,,,,,,,,,,,,12,,,,,,,,,,,,,,,,,,,,,,,,,,,,,,,,,,,,,,,,,,,,,,,,,,,,,,,,,,,,,,,,,
,,8,,,,,,,,475,,,,,,,,3000,,,,,,,,,,,,,,,,,,,,,,,,,,,,,,,,,,,,,,,,,,,,,,,,,,,,,,,,,,,,,,,,,,,,,,,,,,,,,,,,,,,,,,,,,,,,,,,,,,,,,,,,,,,,,,,,,,,,,,,,,,,,,,,,,13,,,,,,,,,,,,,,,,,,,,,,,,,,,,,,,,,,,,,,,,,,,,,,,,,,,,,,,,,,,,,,,,,
,,9,,,,,,,,500,,,,,,,,3250,,,,,,,,,,,,,,,,,,,,,,,,,,,,,,,,,,,,,,,,,,,,,,,,,,,,,,,,,,,,,,,,,,,,,,,,,,,,,,,,,,,,,,,,,,,,,,,,,,,,,,,,,,,,,,,,,,,,,,,,,,,,,,,,,14,,,,,,,,,,,,,,,,,,,,,,,,,,,,,,,,,,,,,,,,,,,,,,,,,,,,,,,,,,,,,,,,,
,,10,,,,,,,,525,,,,,,,,3500,,,,,,,,,,,,,,,,,,,,,,,,,,,,,,,,,,,,,,,,,,,,,,,,,,,,,,,,,,,,,,,,,,,,,,,,,,,,,,,,,,,,,,,,,,,,,,,,,,,,,,,,,,,,,,,,,,,,,,,,,,,,,,,,,15,,,,,,,,,,,,,,,,,,,,,,,,,,,,,,,,,,,,,,,,,,,,,,,,,,,,,,,,,,,,,,,,,
,,11,,,,,,,,550,,,,,,,,3750,,,,,,,,,,,,,,,,,,,,,,,,,,,,,,,,,,,,,,,,,,,,,,,,,,,,,,,,,,,,,,,,,,,,,,,,,,,,,,,,,,,,,,,,,,,,,,,,,,,,,,,,,,,,,,,,,,,,,,,,,,,,,,,,,16,,,,,,,,,,,,,,,,,,,,,,,,,,,,,,,,,,,,,,,,,,,,,,,,,,,,,,,,,,,,,,,,,
,,12,,,,,,,,575,,,,,,,,4000,,,,,,,,,,,,,,,,,,,,,,,,,,,,,,,,,,,,,,,,,,,,,,,,,,,,,,,,,,,,,,,,,,,,,,,,,,,,,,,,,,,,,,,,,,,,,,,,,,,,,,,,,,,,,,,,,,,,,,,,,,,,,,,,,17,,,,,,,,,,,,,,,,,,,,,,,,,,,,,,,,,,,,,,,,,,,,,,,,,,,,,,,,,,,,,,,,,
,,13,,,,,,,,600,,,,,,,,4250,,,,,,,,,,,,,,,,,,,,,,,,,,,,,,,,,,,,,,,,,,,,,,,,,,,,,,,,,,,,,,,,,,,,,,,,,,,,,,,,,,,,,,,,,,,,,,,,,,,,,,,,,,,,,,,,,,,,,,,,,,,,,,,,,18,,,,,,,,,,,,,,,,,,,,,,,,,,,,,,,,,,,,,,,,,,,,,,,,,,,,,,,,,,,,,,,,,
"Battle Ram Barbarian",4000046,1,,"TID_BARBARIAN","TID_CHARACTER_INFO_BARBARIAN",1,1,1,220,65,,,,,40,1000,,10,1,,,,"sc/ui.sc","icon_unit_barbarian","unit_barbarian_big","sc/info_barbarian.sc",,,,,,,"Barbarian Deploy",,"Barbarian Attack",,"Barbarian Hit",,"FALSE","FALSE","TRUE",,,"Barbarian Die",,"Barbarian","Barracks","FALSE",,,0,"TombStone",,,,,,,"TRUE",,,,"TRUE",,,,,,,,,,,,,,,,,,,,,,,,,,,,,,,,,,,,,,,,,,,,,,,-50,,,,,,,,,,100,100,,"TRUE",,,,,,,,,,,,,,,,,"TRUE",,"TRUE",,,,,,,,,,,,,,,,,,,,,,,,,,,,,,,,,,,,,,,,,,,,,,,,,,,,,,,,,"TroopGroundAny",,,,,,,,,,,,,
,,2,,,,,,,,85,,,,,,,,15,,,,,,,,,,,,,,,,,,,,,,,,,,,,,,,,,,,,,,,,,,,,,,,,,,,,,,,,,,,,,,,,,,,,,,,,,,,,,,,,,,,,,,,,,,,,,,,,,,,,,,,,,,,,,,,,,,,,,,,,,,,,,,,,,,,,,,,,,,,,,,,,,,,,,,,,,,,,,,,,,,,,,,,,,,,,,,,,,,,,,,,,,,,,,,,,,,
,,3,,,,,,,,105,,,,,,,,20,,,,,,,,,,,,,,,,,,,,,,,,,,,,,,,,,,,,,,,,,,,,,,,,,,,,,,,,,,,,,,,,,,,,,,,,,,,,,,,,,,,,,,,,,,,,,,,,,,,,,,,,,,,,,,,,,,,,,,,,,,,,,,,,,,,,,,,,,,,,,,,,,,,,,,,,,,,,,,,,,,,,,,,,,,,,,,,,,,,,,,,,,,,,,,,,,,
,,4,,,,,,,,125,,,,,,,,25,,,,,,,,,,,,,,,,,,,,,,,,,,,,,,,,,,,,,,,,,,,,,,,,,,,,,,,,,,,,,,,,,,,,,,,,,,,,,,,,,,,,,,,,,,,,,,,,,,,,,,,,,,,,,,,,,,,,,,,,,,,,,,,,,,,,,,,,,,,,,,,,,,,,,,,,,,,,,,,,,,,,,,,,,,,,,,,,,,,,,,,,,,,,,,,,,,
,,5,,,,,,,,160,,,,,,,,30,,,,,,,,,,,,,,,,,,,,,,,,,,,,,,,,,,,,,,,,,,,,,,,,,,,,,,,,,,,,,,,,,,,,,,,,,,,,,,,,,,,,,,,,,,,,,,,,,,,,,,,,,,,,,,,,,,,,,,,,,,,,,,,,,,,,,,,,,,,,,,,,,,,,,,,,,,,,,,,,,,,,,,,,,,,,,,,,,,,,,,,,,,,,,,,,,,
,,6,,,,,,,,205,,,,,,,,35,,,,,,,,,,,,,,,,,,,,,,,,,,,,,,,,,,,,,,,,,,,,,,,,,,,,,,,,,,,,,,,,,,,,,,,,,,,,,,,,,,,,,,,,,,,,,,,,,,,,,,,,,,,,,,,,,,,,,,,,,,,,,,,,,,,,,,,,,,,,,,,,,,,,,,,,,,,,,,,,,,,,,,,,,,,,,,,,,,,,,,,,,,,,,,,,,,
,,7,,,,,,,,230,,,,,,,,40,,,,,,,,,,,,,,,,,,,,,,,,,,,,,,,,,,,,,,,,,,,,,,,,,,,,,,,,,,,,,,,,,,,,,,,,,,,,,,,,,,,,,,,,,,,,,,,,,,,,,,,,,,,,,,,,,,,,,,,,,,,,,,,,,,,,,,,,,,,,,,,,,,,,,,,,,,,,,,,,,,,,,,,,,,,,,,,,,,,,,,,,,,,,,,,,,,
,,8,,,,,,,,250,,,,,,,,45,,,,,,,,,,,,,,,,,,,,,,,,,,,,,,,,,,,,,,,,,,,,,,,,,,,,,,,,,,,,,,,,,,,,,,,,,,,,,,,,,,,,,,,,,,,,,,,,,,,,,,,,,,,,,,,,,,,,,,,,,,,,,,,,,,,,,,,,,,,,,,,,,,,,,,,,,,,,,,,,,,,,,,,,,,,,,,,,,,,,,,,,,,,,,,,,,,
,,9,,,,,,,,270,,,,,,,,50,,,,,,,,,,,,,,,,,,,,,,,,,,,,,,,,,,,,,,,,,,,,,,,,,,,,,,,,,,,,,,,,,,,,,,,,,,,,,,,,,,,,,,,,,,,,,,,,,,,,,,,,,,,,,,,,,,,,,,,,,,,,,,,,,,,,,,,,,,,,,,,,,,,,,,,,,,,,,,,,,,,,,,,,,,,,,,,,,,,,,,,,,,,,,,,,,,
,,10,,,,,,,,290,,,,,,,,55,,,,,,,,,,,,,,,,,,,,,,,,,,,,,,,,,,,,,,,,,,,,,,,,,,,,,,,,,,,,,,,,,,,,,,,,,,,,,,,,,,,,,,,,,,,,,,,,,,,,,,,,,,,,,,,,,,,,,,,,,,,,,,,,,,,,,,,,,,,,,,,,,,,,,,,,,,,,,,,,,,,,,,,,,,,,,,,,,,,,,,,,,,,,,,,,,,
,,11,,,,,,,,310,,,,,,,,60,,,,,,,,,,,,,,,,,,,,,,,,,,,,,,,,,,,,,,,,,,,,,,,,,,,,,,,,,,,,,,,,,,,,,,,,,,,,,,,,,,,,,,,,,,,,,,,,,,,,,,,,,,,,,,,,,,,,,,,,,,,,,,,,,,,,,,,,,,,,,,,,,,,,,,,,,,,,,,,,,,,,,,,,,,,,,,,,,,,,,,,,,,,,,,,,,,
,,12,,,,,,,,330,,,,,,,,65,,,,,,,,,,,,,,,,,,,,,,,,,,,,,,,,,,,,,,,,,,,,,,,,,,,,,,,,,,,,,,,,,,,,,,,,,,,,,,,,,,,,,,,,,,,,,,,,,,,,,,,,,,,,,,,,,,,,,,,,,,,,,,,,,,,,,,,,,,,,,,,,,,,,,,,,,,,,,,,,,,,,,,,,,,,,,,,,,,,,,,,,,,,,,,,,,,
,,13,,,,,,,,350,,,,,,,,70,,,,,,,,,,,,,,,,,,,,,,,,,,,,,,,,,,,,,,,,,,,,,,,,,,,,,,,,,,,,,,,,,,,,,,,,,,,,,,,,,,,,,,,,,,,,,,,,,,,,,,,,,,,,,,,,,,,,,,,,,,,,,,,,,,,,,,,,,,,,,,,,,,,,,,,,,,,,,,,,,,,,,,,,,,,,,,,,,,,,,,,,,,,,,,,,,,
"Royal Ghost",4000047,1,,"TID_GHOST","TID_CHARACTER_INFO_GHOST",8,0,1,200,130,,,"Elixir",,50,1000,,235,1,,,,"sc/ui.sc","icon_unit_royale_ghost","unit_royale_ghost_big","sc/info_royale_ghost.sc",,,,,,,"Ghost_deploy",,"Ghost_sword",,"IceWizard Hit1",,"FALSE","FALSE","TRUE",,,"Ghost_sword_vo",,"Prototype_Ghost","Barracks","FALSE",,,0,"TombStone",,,,,,,,,,,,,,,,,,,,,,,,,,,,,,,,,,,,,,,,,,,,,,,,,,,,,,,,,,-50,,,,,,,,,,100,100,2400,"TRUE",,,,,,,,,,,,,,,0,,"TRUE",,"TRUE",,,,,6,6,,,,,,,,,,,,,,,,4000,50,,,,,,,,,,,,,,,,,,,,"RoyalGhostAbility","1",,,,,,,,,,,,,"TroopRoyalGhost",,,,,,,,,,,,,
,,2,,,,,,,,160,,,,,,,,315,,,,,,,,,,,,,,,,,,,,,,,,,,,,,,,,,,,,,,,,,,,,,,,,,,,,,,,,,,,,,,,,,,,,,,,,,,,,,,,,,,,,,,,,,,,,,,,,,,,,,,,,,,,,,,,,,,,,,,,,,,,,,,,,,7,,,,,,,,,,,,,,,,,,,,,,,,,,,,,,,,,,,,,,,,,,,,,,,,,,,,,,,,,,,,,,,,,
,,3,,,,,,,,190,,,,,,,,395,,,,,,,,,,,,,,,,,,,,,,,,,,,,,,,,,,,,,,,,,,,,,,,,,,,,,,,,,,,,,,,,,,,,,,,,,,,,,,,,,,,,,,,,,,,,,,,,,,,,,,,,,,,,,,,,,,,,,,,,,,,,,,,,,8,,,,,,,,,,,,,,,,,,,,,,,,,,,,,,,,,,,,,,,,,,,,,,,,,,,,,,,,,,,,,,,,,
,,4,,,,,,,,215,,,,,,,,475,,,,,,,,,,,,,,,,,,,,,,,,,,,,,,,,,,,,,,,,,,,,,,,,,,,,,,,,,,,,,,,,,,,,,,,,,,,,,,,,,,,,,,,,,,,,,,,,,,,,,,,,,,,,,,,,,,,,,,,,,,,,,,,,,9,,,,,,,,,,,,,,,,,,,,,,,,,,,,,,,,,,,,,,,,,,,,,,,,,,,,,,,,,,,,,,,,,
,,5,,,,,,,,240,,,,,,,,555,,,,,,,,,,,,,,,,,,,,,,,,,,,,,,,,,,,,,,,,,,,,,,,,,,,,,,,,,,,,,,,,,,,,,,,,,,,,,,,,,,,,,,,,,,,,,,,,,,,,,,,,,,,,,,,,,,,,,,,,,,,,,,,,,10,,,,,,,,,,,,,,,,,,,,,,,,,,,,,,,,,,,,,,,,,,,,,,,,,,,,,,,,,,,,,,,,,
,,6,,,,,,,,265,,,,,,,,635,,,,,,,,,,,,,,,,,,,,,,,,,,,,,,,,,,,,,,,,,,,,,,,,,,,,,,,,,,,,,,,,,,,,,,,,,,,,,,,,,,,,,,,,,,,,,,,,,,,,,,,,,,,,,,,,,,,,,,,,,,,,,,,,,11,,,,,,,,,,,,,,,,,,,,,,,,,,,,,,,,,,,,,,,,,,,,,,,,,,,,,,,,,,,,,,,,,
,,7,,,,,,,,300,,,,,,,,720,,,,,,,,,,,,,,,,,,,,,,,,,,,,,,,,,,,,,,,,,,,,,,,,,,,,,,,,,,,,,,,,,,,,,,,,,,,,,,,,,,,,,,,,,,,,,,,,,,,,,,,,,,,,,,,,,,,,,,,,,,,,,,,,,12,,,,,,,,,,,,,,,,,,,,,,,,,,,,,,,,,,,,,,,,,,,,,,,,,,,,,,,,,,,,,,,,,
,,8,,,,,,,,325,,,,,,,,800,,,,,,,,,,,,,,,,,,,,,,,,,,,,,,,,,,,,,,,,,,,,,,,,,,,,,,,,,,,,,,,,,,,,,,,,,,,,,,,,,,,,,,,,,,,,,,,,,,,,,,,,,,,,,,,,,,,,,,,,,,,,,,,,,13,,,,,,,,,,,,,,,,,,,,,,,,,,,,,,,,,,,,,,,,,,,,,,,,,,,,,,,,,,,,,,,,,
,,9,,,,,,,,350,,,,,,,,880,,,,,,,,,,,,,,,,,,,,,,,,,,,,,,,,,,,,,,,,,,,,,,,,,,,,,,,,,,,,,,,,,,,,,,,,,,,,,,,,,,,,,,,,,,,,,,,,,,,,,,,,,,,,,,,,,,,,,,,,,,,,,,,,,14,,,,,,,,,,,,,,,,,,,,,,,,,,,,,,,,,,,,,,,,,,,,,,,,,,,,,,,,,,,,,,,,,
,,10,,,,,,,,380,,,,,,,,965,,,,,,,,,,,,,,,,,,,,,,,,,,,,,,,,,,,,,,,,,,,,,,,,,,,,,,,,,,,,,,,,,,,,,,,,,,,,,,,,,,,,,,,,,,,,,,,,,,,,,,,,,,,,,,,,,,,,,,,,,,,,,,,,,15,,,,,,,,,,,,,,,,,,,,,,,,,,,,,,,,,,,,,,,,,,,,,,,,,,,,,,,,,,,,,,,,,
,,11,,,,,,,,410,,,,,,,,1050,,,,,,,,,,,,,,,,,,,,,,,,,,,,,,,,,,,,,,,,,,,,,,,,,,,,,,,,,,,,,,,,,,,,,,,,,,,,,,,,,,,,,,,,,,,,,,,,,,,,,,,,,,,,,,,,,,,,,,,,,,,,,,,,,16,,,,,,,,,,,,,,,,,,,,,,,,,,,,,,,,,,,,,,,,,,,,,,,,,,,,,,,,,,,,,,,,,
,,12,,,,,,,,445,,,,,,,,1135,,,,,,,,,,,,,,,,,,,,,,,,,,,,,,,,,,,,,,,,,,,,,,,,,,,,,,,,,,,,,,,,,,,,,,,,,,,,,,,,,,,,,,,,,,,,,,,,,,,,,,,,,,,,,,,,,,,,,,,,,,,,,,,,,17,,,,,,,,,,,,,,,,,,,,,,,,,,,,,,,,,,,,,,,,,,,,,,,,,,,,,,,,,,,,,,,,,
,,13,,,,,,,,480,,,,,,,,1220,,,,,,,,,,,,,,,,,,,,,,,,,,,,,,,,,,,,,,,,,,,,,,,,,,,,,,,,,,,,,,,,,,,,,,,,,,,,,,,,,,,,,,,,,,,,,,,,,,,,,,,,,,,,,,,,,,,,,,,,,,,,,,,,,18,,,,,,,,,,,,,,,,,,,,,,,,,,,,,,,,,,,,,,,,,,,,,,,,,,,,,,,,,,,,,,,,,
"Pumpkin Barbarian Armored",4000048,1,,"TID_PUMPKIN_BARBARIAN","TID_CHARACTER_INFO_PUMPKIN_BARBARIAN",1,1,1,200,136,,,"Elixir",,40,1000,,21,1,,,,"sc/ui.sc","icon_unit_pumpkin_barbarian","unit_barbarian_big","sc/info_barbarian.sc",,,,,,,"Barbarian Deploy",,"Barbarian Attack",,"Barbarian Hit",,"FALSE","FALSE","TRUE",,,,,"Barbarian7_shield","Barracks","FALSE",,,0,"TombStone",,,,,,,,,"Pumpkin Barbarian Bare",,,1,0,,"FALSE",,,,,,,,,,,,,,,,,,,,,,,,,,,,,,,,,,,,,,,,,,,-50,,,,,,,,,,100,100,,"TRUE",,,,,,,,,,,,,,,,,"TRUE",,"TRUE",,,,,6,6,,,,,,,,,,,,,,,,,,,,,,,,,,,,,,,,,,,,,,,,,,,,,,,,,,,"PumpkinBarbarian",,,,,,,,,,,,,
,,2,,,,,,,,185,,,,,,,,33,,,,,,,,,,,,,,,,,,,,,,,,,,,,"Barbarian7_shield",,,,,,,,,,,,,,,,,,,,,,,,,,,,,,,,,,,,,,,,,,,,,,,,,,,,,,,,,,,,,,,,,,,,,,,,,,,,,,,,,,,,,,,,,,,,,,,,,,,,,7,,,,,,,,,,,,,,,,,,,,,,,,,,,,,,,,,,,,,,,,,,,,,,,,,,,,,,,,,,,,,,,,,
,,3,,,,,,,,236,,,,,,,,45,,,,,,,,,,,,,,,,,,,,,,,,,,,,"Barbarian7_shield",,,,,,,,,,,,,,,,,,,,,,,,,,,,,,,,,,,,,,,,,,,,,,,,,,,,,,,,,,,,,,,,,,,,,,,,,,,,,,,,,,,,,,,,,,,,,,,,,,,,,8,,,,,,,,,,,,,,,,,,,,,,,,,,,,,,,,,,,,,,,,,,,,,,,,,,,,,,,,,,,,,,,,,
,,4,,,,,,,,291,,,,,,,,58,,,,,,,,,,,,,,,,,,,,,,,,,,,,"Barbarian7_shield",,,,,,,,,,,,,,,,,,,,,,,,,,,,,,,,,,,,,,,,,,,,,,,,,,,,,,,,,,,,,,,,,,,,,,,,,,,,,,,,,,,,,,,,,,,,,,,,,,,,,9,,,,,,,,,,,,,,,,,,,,,,,,,,,,,,,,,,,,,,,,,,,,,,,,,,,,,,,,,,,,,,,,,
,,5,,,,,,,,384,,,,,,,,72,,,,,,,,,,,,,,,,,,,,,,,,,,,,"Barbarian7_shield",,,,,,,,,,,,,,,,,,,,,,,,,,,,,,,,,,,,,,,,,,,,,,,,,,,,,,,,,,,,,,,,,,,,,,,,,,,,,,,,,,,,,,,,,,,,,,,,,,,,,10,,,,,,,,,,,,,,,,,,,,,,,,,,,,,,,,,,,,,,,,,,,,,,,,,,,,,,,,,,,,,,,,,
,,6,,,,,,,,507,,,,,,,,87,,,,,,,,,,,,,,,,,,,,,,,,,,,,"Barbarian7_shield",,,,,,,,,,,,,,,,,,,,,,,,,,,,,,,,,,,,,,,,,,,,,,,,,,,,,,,,,,,,,,,,,,,,,,,,,,,,,,,,,,,,,,,,,,,,,,,,,,,,,11,,,,,,,,,,,,,,,,,,,,,,,,,,,,,,,,,,,,,,,,,,,,,,,,,,,,,,,,,,,,,,,,,
,,7,,,,,,,,586,,,,,,,,102,,,,,,,,,,,,,,,,,,,,,,,,,,,,"Barbarian7_shield",,,,,,,,,,,,,,,,,,,,,,,,,,,,,,,,,,,,,,,,,,,,,,,,,,,,,,,,,,,,,,,,,,,,,,,,,,,,,,,,,,,,,,,,,,,,,,,,,,,,,12,,,,,,,,,,,,,,,,,,,,,,,,,,,,,,,,,,,,,,,,,,,,,,,,,,,,,,,,,,,,,,,,,
,,8,,,,,,,,656,,,,,,,,118,,,,,,,,,,,,,,,,,,,,,,,,,,,,"Barbarian7_shield",,,,,,,,,,,,,,,,,,,,,,,,,,,,,,,,,,,,,,,,,,,,,,,,,,,,,,,,,,,,,,,,,,,,,,,,,,,,,,,,,,,,,,,,,,,,,,,,,,,,,13,,,,,,,,,,,,,,,,,,,,,,,,,,,,,,,,,,,,,,,,,,,,,,,,,,,,,,,,,,,,,,,,,
,,9,,,,,,,,729,,,,,,,,135,,,,,,,,,,,,,,,,,,,,,,,,,,,,"Barbarian7_shield",,,,,,,,,,,,,,,,,,,,,,,,,,,,,,,,,,,,,,,,,,,,,,,,,,,,,,,,,,,,,,,,,,,,,,,,,,,,,,,,,,,,,,,,,,,,,,,,,,,,,14,,,,,,,,,,,,,,,,,,,,,,,,,,,,,,,,,,,,,,,,,,,,,,,,,,,,,,,,,,,,,,,,,
,,10,,,,,,,,805,,,,,,,,153,,,,,,,,,,,,,,,,,,,,,,,,,,,,"Barbarian7_shield",,,,,,,,,,,,,,,,,,,,,,,,,,,,,,,,,,,,,,,,,,,,,,,,,,,,,,,,,,,,,,,,,,,,,,,,,,,,,,,,,,,,,,,,,,,,,,,,,,,,,15,,,,,,,,,,,,,,,,,,,,,,,,,,,,,,,,,,,,,,,,,,,,,,,,,,,,,,,,,,,,,,,,,
,,11,,,,,,,,884,,,,,,,,171,,,,,,,,,,,,,,,,,,,,,,,,,,,,"Barbarian7_shield",,,,,,,,,,,,,,,,,,,,,,,,,,,,,,,,,,,,,,,,,,,,,,,,,,,,,,,,,,,,,,,,,,,,,,,,,,,,,,,,,,,,,,,,,,,,,,,,,,,,,16,,,,,,,,,,,,,,,,,,,,,,,,,,,,,,,,,,,,,,,,,,,,,,,,,,,,,,,,,,,,,,,,,
,,12,,,,,,,,965,,,,,,,,190,,,,,,,,,,,,,,,,,,,,,,,,,,,,"Barbarian7_shield",,,,,,,,,,,,,,,,,,,,,,,,,,,,,,,,,,,,,,,,,,,,,,,,,,,,,,,,,,,,,,,,,,,,,,,,,,,,,,,,,,,,,,,,,,,,,,,,,,,,,17,,,,,,,,,,,,,,,,,,,,,,,,,,,,,,,,,,,,,,,,,,,,,,,,,,,,,,,,,,,,,,,,,
,,13,,,,,,,,1050,,,,,,,,210,,,,,,,,,,,,,,,,,,,,,,,,,,,,"Barbarian7_shield",,,,,,,,,,,,,,,,,,,,,,,,,,,,,,,,,,,,,,,,,,,,,,,,,,,,,,,,,,,,,,,,,,,,,,,,,,,,,,,,,,,,,,,,,,,,,,,,,,,,,18,,,,,,,,,,,,,,,,,,,,,,,,,,,,,,,,,,,,,,,,,,,,,,,,,,,,,,,,,,,,,,,,,
"Pumpkin Barbarian Bare",4000049,1,,"TID_BARBARIAN","TID_CHARACTER_INFO_BARBARIAN",1,1,1,200,136,,,,,40,1000,,21,1,,,,"sc/ui.sc","icon_unit_barbarian","unit_barbarian_big","sc/info_barbarian.sc",,,,,,,"Barbarian Deploy",,"Barbarian Attack",,"Barbarian Hit",,"FALSE","FALSE","TRUE",,,"Barbarian Die",,"Barbarian","Barracks","FALSE",,,0,"TombStone",,,,,,,"TRUE",,,,"TRUE",,,,,,,,,,,,,,,,,,,,,,,,,,,,,,,,,,,,,,,,,,,,,,,-50,,,,,,,,,,100,100,,"TRUE",,,,,,,,,,,,,,,,,"TRUE",,"TRUE",,,,,,,,,,,,,,,,,,,,,,,,,,,,,,,,,,,,,,,,,,,,,,,,,,,,,,,,,"SecondaryTroop",,,,,,,,,,,,,
,,2,,,,,,,,185,,,,,,,,33,,,,,,,,,,,,,,,,,,,,,,,,,,,,"Barbarian",,,,,,,,,,,,,,,,,,,,,,,,,,,,,,,,,,,,,,,,,,,,,,,,,,,,,,,,,,,,,,,,,,,,,,,,,,,,,,,,,,,,,,,,,,,,,,,,,,,,,,,,,,,,,,,,,,,,,,,,,,,,,,,,,,,,,,,,,,,,,,,,,,,,,,,,,,,,,,,,,,,,,,
,,3,,,,,,,,236,,,,,,,,45,,,,,,,,,,,,,,,,,,,,,,,,,,,,"Barbarian",,,,,,,,,,,,,,,,,,,,,,,,,,,,,,,,,,,,,,,,,,,,,,,,,,,,,,,,,,,,,,,,,,,,,,,,,,,,,,,,,,,,,,,,,,,,,,,,,,,,,,,,,,,,,,,,,,,,,,,,,,,,,,,,,,,,,,,,,,,,,,,,,,,,,,,,,,,,,,,,,,,,,,
,,4,,,,,,,,291,,,,,,,,58,,,,,,,,,,,,,,,,,,,,,,,,,,,,"Barbarian",,,,,,,,,,,,,,,,,,,,,,,,,,,,,,,,,,,,,,,,,,,,,,,,,,,,,,,,,,,,,,,,,,,,,,,,,,,,,,,,,,,,,,,,,,,,,,,,,,,,,,,,,,,,,,,,,,,,,,,,,,,,,,,,,,,,,,,,,,,,,,,,,,,,,,,,,,,,,,,,,,,,,,
,,5,,,,,,,,384,,,,,,,,72,,,,,,,,,,,,,,,,,,,,,,,,,,,,"Barbarian",,,,,,,,,,,,,,,,,,,,,,,,,,,,,,,,,,,,,,,,,,,,,,,,,,,,,,,,,,,,,,,,,,,,,,,,,,,,,,,,,,,,,,,,,,,,,,,,,,,,,,,,,,,,,,,,,,,,,,,,,,,,,,,,,,,,,,,,,,,,,,,,,,,,,,,,,,,,,,,,,,,,,,
,,6,,,,,,,,507,,,,,,,,87,,,,,,,,,,,,,,,,,,,,,,,,,,,,"Barbarian",,,,,,,,,,,,,,,,,,,,,,,,,,,,,,,,,,,,,,,,,,,,,,,,,,,,,,,,,,,,,,,,,,,,,,,,,,,,,,,,,,,,,,,,,,,,,,,,,,,,,,,,,,,,,,,,,,,,,,,,,,,,,,,,,,,,,,,,,,,,,,,,,,,,,,,,,,,,,,,,,,,,,,
,,7,,,,,,,,586,,,,,,,,102,,,,,,,,,,,,,,,,,,,,,,,,,,,,"Barbarian",,,,,,,,,,,,,,,,,,,,,,,,,,,,,,,,,,,,,,,,,,,,,,,,,,,,,,,,,,,,,,,,,,,,,,,,,,,,,,,,,,,,,,,,,,,,,,,,,,,,,,,,,,,,,,,,,,,,,,,,,,,,,,,,,,,,,,,,,,,,,,,,,,,,,,,,,,,,,,,,,,,,,,
,,8,,,,,,,,656,,,,,,,,118,,,,,,,,,,,,,,,,,,,,,,,,,,,,"Barbarian",,,,,,,,,,,,,,,,,,,,,,,,,,,,,,,,,,,,,,,,,,,,,,,,,,,,,,,,,,,,,,,,,,,,,,,,,,,,,,,,,,,,,,,,,,,,,,,,,,,,,,,,,,,,,,,,,,,,,,,,,,,,,,,,,,,,,,,,,,,,,,,,,,,,,,,,,,,,,,,,,,,,,,
,,9,,,,,,,,729,,,,,,,,135,,,,,,,,,,,,,,,,,,,,,,,,,,,,"Barbarian",,,,,,,,,,,,,,,,,,,,,,,,,,,,,,,,,,,,,,,,,,,,,,,,,,,,,,,,,,,,,,,,,,,,,,,,,,,,,,,,,,,,,,,,,,,,,,,,,,,,,,,,,,,,,,,,,,,,,,,,,,,,,,,,,,,,,,,,,,,,,,,,,,,,,,,,,,,,,,,,,,,,,,
,,10,,,,,,,,805,,,,,,,,153,,,,,,,,,,,,,,,,,,,,,,,,,,,,"Barbarian",,,,,,,,,,,,,,,,,,,,,,,,,,,,,,,,,,,,,,,,,,,,,,,,,,,,,,,,,,,,,,,,,,,,,,,,,,,,,,,,,,,,,,,,,,,,,,,,,,,,,,,,,,,,,,,,,,,,,,,,,,,,,,,,,,,,,,,,,,,,,,,,,,,,,,,,,,,,,,,,,,,,,,
,,11,,,,,,,,884,,,,,,,,171,,,,,,,,,,,,,,,,,,,,,,,,,,,,"Barbarian",,,,,,,,,,,,,,,,,,,,,,,,,,,,,,,,,,,,,,,,,,,,,,,,,,,,,,,,,,,,,,,,,,,,,,,,,,,,,,,,,,,,,,,,,,,,,,,,,,,,,,,,,,,,,,,,,,,,,,,,,,,,,,,,,,,,,,,,,,,,,,,,,,,,,,,,,,,,,,,,,,,,,,
,,12,,,,,,,,965,,,,,,,,190,,,,,,,,,,,,,,,,,,,,,,,,,,,,"Barbarian",,,,,,,,,,,,,,,,,,,,,,,,,,,,,,,,,,,,,,,,,,,,,,,,,,,,,,,,,,,,,,,,,,,,,,,,,,,,,,,,,,,,,,,,,,,,,,,,,,,,,,,,,,,,,,,,,,,,,,,,,,,,,,,,,,,,,,,,,,,,,,,,,,,,,,,,,,,,,,,,,,,,,,
,,13,,,,,,,,1050,,,,,,,,210,,,,,,,,,,,,,,,,,,,,,,,,,,,,"Barbarian",,,,,,,,,,,,,,,,,,,,,,,,,,,,,,,,,,,,,,,,,,,,,,,,,,,,,,,,,,,,,,,,,,,,,,,,,,,,,,,,,,,,,,,,,,,,,,,,,,,,,,,,,,,,,,,,,,,,,,,,,,,,,,,,,,,,,,,,,,,,,,,,,,,,,,,,,,,,,,,,,,,,,,
"Giant Skeleton",4000050,1,,"TID_GIANT_SKELETON","TID_CHARACTER_INFO_GIANT_SKELETON",20,3,1,150,2100,,,"Elixir",,100,2000,,60,1,,,,"sc/ui.sc","icon_unit_giant_skeleton","unit_giant_skeleton_big","sc/info_giant_skeleton.sc",,,,,"Defense",,"Giant Skeleton Deploy",,"Giant Skeleton Attack",,"Giant Hit",,"FALSE","FALSE","TRUE",,,"Skeleton Bomb Appear","Giant Skeleton Die","Giant Skeleton","Barracks","FALSE",,,0,,1400,200,"New Pekka death",2000,,,,,,,,,,,,,,,,,,,,,,,,,,,,,,,,,,,,,,,,,,,,,,,,,,,,,,-50,,,,,,,,,,2000,2000,,"TRUE",,,,,,,,,,,,,,,,,"TRUE",,"TRUE",,,,,6,6,,,,,,,,,,,,,,,,,,,,,,,,,,,,,,,,,,,,,,,,,,,,,,,,,,,"GiantSkeleton",,,,,,,,,,,,,
,,2,,,,,,,,2700,,,,,,,,75,,,,,,,,,,,,,,,,,,,,,,,,,,,,,,,,,,,1600,,,,,,,,,,,,,,,,,,,,,,,,,,,,,,,,,,,,,,,,,,,,,,,,,,,,,,,,,,,,,,,,,,,,,,,,,,,,,,,,,,,,,,,,,,,,,,7,,,,,,,,,,,,,,,,,,,,,,,,,,,,,,,,,,,,,,,,,,,,,,,,,,,,,,,,,,,,,,,,,
,,3,,,,,,,,3600,,,,,,,,100,,,,,,,,,,,,,,,,,,,,,,,,,,,,,,,,,,,1800,,,,,,,,,,,,,,,,,,,,,,,,,,,,,,,,,,,,,,,,,,,,,,,,,,,,,,,,,,,,,,,,,,,,,,,,,,,,,,,,,,,,,,,,,,,,,,8,,,,,,,,,,,,,,,,,,,,,,,,,,,,,,,,,,,,,,,,,,,,,,,,,,,,,,,,,,,,,,,,,
,,4,,,,,,,,4200,,,,,,,,120,,,,,,,,,,,,,,,,,,,,,,,,,,,,,,,,,,,2000,,,,,,,,,,,,,,,,,,,,,,,,,,,,,,,,,,,,,,,,,,,,,,,,,,,,,,,,,,,,,,,,,,,,,,,,,,,,,,,,,,,,,,,,,,,,,,9,,,,,,,,,,,,,,,,,,,,,,,,,,,,,,,,,,,,,,,,,,,,,,,,,,,,,,,,,,,,,,,,,
,,5,,,,,,,,4800,,,,,,,,140,,,,,,,,,,,,,,,,,,,,,,,,,,,,,,,,,,,2200,,,,,,,,,,,,,,,,,,,,,,,,,,,,,,,,,,,,,,,,,,,,,,,,,,,,,,,,,,,,,,,,,,,,,,,,,,,,,,,,,,,,,,,,,,,,,,10,,,,,,,,,,,,,,,,,,,,,,,,,,,,,,,,,,,,,,,,,,,,,,,,,,,,,,,,,,,,,,,,,
,,6,,,,,,,,5200,,,,,,,,160,,,,,,,,,,,,,,,,,,,,,,,,,,,,,,,,,,,2400,,,,,,,,,,,,,,,,,,,,,,,,,,,,,,,,,,,,,,,,,,,,,,,,,,,,,,,,,,,,,,,,,,,,,,,,,,,,,,,,,,,,,,,,,,,,,,11,,,,,,,,,,,,,,,,,,,,,,,,,,,,,,,,,,,,,,,,,,,,,,,,,,,,,,,,,,,,,,,,,
,,7,,,,,,,,5800,,,,,,,,180,,,,,,,,,,,,,,,,,,,,,,,,,,,,,,,,,,,2600,,,,,,,,,,,,,,,,,,,,,,,,,,,,,,,,,,,,,,,,,,,,,,,,,,,,,,,,,,,,,,,,,,,,,,,,,,,,,,,,,,,,,,,,,,,,,,12,,,,,,,,,,,,,,,,,,,,,,,,,,,,,,,,,,,,,,,,,,,,,,,,,,,,,,,,,,,,,,,,,
,,8,,,,,,,,6300,,,,,,,,200,,,,,,,,,,,,,,,,,,,,,,,,,,,,,,,,,,,2800,,,,,,,,,,,,,,,,,,,,,,,,,,,,,,,,,,,,,,,,,,,,,,,,,,,,,,,,,,,,,,,,,,,,,,,,,,,,,,,,,,,,,,,,,,,,,,13,,,,,,,,,,,,,,,,,,,,,,,,,,,,,,,,,,,,,,,,,,,,,,,,,,,,,,,,,,,,,,,,,
,,9,,,,,,,,6900,,,,,,,,210,,,,,,,,,,,,,,,,,,,,,,,,,,,,,,,,,,,3000,,,,,,,,,,,,,,,,,,,,,,,,,,,,,,,,,,,,,,,,,,,,,,,,,,,,,,,,,,,,,,,,,,,,,,,,,,,,,,,,,,,,,,,,,,,,,,14,,,,,,,,,,,,,,,,,,,,,,,,,,,,,,,,,,,,,,,,,,,,,,,,,,,,,,,,,,,,,,,,,
,,10,,,,,,,,7500,,,,,,,,230,,,,,,,,,,,,,,,,,,,,,,,,,,,,,,,,,,,3200,,,,,,,,,,,,,,,,,,,,,,,,,,,,,,,,,,,,,,,,,,,,,,,,,,,,,,,,,,,,,,,,,,,,,,,,,,,,,,,,,,,,,,,,,,,,,,15,,,,,,,,,,,,,,,,,,,,,,,,,,,,,,,,,,,,,,,,,,,,,,,,,,,,,,,,,,,,,,,,,
,,11,,,,,,,,8100,,,,,,,,255,,,,,,,,,,,,,,,,,,,,,,,,,,,,,,,,,,,3400,,,,,,,,,,,,,,,,,,,,,,,,,,,,,,,,,,,,,,,,,,,,,,,,,,,,,,,,,,,,,,,,,,,,,,,,,,,,,,,,,,,,,,,,,,,,,,16,,,,,,,,,,,,,,,,,,,,,,,,,,,,,,,,,,,,,,,,,,,,,,,,,,,,,,,,,,,,,,,,,
,,12,,,,,,,,8700,,,,,,,,280,,,,,,,,,,,,,,,,,,,,,,,,,,,,,,,,,,,3600,,,,,,,,,,,,,,,,,,,,,,,,,,,,,,,,,,,,,,,,,,,,,,,,,,,,,,,,,,,,,,,,,,,,,,,,,,,,,,,,,,,,,,,,,,,,,,17,,,,,,,,,,,,,,,,,,,,,,,,,,,,,,,,,,,,,,,,,,,,,,,,,,,,,,,,,,,,,,,,,
,,13,,,,,,,,9500,,,,,,,,310,,,,,,,,,,,,,,,,,,,,,,,,,,,,,,,,,,,3800,,,,,,,,,,,,,,,,,,,,,,,,,,,,,,,,,,,,,,,,,,,,,,,,,,,,,,,,,,,,,,,,,,,,,,,,,,,,,,,,,,,,,,,,,,,,,,18,,,,,,,,,,,,,,,,,,,,,,,,,,,,,,,,,,,,,,,,,,,,,,,,,,,,,,,,,,,,,,,,,
"Skeleton Barrel",4000061,1,,"TID_CHARACTER_SKELETON_BARREL","TID_CHARACTER_INFO_SKELETON_BARREL",5,6,1,130,260,,,"Elixir",,0,1000,,180,1,120,,"TRUE","sc/ui.sc","icon_unit_skeletonBarrel","unit_skeleton_barrel_big","sc/info_skeleton_barrel.sc",,,,,,,"Skeleton Barrel Deploy",,"Balloon Goblin Attack",,"Balloon Goblin Hit",,"TRUE","FALSE","TRUE",,1,"Skeleton Barrel Die",,"SkeletonBarrel","Barracks","FALSE",,,20,"TombStone",,,,,,,,,"Skeleton",,,9,150,,"TRUE",,,,,,,,,,,,,,,,,,,,,,,,,,,,,,,,,,,,,,,,,,,80,,,,,,,,,,600,500,2250,"TRUE",,,,,,,,,,,,,,,,,"TRUE",,"TRUE",,,,,6,6,,,,,,,,,,,,,,,,,,,,,,,,,,,,,,,,,0,,,,,,,,,,,,,,,,,,"TroopDefenseAir",,,,,,,,,,,,,
,,2,,,,,,,,330,,,,,,,,260,,,,,,,,,,,,,,,,,,,,,,,,,,,,,,,,,,,,,,,,,,,"Skeleton",,,10,150,,"TRUE",,,,,,,,,,,,,,,,,,,,,,,,,,,,,,,,,,,,,,,,,,,,,,,,,,,,,,,,,,,,,,,,,,,,,,,,,,,,,,,,7,,,,,,,,,,,,,,,,,,,,,,,,,,,,,,,,,,,,,,,,,,,,,,,,,,,,,,,,,,,,,,,,,
,,3,,,,,,,,450,,,,,,,,360,,,,,,,,,,,,,,,,,,,,,,,,,,,,,,,,,,,,,,,,,,,"Skeleton",,,11,150,,"TRUE",,,,,,,,,,,,,,,,,,,,,,,,,,,,,,,,,,,,,,,,,,,,,,,,,,,,,,,,,,,,,,,,,,,,,,,,,,,,,,,,8,,,,,,,,,,,,,,,,,,,,,,,,,,,,,,,,,,,,,,,,,,,,,,,,,,,,,,,,,,,,,,,,,
,,4,,,,,,,,620,,,,,,,,520,,,,,,,,,,,,,,,,,,,,,,,,,,,,,,,,,,,,,,,,,,,"Skeleton",,,12,150,,"TRUE",,,,,,,,,,,,,,,,,,,,,,,,,,,,,,,,,,,,,,,,,,,,,,,,,,,,,,,,,,,,,,,,,,,,,,,,,,,,,,,,9,,,,,,,,,,,,,,,,,,,,,,,,,,,,,,,,,,,,,,,,,,,,,,,,,,,,,,,,,,,,,,,,,
,,5,,,,,,,,780,,,,,,,,630,,,,,,,,,,,,,,,,,,,,,,,,,,,,,,,,,,,,,,,,,,,"Skeleton",,,13,150,,"TRUE",,,,,,,,,,,,,,,,,,,,,,,,,,,,,,,,,,,,,,,,,,,,,,,,,,,,,,,,,,,,,,,,,,,,,,,,,,,,,,,,10,,,,,,,,,,,,,,,,,,,,,,,,,,,,,,,,,,,,,,,,,,,,,,,,,,,,,,,,,,,,,,,,,
,,6,,,,,,,,940,,,,,,,,750,,,,,,,,,,,,,,,,,,,,,,,,,,,,,,,,,,,,,,,,,,,"Skeleton",,,14,150,,"TRUE",,,,,,,,,,,,,,,,,,,,,,,,,,,,,,,,,,,,,,,,,,,,,,,,,,,,,,,,,,,,,,,,,,,,,,,,,,,,,,,,11,,,,,,,,,,,,,,,,,,,,,,,,,,,,,,,,,,,,,,,,,,,,,,,,,,,,,,,,,,,,,,,,,
,,7,,,,,,,,1050,,,,,,,,820,,,,,,,,,,,,,,,,,,,,,,,,,,,,,,,,,,,,,,,,,,,"Skeleton",,,15,150,,"TRUE",,,,,,,,,,,,,,,,,,,,,,,,,,,,,,,,,,,,,,,,,,,,,,,,,,,,,,,,,,,,,,,,,,,,,,,,,,,,,,,,12,,,,,,,,,,,,,,,,,,,,,,,,,,,,,,,,,,,,,,,,,,,,,,,,,,,,,,,,,,,,,,,,,
,,8,,,,,,,,1180,,,,,,,,930,,,,,,,,,,,,,,,,,,,,,,,,,,,,,,,,,,,,,,,,,,,"Skeleton",,,16,150,,"TRUE",,,,,,,,,,,,,,,,,,,,,,,,,,,,,,,,,,,,,,,,,,,,,,,,,,,,,,,,,,,,,,,,,,,,,,,,,,,,,,,,13,,,,,,,,,,,,,,,,,,,,,,,,,,,,,,,,,,,,,,,,,,,,,,,,,,,,,,,,,,,,,,,,,
,,9,,,,,,,,1320,,,,,,,,1040,,,,,,,,,,,,,,,,,,,,,,,,,,,,,,,,,,,,,,,,,,,"Skeleton",,,17,150,,"TRUE",,,,,,,,,,,,,,,,,,,,,,,,,,,,,,,,,,,,,,,,,,,,,,,,,,,,,,,,,,,,,,,,,,,,,,,,,,,,,,,,14,,,,,,,,,,,,,,,,,,,,,,,,,,,,,,,,,,,,,,,,,,,,,,,,,,,,,,,,,,,,,,,,,
,,10,,,,,,,,1470,,,,,,,,1160,,,,,,,,,,,,,,,,,,,,,,,,,,,,,,,,,,,,,,,,,,,"Skeleton",,,18,150,,"TRUE",,,,,,,,,,,,,,,,,,,,,,,,,,,,,,,,,,,,,,,,,,,,,,,,,,,,,,,,,,,,,,,,,,,,,,,,,,,,,,,,15,,,,,,,,,,,,,,,,,,,,,,,,,,,,,,,,,,,,,,,,,,,,,,,,,,,,,,,,,,,,,,,,,
,,11,,,,,,,,1620,,,,,,,,1280,,,,,,,,,,,,,,,,,,,,,,,,,,,,,,,,,,,,,,,,,,,"Skeleton",,,19,150,,"TRUE",,,,,,,,,,,,,,,,,,,,,,,,,,,,,,,,,,,,,,,,,,,,,,,,,,,,,,,,,,,,,,,,,,,,,,,,,,,,,,,,16,,,,,,,,,,,,,,,,,,,,,,,,,,,,,,,,,,,,,,,,,,,,,,,,,,,,,,,,,,,,,,,,,
,,12,,,,,,,,1780,,,,,,,,1400,,,,,,,,,,,,,,,,,,,,,,,,,,,,,,,,,,,,,,,,,,,"Skeleton",,,20,150,,"TRUE",,,,,,,,,,,,,,,,,,,,,,,,,,,,,,,,,,,,,,,,,,,,,,,,,,,,,,,,,,,,,,,,,,,,,,,,,,,,,,,,17,,,,,,,,,,,,,,,,,,,,,,,,,,,,,,,,,,,,,,,,,,,,,,,,,,,,,,,,,,,,,,,,,
,,13,,,,,,,,1950,,,,,,,,1520,,,,,,,,,,,,,,,,,,,,,,,,,,,,,,,,,,,,,,,,,,,"Skeleton",,,21,150,,"TRUE",,,,,,,,,,,,,,,,,,,,,,,,,,,,,,,,,,,,,,,,,,,,,,,,,,,,,,,,,,,,,,,,,,,,,,,,,,,,,,,,18,,,,,,,,,,,,,,,,,,,,,,,,,,,,,,,,,,,,,,,,,,,,,,,,,,,,,,,,,,,,,,,,,
"MECHA",4000067,1,,"TID_MECHA","TID_CHARACTER_INFO_MECHA",10,0,1,350,450,,,"Elixir",,60,1000,550,35,,,,,"sc/ui.sc","icon_unit_mecha","unit_mecha_big","sc/info_mecha.sc",,,,,"Defense",,"Elprimo Deploy",,,,"Giant Hit",,"FALSE","FALSE","TRUE",,,"Mecha Die",,"MECHA","Barracks","FALSE",,,0,"TombStone",,,,,,,,,,,,,,,,,,,,,,,,,,,,,,,,,,,,,,,,,,,,,,,,,,,,,,,,,,40,,,,,,,,,,1000,1000,,"TRUE",,,,,,,,"Elprimo Attack",,,,,,,,,"TRUE",,"TRUE",,,,,6,6,,,,,,,,,,,,,,"Wall",2000,,,,,,,,,,,,,,,,,,,,,,"ElPrimoPlaceholderAbility","1",,,,,,,,,,,,,"TroopMecha",,,,,,,,,,,,,
,,2,,,,,,,,880,,,,,,,,55,,,,,,,,,,,,,,,,,,,,,,,,,,,,,,,,,,,,,,,,,,,,,,,,,,,,,,,,,,,,,,,,,,,,,,,,,,,,,,,,,,,,,,,,,,,,,,,,,,,,,,,,,,,,,,,,,,,,,,,,,,,,,,,,,7,,,,,,,,,,,,,,,,,,,,,,,,,,,,,,,,,,,,,,,,,,,,,,,,,,,,,,,,,,,,,,,,,
,,3,,,,,,,,1300,,,,,,,,75,,,,,,,,,,,,,,,,,,,,,,,,,,,,,,,,,,,,,,,,,,,,,,,,,,,,,,,,,,,,,,,,,,,,,,,,,,,,,,,,,,,,,,,,,,,,,,,,,,,,,,,,,,,,,,,,,,,,,,,,,,,,,,,,,8,,,,,,,,,,,,,,,,,,,,,,,,,,,,,,,,,,,,,,,,,,,,,,,,,,,,,,,,,,,,,,,,,
,,4,,,,,,,,1720,,,,,,,,95,,,,,,,,,,,,,,,,,,,,,,,,,,,,,,,,,,,,,,,,,,,,,,,,,,,,,,,,,,,,,,,,,,,,,,,,,,,,,,,,,,,,,,,,,,,,,,,,,,,,,,,,,,,,,,,,,,,,,,,,,,,,,,,,,9,,,,,,,,,,,,,,,,,,,,,,,,,,,,,,,,,,,,,,,,,,,,,,,,,,,,,,,,,,,,,,,,,
,,5,,,,,,,,2150,,,,,,,,115,,,,,,,,,,,,,,,,,,,,,,,,,,,,,,,,,,,,,,,,,,,,,,,,,,,,,,,,,,,,,,,,,,,,,,,,,,,,,,,,,,,,,,,,,,,,,,,,,,,,,,,,,,,,,,,,,,,,,,,,,,,,,,,,,10,,,,,,,,,,,,,,,,,,,,,,,,,,,,,,,,,,,,,,,,,,,,,,,,,,,,,,,,,,,,,,,,,
,,6,,,,,,,,2600,,,,,,,,135,,,,,,,,,,,,,,,,,,,,,,,,,,,,,,,,,,,,,,,,,,,,,,,,,,,,,,,,,,,,,,,,,,,,,,,,,,,,,,,,,,,,,,,,,,,,,,,,,,,,,,,,,,,,,,,,,,,,,,,,,,,,,,,,,11,,,,,,,,,,,,,,,,,,,,,,,,,,,,,,,,,,,,,,,,,,,,,,,,,,,,,,,,,,,,,,,,,
,,7,,,,,,,,3050,,,,,,,,160,,,,,,,,,,,,,,,,,,,,,,,,,,,,,,,,,,,,,,,,,,,,,,,,,,,,,,,,,,,,,,,,,,,,,,,,,,,,,,,,,,,,,,,,,,,,,,,,,,,,,,,,,,,,,,,,,,,,,,,,,,,,,,,,,12,,,,,,,,,,,,,,,,,,,,,,,,,,,,,,,,,,,,,,,,,,,,,,,,,,,,,,,,,,,,,,,,,
,,8,,,,,,,,3500,,,,,,,,180,,,,,,,,,,,,,,,,,,,,,,,,,,,,,,,,,,,,,,,,,,,,,,,,,,,,,,,,,,,,,,,,,,,,,,,,,,,,,,,,,,,,,,,,,,,,,,,,,,,,,,,,,,,,,,,,,,,,,,,,,,,,,,,,,13,,,,,,,,,,,,,,,,,,,,,,,,,,,,,,,,,,,,,,,,,,,,,,,,,,,,,,,,,,,,,,,,,
,,9,,,,,,,,3950,,,,,,,,200,,,,,,,,,,,,,,,,,,,,,,,,,,,,,,,,,,,,,,,,,,,,,,,,,,,,,,,,,,,,,,,,,,,,,,,,,,,,,,,,,,,,,,,,,,,,,,,,,,,,,,,,,,,,,,,,,,,,,,,,,,,,,,,,,14,,,,,,,,,,,,,,,,,,,,,,,,,,,,,,,,,,,,,,,,,,,,,,,,,,,,,,,,,,,,,,,,,
,,10,,,,,,,,4400,,,,,,,,215,,,,,,,,,,,,,,,,,,,,,,,,,,,,,,,,,,,,,,,,,,,,,,,,,,,,,,,,,,,,,,,,,,,,,,,,,,,,,,,,,,,,,,,,,,,,,,,,,,,,,,,,,,,,,,,,,,,,,,,,,,,,,,,,,15,,,,,,,,,,,,,,,,,,,,,,,,,,,,,,,,,,,,,,,,,,,,,,,,,,,,,,,,,,,,,,,,,
,,11,,,,,,,,4800,,,,,,,,230,,,,,,,,,,,,,,,,,,,,,,,,,,,,,,,,,,,,,,,,,,,,,,,,,,,,,,,,,,,,,,,,,,,,,,,,,,,,,,,,,,,,,,,,,,,,,,,,,,,,,,,,,,,,,,,,,,,,,,,,,,,,,,,,,16,,,,,,,,,,,,,,,,,,,,,,,,,,,,,,,,,,,,,,,,,,,,,,,,,,,,,,,,,,,,,,,,,
,,12,,,,,,,,5200,,,,,,,,245,,,,,,,,,,,,,,,,,,,,,,,,,,,,,,,,,,,,,,,,,,,,,,,,,,,,,,,,,,,,,,,,,,,,,,,,,,,,,,,,,,,,,,,,,,,,,,,,,,,,,,,,,,,,,,,,,,,,,,,,,,,,,,,,,17,,,,,,,,,,,,,,,,,,,,,,,,,,,,,,,,,,,,,,,,,,,,,,,,,,,,,,,,,,,,,,,,,
,,13,,,,,,,,5600,,,,,,,,260,,,,,,,,,,,,,,,,,,,,,,,,,,,,,,,,,,,,,,,,,,,,,,,,,,,,,,,,,,,,,,,,,,,,,,,,,,,,,,,,,,,,,,,,,,,,,,,,,,,,,,,,,,,,,,,,,,,,,,,,,,,,,,,,,18,,,,,,,,,,,,,,,,,,,,,,,,,,,,,,,,,,,,,,,,,,,,,,,,,,,,,,,,,,,,,,,,,
"Party Wizard",4000072,1,,"TID_PARTY_WIZARD","TID_CHARACTER_INFO_PARTY_WIZARD",4,0,1,300,90,,,"Elixir",,300,1000,,95,1,30,,,"sc/ui.sc","icon_unit_partyWizard","unit_party_wizard_big","sc/info_party_wizard.sc",,"party_wizard_projectile",,,,,"Wizard Deploy",,"Wizard_attack",,"Wizard Hit1",,"FALSE","TRUE","TRUE",,,"Wizard Die",,"PartyWizard","Barracks","FALSE",,,0,"TombStone",,,,,,,,,,,,,,,,,,,,,,,,,,,,,,,,,,,,,,,,,,,,,,,,,,,,,,,,,,-50,,,,,,,,,,600,200,,"TRUE",,,,,,,,,,,,,,,,,"TRUE",,"TRUE",,,,,6,6,,,,,,,,,,,,,,,,,,,,,,,,,,,,,,,,,,,,,,,,,,,,,,,,,,,"TroopGroundAny",,,,,,,,,,,,,
,,2,,,,,,,,110,,,,,,,,125,,,,,,,,,,"party_wizard_projectile",,,,,,,"Wizard_attack",,"Wizard Hit1",,,,,,,,,"PartyWizard",,,,,,,,,,,,,,,,,,,,,,,,,,,,,,,,,,,,,,,,,,,,,,,,,,,,,,,,,,,,,,,,,,,,,,,,,,,,,,,,,,,,,,,,,,,,,,,,,,,,,7,,,,,,,,,,,,,,,,,,,,,,,,,,,,,,,,,,,,,,,,,,,,,,,,,,,,,,,,,,,,,,,,,
,,3,,,,,,,,130,,,,,,,,155,,,,,,,,,,"party_wizard_projectile",,,,,,,"Wizard_attack",,"Wizard Hit1",,,,,,,,,"PartyWizard",,,,,,,,,,,,,,,,,,,,,,,,,,,,,,,,,,,,,,,,,,,,,,,,,,,,,,,,,,,,,,,,,,,,,,,,,,,,,,,,,,,,,,,,,,,,,,,,,,,,,8,,,,,,,,,,,,,,,,,,,,,,,,,,,,,,,,,,,,,,,,,,,,,,,,,,,,,,,,,,,,,,,,,
,,4,,,,,,,,155,,,,,,,,205,,,,,,,,,,"party_wizard_projectile",,,,,,,"Wizard_attack2",,"Wizard Hit2",,,,,,,,,"PartyWizard",,,,,,,,,,,,,,,,,,,,,,,,,,,,,,,,,,,,,,,,,,,,,,,,,,,,,,,,,,,,,,,,,,,,,,,,,,,,,,,,,,,,,,,,,,,,,,,,,,,,,9,,,,,,,,,,,,,,,,,,,,,,,,,,,,,,,,,,,,,,,,,,,,,,,,,,,,,,,,,,,,,,,,,
,,5,,,,,,,,180,,,,,,,,270,,,,,,,,,,"party_wizard_projectile",,,,,,,"Wizard_attack2",,"Wizard Hit2",,,,,,,,,"PartyWizard",,,,,,,,,,,,,,,,,,,,,,,,,,,,,,,,,,,,,,,,,,,,,,,,,,,,,,,,,,,,,,,,,,,,,,,,,,,,,,,,,,,,,,,,,,,,,,,,,,,,,10,,,,,,,,,,,,,,,,,,,,,,,,,,,,,,,,,,,,,,,,,,,,,,,,,,,,,,,,,,,,,,,,,
,,6,,,,,,,,205,,,,,,,,295,,,,,,,,,,"party_wizard_projectile",,,,,,,"Wizard_attack3",,"Wizard Hit2",,,,,,,,,"PartyWizard",,,,,,,,,,,,,,,,,,,,,,,,,,,,,,,,,,,,,,,,,,,,,,,,,,,,,,,,,,,,,,,,,,,,,,,,,,,,,,,,,,,,,,,,,,,,,,,,,,,,,11,,,,,,,,,,,,,,,,,,,,,,,,,,,,,,,,,,,,,,,,,,,,,,,,,,,,,,,,,,,,,,,,,
,,7,,,,,,,,230,,,,,,,,320,,,,,,,,,,"party_wizard_projectile",,,,,,,"Wizard_attack3",,"Wizard Hit2",,,,,,,,,"PartyWizard",,,,,,,,,,,,,,,,,,,,,,,,,,,,,,,,,,,,,,,,,,,,,,,,,,,,,,,,,,,,,,,,,,,,,,,,,,,,,,,,,,,,,,,,,,,,,,,,,,,,,12,,,,,,,,,,,,,,,,,,,,,,,,,,,,,,,,,,,,,,,,,,,,,,,,,,,,,,,,,,,,,,,,,
,,8,,,,,,,,255,,,,,,,,345,,,,,,,,,,"party_wizard_projectile",,,,,,,"Wizard_attack3",,"Wizard Hit2",,,,,,,,,"PartyWizard",,,,,,,,,,,,,,,,,,,,,,,,,,,,,,,,,,,,,,,,,,,,,,,,,,,,,,,,,,,,,,,,,,,,,,,,,,,,,,,,,,,,,,,,,,,,,,,,,,,,,13,,,,,,,,,,,,,,,,,,,,,,,,,,,,,,,,,,,,,,,,,,,,,,,,,,,,,,,,,,,,,,,,,
,,9,,,,,,,,280,,,,,,,,370,,,,,,,,,,"party_wizard_projectile",,,,,,,"Wizard_attack3",,"Wizard Hit2",,,,,,,,,"PartyWizard",,,,,,,,,,,,,,,,,,,,,,,,,,,,,,,,,,,,,,,,,,,,,,,,,,,,,,,,,,,,,,,,,,,,,,,,,,,,,,,,,,,,,,,,,,,,,,,,,,,,,14,,,,,,,,,,,,,,,,,,,,,,,,,,,,,,,,,,,,,,,,,,,,,,,,,,,,,,,,,,,,,,,,,
,,10,,,,,,,,305,,,,,,,,395,,,,,,,,,,"party_wizard_projectile",,,,,,,"Wizard_attack3",,"Wizard Hit2",,,,,,,,,"PartyWizard",,,,,,,,,,,,,,,,,,,,,,,,,,,,,,,,,,,,,,,,,,,,,,,,,,,,,,,,,,,,,,,,,,,,,,,,,,,,,,,,,,,,,,,,,,,,,,,,,,,,,15,,,,,,,,,,,,,,,,,,,,,,,,,,,,,,,,,,,,,,,,,,,,,,,,,,,,,,,,,,,,,,,,,
,,11,,,,,,,,330,,,,,,,,420,,,,,,,,,,"party_wizard_projectile",,,,,,,"Wizard_attack3",,"Wizard Hit2",,,,,,,,,"PartyWizard",,,,,,,,,,,,,,,,,,,,,,,,,,,,,,,,,,,,,,,,,,,,,,,,,,,,,,,,,,,,,,,,,,,,,,,,,,,,,,,,,,,,,,,,,,,,,,,,,,,,,16,,,,,,,,,,,,,,,,,,,,,,,,,,,,,,,,,,,,,,,,,,,,,,,,,,,,,,,,,,,,,,,,,
,,12,,,,,,,,355,,,,,,,,445,,,,,,,,,,"party_wizard_projectile",,,,,,,"Wizard_attack3",,"Wizard Hit2",,,,,,,,,"PartyWizard",,,,,,,,,,,,,,,,,,,,,,,,,,,,,,,,,,,,,,,,,,,,,,,,,,,,,,,,,,,,,,,,,,,,,,,,,,,,,,,,,,,,,,,,,,,,,,,,,,,,,17,,,,,,,,,,,,,,,,,,,,,,,,,,,,,,,,,,,,,,,,,,,,,,,,,,,,,,,,,,,,,,,,,
,,13,,,,,,,,380,,,,,,,,470,,,,,,,,,,"party_wizard_projectile",,,,,,,"Wizard_attack3",,"Wizard Hit2",,,,,,,,,"PartyWizard",,,,,,,,,,,,,,,,,,,,,,,,,,,,,,,,,,,,,,,,,,,,,,,,,,,,,,,,,,,,,,,,,,,,,,,,,,,,,,,,,,,,,,,,,,,,,,,,,,,,,18,,,,,,,,,,,,,,,,,,,,,,,,,,,,,,,,,,,,,,,,,,,,,,,,,,,,,,,,,,,,,,,,,
"Ram Rider",4000094,1,,"TID_CHARACTER_RAM_RIDER","TID_CHARACTER_INFO_RAM_RIDER",12,0,1,280,700,,,"Elixir",,350,1000,,60,1,,,,"sc/ui.sc","icon_unit_cookie_ramrider","unit_cookie_ramrider_big","sc/info_cookie_ramrider.sc",,"GingerbreadRamRiderProjectile",,,"Defense",,"RamRider Deploy2",,"RamRider Attack",,"RamRider Hit",,"FALSE","FALSE","TRUE",,,"RamRider Die",,"gingerbread_RamRider","Barracks","TRUE",,,0,"GingerbreadTombStone",,,,,,,,,,,,,,,,,,,,,,,,,,,,,,,,,,,,,,,,,,,,,,,,,,,,,,,,,,-50,,,,,,,,,,1200,1000,,"TRUE",,,,,,,,,,,,,,,,,"TRUE",,"TRUE",,,,,6,6,,,,,,,,,,,,,,,,,,,,,,,,,,,,,,,,,,,,,"GingerbreadRam Rider Charge","1",,,,,,,,,,,,,"TroopRamRider2023",,,,,,,,,,,,,
,,2,,,,,,,,1000,,,,,,,,100,,,,,,,,,,,,,,,,,,,,,,,,,,,,,,,,,,,,,,,,,,,,,,,,,,,,,,,,,,,,,,,,,,,,,,,,,,,,,,,,,,,,,,,,,,,,,,,,,,,,,,,,,,,,,,,,,,,,,,,,,,,,,,,,,7,,,,,,,,,,,,,,,,,,,,,,,,,,,,,,,,,,,,,,,"2",,,,,,,,,,,,,,,,,,,,,,,,,,
,,3,,,,,,,,1100,,,,,,,,125,,,,,,,,,,,,,,,,,,,,,,,,,,,,,,,,,,,,,,,,,,,,,,,,,,,,,,,,,,,,,,,,,,,,,,,,,,,,,,,,,,,,,,,,,,,,,,,,,,,,,,,,,,,,,,,,,,,,,,,,,,,,,,,,,8,,,,,,,,,,,,,,,,,,,,,,,,,,,,,,,,,,,,,,,"3",,,,,,,,,,,,,,,,,,,,,,,,,,
,,4,,,,,,,,1300,,,,,,,,150,,,,,,,,,,,,,,,,,,,,,,,,,,,,,,,,,,,,,,,,,,,,,,,,,,,,,,,,,,,,,,,,,,,,,,,,,,,,,,,,,,,,,,,,,,,,,,,,,,,,,,,,,,,,,,,,,,,,,,,,,,,,,,,,,9,,,,,,,,,,,,,,,,,,,,,,,,,,,,,,,,,,,,,,,"4",,,,,,,,,,,,,,,,,,,,,,,,,,
,,5,,,,,,,,1600,,,,,,,,175,,,,,,,,,,,,,,,,,,,,,,,,,,,,,,,,,,,,,,,,,,,,,,,,,,,,,,,,,,,,,,,,,,,,,,,,,,,,,,,,,,,,,,,,,,,,,,,,,,,,,,,,,,,,,,,,,,,,,,,,,,,,,,,,,10,,,,,,,,,,,,,,,,,,,,,,,,,,,,,,,,,,,,,,,"5",,,,,,,,,,,,,,,,,,,,,,,,,,
,,6,,,,,,,,1850,,,,,,,,200,,,,,,,,,,,,,,,,,,,,,,,,,,,,,,,,,,,,,,,,,,,,,,,,,,,,,,,,,,,,,,,,,,,,,,,,,,,,,,,,,,,,,,,,,,,,,,,,,,,,,,,,,,,,,,,,,,,,,,,,,,,,,,,,,11,,,,,,,,,,,,,,,,,,,,,,,,,,,,,,,,,,,,,,,"6",,,,,,,,,,,,,,,,,,,,,,,,,,
,,7,,,,,,,,2350,,,,,,,,255,,,,,,,,,,,,,,,,,,,,,,,,,,,,,,,,,,,,,,,,,,,,,,,,,,,,,,,,,,,,,,,,,,,,,,,,,,,,,,,,,,,,,,,,,,,,,,,,,,,,,,,,,,,,,,,,,,,,,,,,,,,,,,,,,12,,,,,,,,,,,,,,,,,,,,,,,,,,,,,,,,,,,,,,,"7",,,,,,,,,,,,,,,,,,,,,,,,,,
,,8,,,,,,,,2550,,,,,,,,285,,,,,,,,,,,,,,,,,,,,,,,,,,,,,,,,,,,,,,,,,,,,,,,,,,,,,,,,,,,,,,,,,,,,,,,,,,,,,,,,,,,,,,,,,,,,,,,,,,,,,,,,,,,,,,,,,,,,,,,,,,,,,,,,,13,,,,,,,,,,,,,,,,,,,,,,,,,,,,,,,,,,,,,,,"8",,,,,,,,,,,,,,,,,,,,,,,,,,
,,9,,,,,,,,2750,,,,,,,,315,,,,,,,,,,,,,,,,,,,,,,,,,,,,,,,,,,,,,,,,,,,,,,,,,,,,,,,,,,,,,,,,,,,,,,,,,,,,,,,,,,,,,,,,,,,,,,,,,,,,,,,,,,,,,,,,,,,,,,,,,,,,,,,,,14,,,,,,,,,,,,,,,,,,,,,,,,,,,,,,,,,,,,,,,"9",,,,,,,,,,,,,,,,,,,,,,,,,,
,,10,,,,,,,,3000,,,,,,,,345,,,,,,,,,,,,,,,,,,,,,,,,,,,,,,,,,,,,,,,,,,,,,,,,,,,,,,,,,,,,,,,,,,,,,,,,,,,,,,,,,,,,,,,,,,,,,,,,,,,,,,,,,,,,,,,,,,,,,,,,,,,,,,,,,15,,,,,,,,,,,,,,,,,,,,,,,,,,,,,,,,,,,,,,,"10",,,,,,,,,,,,,,,,,,,,,,,,,,
,,11,,,,,,,,3250,,,,,,,,380,,,,,,,,,,,,,,,,,,,,,,,,,,,,,,,,,,,,,,,,,,,,,,,,,,,,,,,,,,,,,,,,,,,,,,,,,,,,,,,,,,,,,,,,,,,,,,,,,,,,,,,,,,,,,,,,,,,,,,,,,,,,,,,,,16,,,,,,,,,,,,,,,,,,,,,,,,,,,,,,,,,,,,,,,"11",,,,,,,,,,,,,,,,,,,,,,,,,,
,,12,,,,,,,,3500,,,,,,,,415,,,,,,,,,,,,,,,,,,,,,,,,,,,,,,,,,,,,,,,,,,,,,,,,,,,,,,,,,,,,,,,,,,,,,,,,,,,,,,,,,,,,,,,,,,,,,,,,,,,,,,,,,,,,,,,,,,,,,,,,,,,,,,,,,17,,,,,,,,,,,,,,,,,,,,,,,,,,,,,,,,,,,,,,,"12",,,,,,,,,,,,,,,,,,,,,,,,,,
,,13,,,,,,,,3800,,,,,,,,455,,,,,,,,,,,,,,,,,,,,,,,,,,,,,,,,,,,,,,,,,,,,,,,,,,,,,,,,,,,,,,,,,,,,,,,,,,,,,,,,,,,,,,,,,,,,,,,,,,,,,,,,,,,,,,,,,,,,,,,,,,,,,,,,,18,,,,,,,,,,,,,,,,,,,,,,,,,,,,,,,,,,,,,,,"13",,,,,,,,,,,,,,,,,,,,,,,,,,
"Barcher",4000101,1,,"TID_CHARACTER_BARCHER","TID_CHARACTER_INFO_BARCHER",3,1,1,250,110,,,"Elixir",,350,1000,,42,1,,,,"sc/ui.sc","icon_unit_barcher","unit_barcher_big","sc/info_barcher.sc",,"Arrow_small_Barcher",,,,,"Barcher Deploy",,"Barcher Attack",,"Archer Hit",,"FALSE","TRUE","TRUE",,,"Barcher Die",,"Barcher","Barracks","FALSE",,,0,"SourTombStone",,,,,,,,,,,,,,,,,,,,,,,,,,,,,,,,,,,,,,,,,,,,,,,,,,,,,,,,,,-50,,,,,,,,,,200,200,,"TRUE",,,,,,,,,,,,,,,,,"TRUE",,"TRUE",,,,,6,6,,,,,,,,,,,,,,,,,,,,,,,,,,,,,,,,,,,,,"BarcherRageInvis;BarcherRageAbility","1;1",,,,,,,,,,,,,"TroopBarcher",,,,,,,,,,,,,
,,2,,,,,,,,135,,,,,,,,45,,,,,,,,,,"Arrow_small_Barcher",,,,,,,,,,,,,,,,,,"Barcher",,,,,,,,,,,,,,,,,,,,,,,,,,,,,,,,,,,,,,,,,,,,,,,,,,,,,,,,,,,,,,,,,,,,,,,,,,,,,,,,,,,,,,,,,,,,,,,,,,,,,7,,,,,,,,,,,,,,,,,,,,,,,,,,,,,,,,,,,,,,,"1;1",,,,,,,,,,,,,,,,,,,,,,,,,,
,,3,,,,,,,,160,,,,,,,,48,,,,,,,,,,"Arrow_small_Barcher",,,,,,,,,,,,,,,,,,"Barcher",,,,,,,,,,,,,,,,,,,,,,,,,,,,,,,,,,,,,,,,,,,,,,,,,,,,,,,,,,,,,,,,,,,,,,,,,,,,,,,,,,,,,,,,,,,,,,,,,,,,,8,,,,,,,,,,,,,,,,,,,,,,,,,,,,,,,,,,,,,,,"1;1",,,,,,,,,,,,,,,,,,,,,,,,,,
,,4,,,,,,,,185,,,,,,,,52,,,,,,,,,,"Arrow_small_Barcher",,,,,,,,,,,,,,,,,,"Barcher",,,,,,,,,,,,,,,,,,,,,,,,,,,,,,,,,,,,,,,,,,,,,,,,,,,,,,,,,,,,,,,,,,,,,,,,,,,,,,,,,,,,,,,,,,,,,,,,,,,,,9,,,,,,,,,,,,,,,,,,,,,,,,,,,,,,,,,,,,,,,"1;1",,,,,,,,,,,,,,,,,,,,,,,,,,
,,5,,,,,,,,220,,,,,,,,56,,,,,,,,,,"Arrow_small_Barcher",,,,,,,,,,,,,,,,,,"Barcher",,,,,,,,,,,,,,,,,,,,,,,,,,,,,,,,,,,,,,,,,,,,,,,,,,,,,,,,,,,,,,,,,,,,,,,,,,,,,,,,,,,,,,,,,,,,,,,,,,,,,10,,,,,,,,,,,,,,,,,,,,,,,,,,,,,,,,,,,,,,,"1;1",,,,,,,,,,,,,,,,,,,,,,,,,,
,,6,,,,,,,,255,,,,,,,,60,,,,,,,,,,"Arrow_small_Barcher",,,,,,,,,,,,,,,,,,"Barcher",,,,,,,,,,,,,,,,,,,,,,,,,,,,,,,,,,,,,,,,,,,,,,,,,,,,,,,,,,,,,,,,,,,,,,,,,,,,,,,,,,,,,,,,,,,,,,,,,,,,,11,,,,,,,,,,,,,,,,,,,,,,,,,,,,,,,,,,,,,,,"1;1",,,,,,,,,,,,,,,,,,,,,,,,,,
,,7,,,,,,,,300,,,,,,,,66,,,,,,,,,,"Arrow_small_Barcher",,,,,,,,,,,,,,,,,,"Barcher",,,,,,,,,,,,,,,,,,,,,,,,,,,,,,,,,,,,,,,,,,,,,,,,,,,,,,,,,,,,,,,,,,,,,,,,,,,,,,,,,,,,,,,,,,,,,,,,,,,,,12,,,,,,,,,,,,,,,,,,,,,,,,,,,,,,,,,,,,,,,"1;1",,,,,,,,,,,,,,,,,,,,,,,,,,
,,8,,,,,,,,335,,,,,,,,70,,,,,,,,,,"Arrow_small_Barcher",,,,,,,,,,,,,,,,,,"Barcher",,,,,,,,,,,,,,,,,,,,,,,,,,,,,,,,,,,,,,,,,,,,,,,,,,,,,,,,,,,,,,,,,,,,,,,,,,,,,,,,,,,,,,,,,,,,,,,,,,,,,13,,,,,,,,,,,,,,,,,,,,,,,,,,,,,,,,,,,,,,,"1;1",,,,,,,,,,,,,,,,,,,,,,,,,,
,,9,,,,,,,,370,,,,,,,,74,,,,,,,,,,"Arrow_small_Barcher",,,,,,,,,,,,,,,,,,"Barcher",,,,,,,,,,,,,,,,,,,,,,,,,,,,,,,,,,,,,,,,,,,,,,,,,,,,,,,,,,,,,,,,,,,,,,,,,,,,,,,,,,,,,,,,,,,,,,,,,,,,,14,,,,,,,,,,,,,,,,,,,,,,,,,,,,,,,,,,,,,,,"1;1",,,,,,,,,,,,,,,,,,,,,,,,,,
,,10,,,,,,,,405,,,,,,,,78,,,,,,,,,,"Arrow_small_Barcher",,,,,,,,,,,,,,,,,,"Barcher",,,,,,,,,,,,,,,,,,,,,,,,,,,,,,,,,,,,,,,,,,,,,,,,,,,,,,,,,,,,,,,,,,,,,,,,,,,,,,,,,,,,,,,,,,,,,,,,,,,,,15,,,,,,,,,,,,,,,,,,,,,,,,,,,,,,,,,,,,,,,"1;1",,,,,,,,,,,,,,,,,,,,,,,,,,
,,11,,,,,,,,440,,,,,,,,82,,,,,,,,,,"Arrow_small_Barcher",,,,,,,,,,,,,,,,,,"Barcher",,,,,,,,,,,,,,,,,,,,,,,,,,,,,,,,,,,,,,,,,,,,,,,,,,,,,,,,,,,,,,,,,,,,,,,,,,,,,,,,,,,,,,,,,,,,,,,,,,,,,16,,,,,,,,,,,,,,,,,,,,,,,,,,,,,,,,,,,,,,,"1;1",,,,,,,,,,,,,,,,,,,,,,,,,,
,,12,,,,,,,,475,,,,,,,,86,,,,,,,,,,"Arrow_small_Barcher",,,,,,,,,,,,,,,,,,"Barcher",,,,,,,,,,,,,,,,,,,,,,,,,,,,,,,,,,,,,,,,,,,,,,,,,,,,,,,,,,,,,,,,,,,,,,,,,,,,,,,,,,,,,,,,,,,,,,,,,,,,,17,,,,,,,,,,,,,,,,,,,,,,,,,,,,,,,,,,,,,,,"1;1",,,,,,,,,,,,,,,,,,,,,,,,,,
,,13,,,,,,,,520,,,,,,,,90,,,,,,,,,,"Arrow_small_Barcher",,,,,,,,,,,,,,,,,,"Barcher",,,,,,,,,,,,,,,,,,,,,,,,,,,,,,,,,,,,,,,,,,,,,,,,,,,,,,,,,,,,,,,,,,,,,,,,,,,,,,,,,,,,,,,,,,,,,,,,,,,,,18,,,,,,,,,,,,,,,,,,,,,,,,,,,,,,,,,,,,,,,,,,,,,,,,,,,,,,,,,,,,,,,,,
"Witch Golem",4000102,1,,"TID_CHARACTER_GRAVE_GOLEM","TID_CHARACTER_INFO_GRAVE_GOLEM",41,1,1,150,3400,,,"Elixir",,100,2400,,140,1,30,,,"sc/ui.sc","icon_unit_gravegolem","unit_witchgolem_big","sc/info_witchgolem.sc",,,,,"Defense",,"Grave Golem Deploy",,"Grave Golem Attack",,"Golem Hit",,"FALSE","FALSE","TRUE",,,"Grave_Golem_Split",,"Witch Golem","Barracks","FALSE",,,0,"SourTombStone",150,150,,0,,,,,,,,,150,,,,,,,,,"Witch Golem Skeleton",8,875,7000,"Grave Golem Summon",14,1,,,,,,,,,,,,,,,,,,,,,,,,,,,,,,-50,,,,,,,,,,2000,4000,,"TRUE",,,,,,,,,,,,,,,,,"TRUE",,"TRUE",,,,,6,6,,,,,,,,,,,,,,,,,,,,,,,,,,,,,,,,,10,,,,"GraveGolemDeathSummon","1",,,,,,,,,,,,,"TroopWitchGolem",,,,,,,,,,,,,
,,2,,,,,,,,4700,,,,,,,,155,,,,,,,,,,,,,,,,,,,,,,,,,,,,"Witch Golem",,,,,,,200,,,,,,,,,,,,,,,,,,,,,,8,875,7000,,16,1,,,,,,,,,,,,,,,,,,,,,,,,,,,,,,,,,,,,,,,,,,,,,,,,,,,,,,,,,,,,,,,,,,,7,,,,,,,,,,,,,,,,,,,,,,,,,,,,,,,,,,,,,,,"2",,,,,,,,,,,,,,,,,,,,,,,,,,
,,3,,,,,,,,5600,,,,,,,,170,,,,,,,,,,,,,,,,,,,,,,,,,,,,"Witch Golem",,,,,,,250,,,,,,,,,,,,,,,,,,,,,,9,875,7000,,18,1,,,,,,,,,,,,,,,,,,,,,,,,,,,,,,,,,,,,,,,,,,,,,,,,,,,,,,,,,,,,,,,,,,,8,,,,,,,,,,,,,,,,,,,,,,,,,,,,,,,,,,,,,,,"3",,,,,,,,,,,,,,,,,,,,,,,,,,
,,4,,,,,,,,6400,,,,,,,,185,,,,,,,,,,,,,,,,,,,,,,,,,,,,"Witch Golem",,,,,,,350,,,,,,,,,,,,,,,,,,,,,,9,875,7000,,20,1,,,,,,,,,,,,,,,,,,,,,,,,,,,,,,,,,,,,,,,,,,,,,,,,,,,,,,,,,,,,,,,,,,,9,,,,,,,,,,,,,,,,,,,,,,,,,,,,,,,,,,,,,,,"4",,,,,,,,,,,,,,,,,,,,,,,,,,
,,5,,,,,,,,6900,,,,,,,,200,,,,,,,,,,,,,,,,,,,,,,,,,,,,"Witch Golem",,,,,,,550,,,,,,,,,,,,,,,,,,,,,,10,875,7000,,22,1,,,,,,,,,,,,,,,,,,,,,,,,,,,,,,,,,,,,,,,,,,,,,,,,,,,,,,,,,,,,,,,,,,,10,,,,,,,,,,,,,,,,,,,,,,,,,,,,,,,,,,,,,,,"5",,,,,,,,,,,,,,,,,,,,,,,,,,
,,6,,,,,,,,7300,,,,,,,,215,,,,,,,,,,,,,,,,,,,,,,,,,,,,"Witch Golem",,,,,,,650,,,,,,,,,,,,,,,,,,,,,,10,875,7000,,24,1,,,,,,,,,,,,,,,,,,,,,,,,,,,,,,,,,,,,,,,,,,,,,,,,,,,,,,,,,,,,,,,,,,,11,,,,,,,,,,,,,,,,,,,,,,,,,,,,,,,,,,,,,,,"6",,,,,,,,,,,,,,,,,,,,,,,,,,
,,7,,,,,,,,7700,,,,,,,,230,,,,,,,,,,,,,,,,,,,,,,,,,,,,"Witch Golem",,,,,,,750,,,,,,,,,,,,,,,,,,,,,,11,875,7000,,26,1,,,,,,,,,,,,,,,,,,,,,,,,,,,,,,,,,,,,,,,,,,,,,,,,,,,,,,,,,,,,,,,,,,,12,,,,,,,,,,,,,,,,,,,,,,,,,,,,,,,,,,,,,,,"7",,,,,,,,,,,,,,,,,,,,,,,,,,
,,8,,,,,,,,8200,,,,,,,,245,,,,,,,,,,,,,,,,,,,,,,,,,,,,"Witch Golem",,,,,,,800,,,,,,,,,,,,,,,,,,,,,,11,875,7000,,28,1,,,,,,,,,,,,,,,,,,,,,,,,,,,,,,,,,,,,,,,,,,,,,,,,,,,,,,,,,,,,,,,,,,,13,,,,,,,,,,,,,,,,,,,,,,,,,,,,,,,,,,,,,,,"8",,,,,,,,,,,,,,,,,,,,,,,,,,
,,9,,,,,,,,8600,,,,,,,,260,,,,,,,,,,,,,,,,,,,,,,,,,,,,"Witch Golem",,,,,,,850,,,,,,,,,,,,,,,,,,,,,,12,875,7000,,30,1,,,,,,,,,,,,,,,,,,,,,,,,,,,,,,,,,,,,,,,,,,,,,,,,,,,,,,,,,,,,,,,,,,,14,,,,,,,,,,,,,,,,,,,,,,,,,,,,,,,,,,,,,,,"9",,,,,,,,,,,,,,,,,,,,,,,,,,
,,10,,,,,,,,9000,,,,,,,,275,,,,,,,,,,,,,,,,,,,,,,,,,,,,"Witch Golem",,,,,,,900,,,,,,,,,,,,,,,,,,,,,,12,875,7000,,32,1,,,,,,,,,,,,,,,,,,,,,,,,,,,,,,,,,,,,,,,,,,,,,,,,,,,,,,,,,,,,,,,,,,,15,,,,,,,,,,,,,,,,,,,,,,,,,,,,,,,,,,,,,,,"10",,,,,,,,,,,,,,,,,,,,,,,,,,
,,11,,,,,,,,9400,,,,,,,,290,,,,,,,,,,,,,,,,,,,,,,,,,,,,"Witch Golem",,,,,,,950,,,,,,,,,,,,,,,,,,,,,,13,875,7000,,34,1,,,,,,,,,,,,,,,,,,,,,,,,,,,,,,,,,,,,,,,,,,,,,,,,,,,,,,,,,,,,,,,,,,,16,,,,,,,,,,,,,,,,,,,,,,,,,,,,,,,,,,,,,,,"11",,,,,,,,,,,,,,,,,,,,,,,,,,
,,12,,,,,,,,9800,,,,,,,,305,,,,,,,,,,,,,,,,,,,,,,,,,,,,"Witch Golem",,,,,,,1000,,,,,,,,,,,,,,,,,,,,,,13,875,7000,,36,1,,,,,,,,,,,,,,,,,,,,,,,,,,,,,,,,,,,,,,,,,,,,,,,,,,,,,,,,,,,,,,,,,,,17,,,,,,,,,,,,,,,,,,,,,,,,,,,,,,,,,,,,,,,"12",,,,,,,,,,,,,,,,,,,,,,,,,,
,,13,,,,,,,,10400,,,,,,,,320,,,,,,,,,,,,,,,,,,,,,,,,,,,,"Witch Golem",,,,,,,1050,,,,,,,,,,,,,,,,,,,,,,14,875,7000,,38,1,,,,,,,,,,,,,,,,,,,,,,,,,,,,,,,,,,,,,,,,,,,,,,,,,,,,,,,,,,,,,,,,,,,18,,,,,,,,,,,,,,,,,,,,,,,,,,,,,,,,,,,,,,,"13",,,,,,,,,,,,,,,,,,,,,,,,,,
"Witch Golem Skeleton",4000116,1,,"TID_SKELETON","TID_CHARACTER_INFO_SKELETON_GOLEM_WITCH",1,1,1,300,30,,,,,40,1000,,25,1,,,,,,"unit_witchgolem_skeleton_big","sc/info_witchgolem.sc",,,,,,,"Skeleton Deploy",,"Skeleton Attack",,"Skeleton Hit",,"FALSE","FALSE","TRUE",,,"Skeleton Die",,"Skeleton",,"FALSE",,,0,,,,,,,,"TRUE",,,,"TRUE",,,,,,,,,,,,,,,,,,,,,,500,,,,,,,,,,,,,,,,,,,,,,,,,-50,,,,,,,,,,50,100,,"FALSE",,,,,,,,,,,,,,,,,,,,,,,,,,,,,,,,,,,,,,,,,,,"TRUE",,,,,,,,,,,,,,,,,,,,,,,,,,,,,,,,,"SecondaryTroop",,,,,,,,,,,,,
"Witch Golem Big Boy",4000117,1,,"TID_CHARACTER_BIG_BOY","TID_CHARACTER_INFO_BIG_BOY",20,3,1,150,1300,,,,,100,2000,,210,1,,,,,,"unit_witchgolem_bigboy_big","sc/info_witchgolem.sc",,,,,,,"Giant Skeleton Deploy",,"Giant Skeleton Attack",,"Giant Hit",,"FALSE","FALSE","TRUE",,,"Giant Skeleton Die",,"GiantSkeleton","Barracks","FALSE",,,0,,,,,,,,"TRUE",,,,"TRUE",,,,,,,,,,,,,,,,,,,,,,,,,,,,,,,,,,,,,,,,,,,,,,,-50,,,,,,,,,,800,800,,"TRUE",,,,,,,,,,,,,,,,,,,,,,,,,,,,,,,,,,,,,,,,,,,,,,,,,,,,,,,,,,,,,,,,,,,,,,,,,,,,"SecondaryTroop",,,,,,,,,,,,,
,,2,,,,,,,,2000,,,,,,,,234,,,,,,,,,,,,,,,,,,,,,,,,,,,,"GiantSkeleton",,,,,,,,,,,,,,,,,,,,,,,,,,,,,,,,,,,,,,,,,,,,,,,,,,,,,,,,,,,,,,,,,,,,,,,,,,,,,,,,,,,,,,,,,,,,,,,,,,,,,,,,,,,,,,,,,,,,,,,,,,,,,,,,,,,,,,,,,,,,,,,,,,,,,,,,,,,,,,,,,,,,,,
,,3,,,,,,,,2500,,,,,,,,258,,,,,,,,,,,,,,,,,,,,,,,,,,,,"GiantSkeleton",,,,,,,,,,,,,,,,,,,,,,,,,,,,,,,,,,,,,,,,,,,,,,,,,,,,,,,,,,,,,,,,,,,,,,,,,,,,,,,,,,,,,,,,,,,,,,,,,,,,,,,,,,,,,,,,,,,,,,,,,,,,,,,,,,,,,,,,,,,,,,,,,,,,,,,,,,,,,,,,,,,,,,
,,4,,,,,,,,2900,,,,,,,,282,,,,,,,,,,,,,,,,,,,,,,,,,,,,"GiantSkeleton",,,,,,,,,,,,,,,,,,,,,,,,,,,,,,,,,,,,,,,,,,,,,,,,,,,,,,,,,,,,,,,,,,,,,,,,,,,,,,,,,,,,,,,,,,,,,,,,,,,,,,,,,,,,,,,,,,,,,,,,,,,,,,,,,,,,,,,,,,,,,,,,,,,,,,,,,,,,,,,,,,,,,,
,,5,,,,,,,,3350,,,,,,,,306,,,,,,,,,,,,,,,,,,,,,,,,,,,,"GiantSkeleton",,,,,,,,,,,,,,,,,,,,,,,,,,,,,,,,,,,,,,,,,,,,,,,,,,,,,,,,,,,,,,,,,,,,,,,,,,,,,,,,,,,,,,,,,,,,,,,,,,,,,,,,,,,,,,,,,,,,,,,,,,,,,,,,,,,,,,,,,,,,,,,,,,,,,,,,,,,,,,,,,,,,,,
,,6,,,,,,,,3550,,,,,,,,330,,,,,,,,,,,,,,,,,,,,,,,,,,,,"GiantSkeleton",,,,,,,,,,,,,,,,,,,,,,,,,,,,,,,,,,,,,,,,,,,,,,,,,,,,,,,,,,,,,,,,,,,,,,,,,,,,,,,,,,,,,,,,,,,,,,,,,,,,,,,,,,,,,,,,,,,,,,,,,,,,,,,,,,,,,,,,,,,,,,,,,,,,,,,,,,,,,,,,,,,,,,
,,7,,,,,,,,3750,,,,,,,,354,,,,,,,,,,,,,,,,,,,,,,,,,,,,"GiantSkeleton",,,,,,,,,,,,,,,,,,,,,,,,,,,,,,,,,,,,,,,,,,,,,,,,,,,,,,,,,,,,,,,,,,,,,,,,,,,,,,,,,,,,,,,,,,,,,,,,,,,,,,,,,,,,,,,,,,,,,,,,,,,,,,,,,,,,,,,,,,,,,,,,,,,,,,,,,,,,,,,,,,,,,,
,,8,,,,,,,,4000,,,,,,,,378,,,,,,,,,,,,,,,,,,,,,,,,,,,,"GiantSkeleton",,,,,,,,,,,,,,,,,,,,,,,,,,,,,,,,,,,,,,,,,,,,,,,,,,,,,,,,,,,,,,,,,,,,,,,,,,,,,,,,,,,,,,,,,,,,,,,,,,,,,,,,,,,,,,,,,,,,,,,,,,,,,,,,,,,,,,,,,,,,,,,,,,,,,,,,,,,,,,,,,,,,,,
,,9,,,,,,,,4200,,,,,,,,402,,,,,,,,,,,,,,,,,,,,,,,,,,,,"GiantSkeleton",,,,,,,,,,,,,,,,,,,,,,,,,,,,,,,,,,,,,,,,,,,,,,,,,,,,,,,,,,,,,,,,,,,,,,,,,,,,,,,,,,,,,,,,,,,,,,,,,,,,,,,,,,,,,,,,,,,,,,,,,,,,,,,,,,,,,,,,,,,,,,,,,,,,,,,,,,,,,,,,,,,,,,
,,10,,,,,,,,4400,,,,,,,,426,,,,,,,,,,,,,,,,,,,,,,,,,,,,"GiantSkeleton",,,,,,,,,,,,,,,,,,,,,,,,,,,,,,,,,,,,,,,,,,,,,,,,,,,,,,,,,,,,,,,,,,,,,,,,,,,,,,,,,,,,,,,,,,,,,,,,,,,,,,,,,,,,,,,,,,,,,,,,,,,,,,,,,,,,,,,,,,,,,,,,,,,,,,,,,,,,,,,,,,,,,,
,,11,,,,,,,,5000,,,,,,,,450,,,,,,,,,,,,,,,,,,,,,,,,,,,,"GiantSkeleton",,,,,,,,,,,,,,,,,,,,,,,,,,,,,,,,,,,,,,,,,,,,,,,,,,,,,,,,,,,,,,,,,,,,,,,,,,,,,,,,,,,,,,,,,,,,,,,,,,,,,,,,,,,,,,,,,,,,,,,,,,,,,,,,,,,,,,,,,,,,,,,,,,,,,,,,,,,,,,,,,,,,,,
,,12,,,,,,,,5500,,,,,,,,475,,,,,,,,,,,,,,,,,,,,,,,,,,,,"GiantSkeleton",,,,,,,,,,,,,,,,,,,,,,,,,,,,,,,,,,,,,,,,,,,,,,,,,,,,,,,,,,,,,,,,,,,,,,,,,,,,,,,,,,,,,,,,,,,,,,,,,,,,,,,,,,,,,,,,,,,,,,,,,,,,,,,,,,,,,,,,,,,,,,,,,,,,,,,,,,,,,,,,,,,,,,
,,13,,,,,,,,6100,,,,,,,,500,,,,,,,,,,,,,,,,,,,,,,,,,,,,"GiantSkeleton",,,,,,,,,,,,,,,,,,,,,,,,,,,,,,,,,,,,,,,,,,,,,,,,,,,,,,,,,,,,,,,,,,,,,,,,,,,,,,,,,,,,,,,,,,,,,,,,,,,,,,,,,,,,,,,,,,,,,,,,,,,,,,,,,,,,,,,,,,,,,,,,,,,,,,,,,,,,,,,,,,,,,,
"Hog Wizard",4000103,1,,"TID_CHARACTER_HOG_WIZARD","TID_CHARACTER_INFO_HOG_WIZARD",7,1,1,300,280,,,"Elixir",,250,800,200,65,1,80,,,"sc/ui.sc","icon_unit_hogwizard","unit_hogwizard_big","sc/info_hogwizard.sc",,"Hog_wizard_projectile",,,"Defense",,"Hogwizard Deploy",,"Hogwizard_attack2",,"hogwizard hit",,"FALSE","TRUE","TRUE",,,"Hog Wizard Die",,"Hog Wizard","Barracks","TRUE",,,0,"SourTombStone",,,,,,,,,,,,,,,,,,,,,,,,,,,,,,,,,,,,"HogWizardDamageAura",1,,,,,,,,,,,,,,,,,,,,,-50,,,,,,,,,,700,600,,"TRUE",,,,,,,,,,,,,,,,,"TRUE",,"TRUE",,,,,6,6,,,,,,,,,,,,,,,,,,,,,,,,,,,,,,,,,,,,,"HogWizardPlaceholderAbility","1",,,,,,,,,,,,,"TroopHogWizard",,,,,,,,,,,,,
,,2,,,,,,,,410,,,,,,,,95,,,,,,,,,,"Hog_wizard_projectile",,,,,,,"Hogwizard_attack2",,"hogwizard hit",,,,,,,,,"Hog Wizard",,,,,,,,,,,,,,,,,,,,,,,,,,,,,,,,,,,,,,,,,,,1,,,,,,,,,,,,,,,,,,,,,,,,,,,,,,,,,,,,,,,,,,,,,,,,,,,,,,,,,,7,,,,,,,,,,,,,,,,,,,,,,,,,,,,,,,,,,,,,,,,,,,,,,,,,,,,,,,,,,,,,,,,,
,,3,,,,,,,,540,,,,,,,,125,,,,,,,,,,"Hog_wizard_projectile",,,,,,,"Hogwizard_attack2",,"hogwizard hit",,,,,,,,,"Hog Wizard",,,,,,,,,,,,,,,,,,,,,,,,,,,,,,,,,,,,,,,,,,,1,,,,,,,,,,,,,,,,,,,,,,,,,,,,,,,,,,,,,,,,,,,,,,,,,,,,,,,,,,8,,,,,,,,,,,,,,,,,,,,,,,,,,,,,,,,,,,,,,,,,,,,,,,,,,,,,,,,,,,,,,,,,
,,4,,,,,,,,670,,,,,,,,155,,,,,,,,,,"Hog_wizard_projectile",,,,,,,"Hogwizard_attack2",,"hogwizard hit",,,,,,,,,"Hog Wizard",,,,,,,,,,,,,,,,,,,,,,,,,,,,,,,,,,,,,,,,,,,1,,,,,,,,,,,,,,,,,,,,,,,,,,,,,,,,,,,,,,,,,,,,,,,,,,,,,,,,,,9,,,,,,,,,,,,,,,,,,,,,,,,,,,,,,,,,,,,,,,,,,,,,,,,,,,,,,,,,,,,,,,,,
,,5,,,,,,,,800,,,,,,,,185,,,,,,,,,,"Hog_wizard_projectile",,,,,,,"Hogwizard_attack3",,"hogwizard hit",,,,,,,,,"Hog Wizard",,,,,,,,,,,,,,,,,,,,,,,,,,,,,,,,,,,,,,,,,,,1,,,,,,,,,,,,,,,,,,,,,,,,,,,,,,,,,,,,,,,,,,,,,,,,,,,,,,,,,,10,,,,,,,,,,,,,,,,,,,,,,,,,,,,,,,,,,,,,,,,,,,,,,,,,,,,,,,,,,,,,,,,,
,,6,,,,,,,,930,,,,,,,,215,,,,,,,,,,"Hog_wizard_projectile",,,,,,,"Hogwizard_attack3",,"hogwizard hit",,,,,,,,,"Hog Wizard",,,,,,,,,,,,,,,,,,,,,,,,,,,,,,,,,,,,,,,,,,,1,,,,,,,,,,,,,,,,,,,,,,,,,,,,,,,,,,,,,,,,,,,,,,,,,,,,,,,,,,11,,,,,,,,,,,,,,,,,,,,,,,,,,,,,,,,,,,,,,,,,,,,,,,,,,,,,,,,,,,,,,,,,
,,7,,,,,,,,1080,,,,,,,,245,,,,,,,,,,"Hog_wizard_projectile",,,,,,,"Hogwizard_attack3",,"hogwizard hit",,,,,,,,,"Hog Wizard",,,,,,,,,,,,,,,,,,,,,,,,,,,,,,,,,,,,,,,,,,,1,,,,,,,,,,,,,,,,,,,,,,,,,,,,,,,,,,,,,,,,,,,,,,,,,,,,,,,,,,12,,,,,,,,,,,,,,,,,,,,,,,,,,,,,,,,,,,,,,,,,,,,,,,,,,,,,,,,,,,,,,,,,
,,8,,,,,,,,1220,,,,,,,,275,,,,,,,,,,"Hog_wizard_projectile",,,,,,,"Hogwizard_attack3",,"hogwizard hit",,,,,,,,,"Hog Wizard",,,,,,,,,,,,,,,,,,,,,,,,,,,,,,,,,,,,,,,,,,,1,,,,,,,,,,,,,,,,,,,,,,,,,,,,,,,,,,,,,,,,,,,,,,,,,,,,,,,,,,13,,,,,,,,,,,,,,,,,,,,,,,,,,,,,,,,,,,,,,,,,,,,,,,,,,,,,,,,,,,,,,,,,
,,9,,,,,,,,1360,,,,,,,,300,,,,,,,,,,"Hog_wizard_projectile",,,,,,,"Hogwizard_attack3",,"hogwizard hit",,,,,,,,,"Hog Wizard",,,,,,,,,,,,,,,,,,,,,,,,,,,,,,,,,,,,,,,,,,,1,,,,,,,,,,,,,,,,,,,,,,,,,,,,,,,,,,,,,,,,,,,,,,,,,,,,,,,,,,14,,,,,,,,,,,,,,,,,,,,,,,,,,,,,,,,,,,,,,,,,,,,,,,,,,,,,,,,,,,,,,,,,
,,10,,,,,,,,1500,,,,,,,,320,,,,,,,,,,"Hog_wizard_projectile",,,,,,,"Hogwizard_attack3",,"hogwizard hit",,,,,,,,,"Hog Wizard",,,,,,,,,,,,,,,,,,,,,,,,,,,,,,,,,,,,,,,,,,,1,,,,,,,,,,,,,,,,,,,,,,,,,,,,,,,,,,,,,,,,,,,,,,,,,,,,,,,,,,15,,,,,,,,,,,,,,,,,,,,,,,,,,,,,,,,,,,,,,,,,,,,,,,,,,,,,,,,,,,,,,,,,
,,11,,,,,,,,1650,,,,,,,,345,,,,,,,,,,"Hog_wizard_projectile",,,,,,,"Hogwizard_attack3",,"hogwizard hit",,,,,,,,,"Hog Wizard",,,,,,,,,,,,,,,,,,,,,,,,,,,,,,,,,,,,,,,,,,,1,,,,,,,,,,,,,,,,,,,,,,,,,,,,,,,,,,,,,,,,,,,,,,,,,,,,,,,,,,16,,,,,,,,,,,,,,,,,,,,,,,,,,,,,,,,,,,,,,,,,,,,,,,,,,,,,,,,,,,,,,,,,
,,12,,,,,,,,1800,,,,,,,,370,,,,,,,,,,"Hog_wizard_projectile",,,,,,,"Hogwizard_attack3",,"hogwizard hit",,,,,,,,,"Hog Wizard",,,,,,,,,,,,,,,,,,,,,,,,,,,,,,,,,,,,,,,,,,,1,,,,,,,,,,,,,,,,,,,,,,,,,,,,,,,,,,,,,,,,,,,,,,,,,,,,,,,,,,17,,,,,,,,,,,,,,,,,,,,,,,,,,,,,,,,,,,,,,,,,,,,,,,,,,,,,,,,,,,,,,,,,
,,13,,,,,,,,1950,,,,,,,,395,,,,,,,,,,"Hog_wizard_projectile",,,,,,,"Hogwizard_attack3",,"hogwizard hit",,,,,,,,,"Hog Wizard",,,,,,,,,,,,,,,,,,,,,,,,,,,,,,,,,,,,,,,,,,,1,,,,,,,,,,,,,,,,,,,,,,,,,,,,,,,,,,,,,,,,,,,,,,,,,,,,,,,,,,18,,,,,,,,,,,,,,,,,,,,,,,,,,,,,,,,,,,,,,,,,,,,,,,,,,,,,,,,,,,,,,,,,
"Lavaloon",4000104,1,,"TID_CHARACTER_LAVALOON","TID_CHARACTER_INFO_LAVALOON",21,1,1,200,1080,,,"Elixir",,0,2500,1000,50,1,180,,"TRUE","sc/ui.sc","icon_unit_lavaloon","unit_lavaloon_big","sc/info_lavaloon.sc",,"LavaloonProjectile1",,"Air Defense",,,"Lavaloon Deploy",,"Balloon Goblin Attack",,"LavaloonAttackEffect",,"TRUE","FALSE","TRUE",,,"Lavaloon Die",,"Lavaloon","Barracks","FALSE",,,20,"SourTombStone",200,200,"Balloon Exposion",416,,,,,"Lavaloon Pup",,,2,350,,"TRUE",,,,,,,,,,,,,,,,,,,,,,,,,,,,,,,,,,,,,,,,,,,100,,,,,,,,,,1500,1500,,"TRUE",,,,,,,,,,,,,,,,,"TRUE",,"TRUE",,,,,6,6,,,,,"TRUE",,,,,,,,,,,,,,,,,,,,,,,,,,,,,,,,"LavaloonPlaceholderAbility","1",,,,,,,,,,,,,"TroopLavaLoon",,,,,,,,,,,,,
,,2,,,,,,,,1575,,,,,,,,70,,,,,,,,,,"LavaloonProjectile2",,,,,,,,,,,,,,,,,,"Lavaloon",,,,,,,450,,"Balloon Exposion",,,,,,,,,3,,,,,,,,,,,,,,,,,,,,,,,,,,,,,,,,,,,,,,,,,,,,,,,,,,,,,,,,,,,,,,,,,,,,,,,,,,,,,,,,,,,7,,,,,,,,,,,,,,,,,,,,,,,,,,,,,,,,,,,,,,,,,,,,,,,,,,,,,,,,,,,,,,,,,
,,3,,,,,,,,2070,,,,,,,,90,,,,,,,,,,"LavaloonProjectile3",,,,,,,,,,,,,,,,,,"Lavaloon",,,,,,,500,,"Balloon Exposion",,,,,,,,,3,,,,,,,,,,,,,,,,,,,,,,,,,,,,,,,,,,,,,,,,,,,,,,,,,,,,,,,,,,,,,,,,,,,,,,,,,,,,,,,,,,,8,,,,,,,,,,,,,,,,,,,,,,,,,,,,,,,,,,,,,,,,,,,,,,,,,,,,,,,,,,,,,,,,,
,,4,,,,,,,,2565,,,,,,,,110,,,,,,,,,,"LavaloonProjectile4",,,,,,,,,,,,,,,,,,"Lavaloon",,,,,,,600,,"Balloon Exposion",,,,,,,,,4,,,,,,,,,,,,,,,,,,,,,,,,,,,,,,,,,,,,,,,,,,,,,,,,,,,,,,,,,,,,,,,,,,,,,,,,,,,,,,,,,,,9,,,,,,,,,,,,,,,,,,,,,,,,,,,,,,,,,,,,,,,,,,,,,,,,,,,,,,,,,,,,,,,,,
,,5,,,,,,,,3060,,,,,,,,130,,,,,,,,,,"LavaloonProjectile5",,,,,,,,,,,,,,,,,,"Lavaloon",,,,,,,720,,"Balloon Exposion",,,,,,,,,4,,,,,,,,,,,,,,,,,,,,,,,,,,,,,,,,,,,,,,,,,,,,,,,,,,,,,,,,,,,,,,,,,,,,,,,,,,,,,,,,,,,10,,,,,,,,,,,,,,,,,,,,,,,,,,,,,,,,,,,,,,,,,,,,,,,,,,,,,,,,,,,,,,,,,
,,6,,,,,,,,3555,,,,,,,,150,,,,,,,,,,"LavaloonProjectile6",,,,,,,,,,,,,,,,,,"Lavaloon",,,,,,,840,,"Balloon Exposion",,,,,,,,,5,,,,,,,,,,,,,,,,,,,,,,,,,,,,,,,,,,,,,,,,,,,,,,,,,,,,,,,,,,,,,,,,,,,,,,,,,,,,,,,,,,,11,,,,,,,,,,,,,,,,,,,,,,,,,,,,,,,,,,,,,,,,,,,,,,,,,,,,,,,,,,,,,,,,,
,,7,,,,,,,,4050,,,,,,,,170,,,,,,,,,,"LavaloonProjectile7",,,,,,,,,,,,,,,,,,"Lavaloon",,,,,,,960,,"Balloon Exposion",,,,,,,,,5,,,,,,,,,,,,,,,,,,,,,,,,,,,,,,,,,,,,,,,,,,,,,,,,,,,,,,,,,,,,,,,,,,,,,,,,,,,,,,,,,,,12,,,,,,,,,,,,,,,,,,,,,,,,,,,,,,,,,,,,,,,,,,,,,,,,,,,,,,,,,,,,,,,,,
,,8,,,,,,,,4455,,,,,,,,190,,,,,,,,,,"LavaloonProjectile8",,,,,,,,,,,,,,,,,,"Lavaloon",,,,,,,1000,,"Balloon Exposion",,,,,,,,,6,,,,,,,,,,,,,,,,,,,,,,,,,,,,,,,,,,,,,,,,,,,,,,,,,,,,,,,,,,,,,,,,,,,,,,,,,,,,,,,,,,,13,,,,,,,,,,,,,,,,,,,,,,,,,,,,,,,,,,,,,,,,,,,,,,,,,,,,,,,,,,,,,,,,,
,,9,,,,,,,,4860,,,,,,,,210,,,,,,,,,,"LavaloonProjectile9",,,,,,,,,,,,,,,,,,"Lavaloon",,,,,,,1050,,"Balloon Exposion",,,,,,,,,6,,,,,,,,,,,,,,,,,,,,,,,,,,,,,,,,,,,,,,,,,,,,,,,,,,,,,,,,,,,,,,,,,,,,,,,,,,,,,,,,,,,14,,,,,,,,,,,,,,,,,,,,,,,,,,,,,,,,,,,,,,,,,,,,,,,,,,,,,,,,,,,,,,,,,
,,10,,,,,,,,5265,,,,,,,,230,,,,,,,,,,"LavaloonProjectile10",,,,,,,,,,,,,,,,,,"Lavaloon",,,,,,,1100,,"Balloon Exposion",,,,,,,,,6,,,,,,,,,,,,,,,,,,,,,,,,,,,,,,,,,,,,,,,,,,,,,,,,,,,,,,,,,,,,,,,,,,,,,,,,,,,,,,,,,,,15,,,,,,,,,,,,,,,,,,,,,,,,,,,,,,,,,,,,,,,,,,,,,,,,,,,,,,,,,,,,,,,,,
,,11,,,,,,,,5670,,,,,,,,250,,,,,,,,,,"LavaloonProjectile11",,,,,,,,,,,,,,,,,,"Lavaloon",,,,,,,1150,,"Balloon Exposion",,,,,,,,,7,,,,,,,,,,,,,,,,,,,,,,,,,,,,,,,,,,,,,,,,,,,,,,,,,,,,,,,,,,,,,,,,,,,,,,,,,,,,,,,,,,,16,,,,,,,,,,,,,,,,,,,,,,,,,,,,,,,,,,,,,,,,,,,,,,,,,,,,,,,,,,,,,,,,,
,,12,,,,,,,,6100,,,,,,,,280,,,,,,,,,,"LavaloonProjectile12",,,,,,,,,,,,,,,,,,"Lavaloon",,,,,,,1160,,"Balloon Exposion",,,,,,,,,7,,,,,,,,,,,,,,,,,,,,,,,,,,,,,,,,,,,,,,,,,,,,,,,,,,,,,,,,,,,,,,,,,,,,,,,,,,,,,,,,,,,17,,,,,,,,,,,,,,,,,,,,,,,,,,,,,,,,,,,,,,,,,,,,,,,,,,,,,,,,,,,,,,,,,
,,13,,,,,,,,6500,,,,,,,,310,,,,,,,,,,"LavaloonProjectile13",,,,,,,,,,,,,,,,,,"Lavaloon",,,,,,,1200,,"Balloon Exposion",,,,,,,,,8,,,,,,,,,,,,,,,,,,,,,,,,,,,,,,,,,,,,,,,,,,,,,,,,,,,,,,,,,,,,,,,,,,,,,,,,,,,,,,,,,,,18,,,,,,,,,,,,,,,,,,,,,,,,,,,,,,,,,,,,,,,,,,,,,,,,,,,,,,,,,,,,,,,,,
"Lavaloon Pup",4000108,1,,"TID_CHARACTER_LAVALOON_PUP","TID_CHARACTER_INFO_LAVALOON_PUP",1,1,1,400,10,,,,,225,1000,,10,1,,,,,,"unit_tinymites_haloween_big","sc/info_lavaloon.sc",,"Lavaloon Pup Projectile",,,,,,,"Lavaloon Pup Attack",,"Lavaloon Pup Hit",,"TRUE","TRUE","TRUE",,,"Tinymite Die",,"Lavaloon Pup",,"FALSE",,,100,"SourTombStone",,,,,,,"TRUE",,,,"TRUE",,,,,"TRUE",4,,,,,,,,,,,,,,,,,,,,,,,,,,,,,,,,,,,,,,,,,90,,,,,,,,,,50,100,,"TRUE",,,,,,,,,,,,,,,,,,,,,,,,,,,,,,,,,,,,,,,,,,,,,,,,,,,,,,,,,,,,,,,,,,,,,,,,,,,,"SecondaryTroop",,,,,,,,,,,,,
,,2,,,,,,,,15,,,,,,,,13,,,,,,,,,,,,,,,,,,,,,,,,,,,,"Lavaloon Pup",,,,,,,,,,,,,,,,,,,,,,,,,,,,,,,,,,,,,,,,,,,,,,,,,,,,,,,,,,,,,,,,,,,,,,,,,,,,,,,,,,,,,,,,,,,,,,,,,,,,,,,,,,,,,,,,,,,,,,,,,,,,,,,,,,,,,,,,,,,,,,,,,,,,,,,,,,,,,,,,,,,,,,
,,3,,,,,,,,20,,,,,,,,16,,,,,,,,,,,,,,,,,,,,,,,,,,,,"Lavaloon Pup",,,,,,,,,,,,,,,,,,,,,,,,,,,,,,,,,,,,,,,,,,,,,,,,,,,,,,,,,,,,,,,,,,,,,,,,,,,,,,,,,,,,,,,,,,,,,,,,,,,,,,,,,,,,,,,,,,,,,,,,,,,,,,,,,,,,,,,,,,,,,,,,,,,,,,,,,,,,,,,,,,,,,,
,,4,,,,,,,,25,,,,,,,,19,,,,,,,,,,,,,,,,,,,,,,,,,,,,"Lavaloon Pup",,,,,,,,,,,,,,,,,,,,,,,,,,,,,,,,,,,,,,,,,,,,,,,,,,,,,,,,,,,,,,,,,,,,,,,,,,,,,,,,,,,,,,,,,,,,,,,,,,,,,,,,,,,,,,,,,,,,,,,,,,,,,,,,,,,,,,,,,,,,,,,,,,,,,,,,,,,,,,,,,,,,,,
,,5,,,,,,,,30,,,,,,,,22,,,,,,,,,,,,,,,,,,,,,,,,,,,,"Lavaloon Pup",,,,,,,,,,,,,,,,,,,,,,,,,,,,,,,,,,,,,,,,,,,,,,,,,,,,,,,,,,,,,,,,,,,,,,,,,,,,,,,,,,,,,,,,,,,,,,,,,,,,,,,,,,,,,,,,,,,,,,,,,,,,,,,,,,,,,,,,,,,,,,,,,,,,,,,,,,,,,,,,,,,,,,
,,6,,,,,,,,35,,,,,,,,25,,,,,,,,,,,,,,,,,,,,,,,,,,,,"Lavaloon Pup",,,,,,,,,,,,,,,,,,,,,,,,,,,,,,,,,,,,,,,,,,,,,,,,,,,,,,,,,,,,,,,,,,,,,,,,,,,,,,,,,,,,,,,,,,,,,,,,,,,,,,,,,,,,,,,,,,,,,,,,,,,,,,,,,,,,,,,,,,,,,,,,,,,,,,,,,,,,,,,,,,,,,,
,,7,,,,,,,,40,,,,,,,,28,,,,,,,,,,,,,,,,,,,,,,,,,,,,"Lavaloon Pup",,,,,,,,,,,,,,,,,,,,,,,,,,,,,,,,,,,,,,,,,,,,,,,,,,,,,,,,,,,,,,,,,,,,,,,,,,,,,,,,,,,,,,,,,,,,,,,,,,,,,,,,,,,,,,,,,,,,,,,,,,,,,,,,,,,,,,,,,,,,,,,,,,,,,,,,,,,,,,,,,,,,,,
,,8,,,,,,,,45,,,,,,,,31,,,,,,,,,,,,,,,,,,,,,,,,,,,,"Lavaloon Pup",,,,,,,,,,,,,,,,,,,,,,,,,,,,,,,,,,,,,,,,,,,,,,,,,,,,,,,,,,,,,,,,,,,,,,,,,,,,,,,,,,,,,,,,,,,,,,,,,,,,,,,,,,,,,,,,,,,,,,,,,,,,,,,,,,,,,,,,,,,,,,,,,,,,,,,,,,,,,,,,,,,,,,
,,9,,,,,,,,50,,,,,,,,34,,,,,,,,,,,,,,,,,,,,,,,,,,,,"Lavaloon Pup",,,,,,,,,,,,,,,,,,,,,,,,,,,,,,,,,,,,,,,,,,,,,,,,,,,,,,,,,,,,,,,,,,,,,,,,,,,,,,,,,,,,,,,,,,,,,,,,,,,,,,,,,,,,,,,,,,,,,,,,,,,,,,,,,,,,,,,,,,,,,,,,,,,,,,,,,,,,,,,,,,,,,,
,,10,,,,,,,,55,,,,,,,,37,,,,,,,,,,,,,,,,,,,,,,,,,,,,"Lavaloon Pup",,,,,,,,,,,,,,,,,,,,,,,,,,,,,,,,,,,,,,,,,,,,,,,,,,,,,,,,,,,,,,,,,,,,,,,,,,,,,,,,,,,,,,,,,,,,,,,,,,,,,,,,,,,,,,,,,,,,,,,,,,,,,,,,,,,,,,,,,,,,,,,,,,,,,,,,,,,,,,,,,,,,,,
,,11,,,,,,,,60,,,,,,,,40,,,,,,,,,,,,,,,,,,,,,,,,,,,,"Lavaloon Pup",,,,,,,,,,,,,,,,,,,,,,,,,,,,,,,,,,,,,,,,,,,,,,,,,,,,,,,,,,,,,,,,,,,,,,,,,,,,,,,,,,,,,,,,,,,,,,,,,,,,,,,,,,,,,,,,,,,,,,,,,,,,,,,,,,,,,,,,,,,,,,,,,,,,,,,,,,,,,,,,,,,,,,
,,12,,,,,,,,65,,,,,,,,42,,,,,,,,,,,,,,,,,,,,,,,,,,,,"Lavaloon Pup",,,,,,,,,,,,,,,,,,,,,,,,,,,,,,,,,,,,,,,,,,,,,,,,,,,,,,,,,,,,,,,,,,,,,,,,,,,,,,,,,,,,,,,,,,,,,,,,,,,,,,,,,,,,,,,,,,,,,,,,,,,,,,,,,,,,,,,,,,,,,,,,,,,,,,,,,,,,,,,,,,,,,,
,,13,,,,,,,,70,,,,,,,,44,,,,,,,,,,,,,,,,,,,,,,,,,,,,"Lavaloon Pup",,,,,,,,,,,,,,,,,,,,,,,,,,,,,,,,,,,,,,,,,,,,,,,,,,,,,,,,,,,,,,,,,,,,,,,,,,,,,,,,,,,,,,,,,,,,,,,,,,,,,,,,,,,,,,,,,,,,,,,,,,,,,,,,,,,,,,,,,,,,,,,,,,,,,,,,,,,,,,,,,,,,,,
"COOKIE",4000118,1,,"TID_CHARACTER_COOKIE_PEKKA","TID_CHARACTER_INFO_COOKIE_PEKKA",10,0,1,250,400,,,"Elixir",,60,1500,,8200,1,80,,"TRUE","sc/ui.sc","icon_unit_cookie_pekka","unit_cookie_pekka_big","sc/info_cookie_pekka.sc",,,,,,,"Pekka_Cookie_Deploy",,"Pekka_Cookie_Attack",,"Pekka_Cookie_Hit",,"FALSE","FALSE","TRUE",,,"Pekka_Cookie_Die",,"gingerbread_mini_pekka","Barracks","FALSE",,,0,"GingerbreadTombStone",,,,,,,,,,,,,,,,,,,,,,,,,,,,,,,,,,,,,,,,,,,,,,,,,,,,,,,,,,-50,,,,,,,,,,1000,1000,,"TRUE",,,,,,,,,,,,,,,,,"TRUE",,"TRUE",,,,,6,6,,,,,,,,,,,,,,,,,,,,,,,,,,,,,,,,,,,,,,,,,,,,,,,,,,,"TroopCookie",,,,,,,,,,,,,
,,2,,,,,,,,600,,,,,,,,8400,,,,,,,,,,,,,,,,,,,,,,,,,,,,,,,,,,,,,,,,,,,,,,,,,,,,,,,,,,,,,,,,,,,,,,,,,,,,,,,,,,,,,,,,,,,,,,,,,,,,,,,,,,,,,,,,,,,,,,,,,,,,,,,,,7,,,,,,,,,,,,,,,,,,,,,,,,,,,,,,,,,,,,,,,,,,,,,,,,,,,,,,,,,,,,,,,,,
,,3,,,,,,,,800,,,,,,,,8600,,,,,,,,,,,,,,,,,,,,,,,,,,,,,,,,,,,,,,,,,,,,,,,,,,,,,,,,,,,,,,,,,,,,,,,,,,,,,,,,,,,,,,,,,,,,,,,,,,,,,,,,,,,,,,,,,,,,,,,,,,,,,,,,,8,,,,,,,,,,,,,,,,,,,,,,,,,,,,,,,,,,,,,,,,,,,,,,,,,,,,,,,,,,,,,,,,,
,,4,,,,,,,,1000,,,,,,,,8800,,,,,,,,,,,,,,,,,,,,,,,,,,,,,,,,,,,,,,,,,,,,,,,,,,,,,,,,,,,,,,,,,,,,,,,,,,,,,,,,,,,,,,,,,,,,,,,,,,,,,,,,,,,,,,,,,,,,,,,,,,,,,,,,,9,,,,,,,,,,,,,,,,,,,,,,,,,,,,,,,,,,,,,,,,,,,,,,,,,,,,,,,,,,,,,,,,,
,,5,,,,,,,,1100,,,,,,,,9000,,,,,,,,,,,,,,,,,,,,,,,,,,,,,,,,,,,,,,,,,,,,,,,,,,,,,,,,,,,,,,,,,,,,,,,,,,,,,,,,,,,,,,,,,,,,,,,,,,,,,,,,,,,,,,,,,,,,,,,,,,,,,,,,,10,,,,,,,,,,,,,,,,,,,,,,,,,,,,,,,,,,,,,,,,,,,,,,,,,,,,,,,,,,,,,,,,,
,,6,,,,,,,,1350,,,,,,,,9200,,,,,,,,,,,,,,,,,,,,,,,,,,,,,,,,,,,,,,,,,,,,,,,,,,,,,,,,,,,,,,,,,,,,,,,,,,,,,,,,,,,,,,,,,,,,,,,,,,,,,,,,,,,,,,,,,,,,,,,,,,,,,,,,,11,,,,,,,,,,,,,,,,,,,,,,,,,,,,,,,,,,,,,,,,,,,,,,,,,,,,,,,,,,,,,,,,,
,,7,,,,,,,,1650,,,,,,,,9800,,,,,,,,,,,,,,,,,,,,,,,,,,,,,,,,,,,,,,,,,,,,,,,,,,,,,,,,,,,,,,,,,,,,,,,,,,,,,,,,,,,,,,,,,,,,,,,,,,,,,,,,,,,,,,,,,,,,,,,,,,,,,,,,,12,,,,,,,,,,,,,,,,,,,,,,,,,,,,,,,,,,,,,,,,,,,,,,,,,,,,,,,,,,,,,,,,,
,,8,,,,,,,,1850,,,,,,,,10100,,,,,,,,,,,,,,,,,,,,,,,,,,,,,,,,,,,,,,,,,,,,,,,,,,,,,,,,,,,,,,,,,,,,,,,,,,,,,,,,,,,,,,,,,,,,,,,,,,,,,,,,,,,,,,,,,,,,,,,,,,,,,,,,,13,,,,,,,,,,,,,,,,,,,,,,,,,,,,,,,,,,,,,,,,,,,,,,,,,,,,,,,,,,,,,,,,,
,,9,,,,,,,,2100,,,,,,,,10400,,,,,,,,,,,,,,,,,,,,,,,,,,,,,,,,,,,,,,,,,,,,,,,,,,,,,,,,,,,,,,,,,,,,,,,,,,,,,,,,,,,,,,,,,,,,,,,,,,,,,,,,,,,,,,,,,,,,,,,,,,,,,,,,,14,,,,,,,,,,,,,,,,,,,,,,,,,,,,,,,,,,,,,,,,,,,,,,,,,,,,,,,,,,,,,,,,,
,,10,,,,,,,,2400,,,,,,,,10700,,,,,,,,,,,,,,,,,,,,,,,,,,,,,,,,,,,,,,,,,,,,,,,,,,,,,,,,,,,,,,,,,,,,,,,,,,,,,,,,,,,,,,,,,,,,,,,,,,,,,,,,,,,,,,,,,,,,,,,,,,,,,,,,,15,,,,,,,,,,,,,,,,,,,,,,,,,,,,,,,,,,,,,,,,,,,,,,,,,,,,,,,,,,,,,,,,,
,,11,,,,,,,,2650,,,,,,,,11000,,,,,,,,,,,,,,,,,,,,,,,,,,,,,,,,,,,,,,,,,,,,,,,,,,,,,,,,,,,,,,,,,,,,,,,,,,,,,,,,,,,,,,,,,,,,,,,,,,,,,,,,,,,,,,,,,,,,,,,,,,,,,,,,,16,,,,,,,,,,,,,,,,,,,,,,,,,,,,,,,,,,,,,,,,,,,,,,,,,,,,,,,,,,,,,,,,,
,,12,,,,,,,,2900,,,,,,,,11300,,,,,,,,,,,,,,,,,,,,,,,,,,,,,,,,,,,,,,,,,,,,,,,,,,,,,,,,,,,,,,,,,,,,,,,,,,,,,,,,,,,,,,,,,,,,,,,,,,,,,,,,,,,,,,,,,,,,,,,,,,,,,,,,,17,,,,,,,,,,,,,,,,,,,,,,,,,,,,,,,,,,,,,,,,,,,,,,,,,,,,,,,,,,,,,,,,,
,,13,,,,,,,,3200,,,,,,,,11600,,,,,,,,,,,,,,,,,,,,,,,,,,,,,,,,,,,,,,,,,,,,,,,,,,,,,,,,,,,,,,,,,,,,,,,,,,,,,,,,,,,,,,,,,,,,,,,,,,,,,,,,,,,,,,,,,,,,,,,,,,,,,,,,,18,,,,,,,,,,,,,,,,,,,,,,,,,,,,,,,,,,,,,,,,,,,,,,,,,,,,,,,,,,,,,,,,,
"Firecracker",4000119,1,,"TID_CHARACTER_FIRECRACKER","TID_CHARACTER_INFO_FIRECRACKER",10,0,1,250,120,,,"Elixir",,600,1800,,60,,,,,"sc/ui.sc","icon_unit_firecracker","unit_firecracker_big","sc/info_firecracker.sc",,"Firecracker Projectile 1",,,,,"Firecracker_Deploy",,"Firecracker_Attack",,"Firecracker_hit",,"FALSE","TRUE","TRUE",,,"Firecracker_Die",,"Firecracker","Barracks","FALSE",,,0,"TombStone",,,,,,,,,,,,,,,,"FALSE",1,600,,,,,,,,,,,,,,,,,,,,,,,,,,,,,,,,,,,,,,,,-50,,,,,,,,,,800,800,,"TRUE",,,,,,,,,,,,,,,,,"TRUE",,"TRUE",,,,,6,6,,,,,,,,,,,,,,,,,,,,,,,,,,,,,,,,,,,,,,,,,,,,,,,,,,,"TroopFirecracker",,,,,,,,,,,,,
,,2,,,,,,,,150,,,,,,,,70,,,,,,,,,,"Firecracker Projectile 2",,,,,,,,,,,,,,,,,,,,,,,,,,,,,,,,,,,,,,,,,,,,,,,,,,,,,,,,,,,,,,,,,,,,,,,,,,,,,,,,,,,,,,,,,,,,,,,,,,,,,,,,,,,,,,,,,,,,,,,7,,,,,,,,,,,,,,,,,,,,,,,,,,,,,,,,,,,,,,,,,,,,,,,,,,,,,,,,,,,,,,,,,
,,3,,,,,,,,190,,,,,,,,85,,,,,,,,,,"Firecracker Projectile 3",,,,,,,,,,,,,,,,,,,,,,,,,,,,,,,,,,,,,,,,,,,,,,,,,,,,,,,,,,,,,,,,,,,,,,,,,,,,,,,,,,,,,,,,,,,,,,,,,,,,,,,,,,,,,,,,,,,,,,,8,,,,,,,,,,,,,,,,,,,,,,,,,,,,,,,,,,,,,,,,,,,,,,,,,,,,,,,,,,,,,,,,,
,,4,,,,,,,,230,,,,,,,,100,,,,,,,,,,"Firecracker Projectile 4",,,,,,,,,,,,,,,,,,,,,,,,,,,,,,,,,,,,,,,,,,,,,,,,,,,,,,,,,,,,,,,,,,,,,,,,,,,,,,,,,,,,,,,,,,,,,,,,,,,,,,,,,,,,,,,,,,,,,,,9,,,,,,,,,,,,,,,,,,,,,,,,,,,,,,,,,,,,,,,,,,,,,,,,,,,,,,,,,,,,,,,,,
,,5,,,,,,,,270,,,,,,,,115,,,,,,,,,,"Firecracker Projectile 5",,,,,,,,,,,,,,,,,,,,,,,,,,,,,,,,,,,,,,,,,,,,,,,,,,,,,,,,,,,,,,,,,,,,,,,,,,,,,,,,,,,,,,,,,,,,,,,,,,,,,,,,,,,,,,,,,,,,,,,10,,,,,,,,,,,,,,,,,,,,,,,,,,,,,,,,,,,,,,,,,,,,,,,,,,,,,,,,,,,,,,,,,
,,6,,,,,,,,310,,,,,,,,130,,,,,,,,,,"Firecracker Projectile 6",,,,,,,,,,,,,,,,,,,,,,,,,,,,,,,,,,,,,,,,,,,,,,,,,,,,,,,,,,,,,,,,,,,,,,,,,,,,,,,,,,,,,,,,,,,,,,,,,,,,,,,,,,,,,,,,,,,,,,,11,,,,,,,,,,,,,,,,,,,,,,,,,,,,,,,,,,,,,,,,,,,,,,,,,,,,,,,,,,,,,,,,,
,,7,,,,,,,,350,,,,,,,,150,,,,,,,,,,"Firecracker Projectile 7",,,,,,,,,,,,,,,,,,,,,,,,,,,,,,,,,,,,,,,,,,,,,,,,,,,,,,,,,,,,,,,,,,,,,,,,,,,,,,,,,,,,,,,,,,,,,,,,,,,,,,,,,,,,,,,,,,,,,,,12,,,,,,,,,,,,,,,,,,,,,,,,,,,,,,,,,,,,,,,,,,,,,,,,,,,,,,,,,,,,,,,,,
,,8,,,,,,,,380,,,,,,,,165,,,,,,,,,,"Firecracker Projectile 8",,,,,,,,,,,,,,,,,,,,,,,,,,,,,,,,,,,,,,,,,,,,,,,,,,,,,,,,,,,,,,,,,,,,,,,,,,,,,,,,,,,,,,,,,,,,,,,,,,,,,,,,,,,,,,,,,,,,,,,13,,,,,,,,,,,,,,,,,,,,,,,,,,,,,,,,,,,,,,,,,,,,,,,,,,,,,,,,,,,,,,,,,
,,9,,,,,,,,410,,,,,,,,180,,,,,,,,,,"Firecracker Projectile 9",,,,,,,,,,,,,,,,,,,,,,,,,,,,,,,,,,,,,,,,,,,,,,,,,,,,,,,,,,,,,,,,,,,,,,,,,,,,,,,,,,,,,,,,,,,,,,,,,,,,,,,,,,,,,,,,,,,,,,,14,,,,,,,,,,,,,,,,,,,,,,,,,,,,,,,,,,,,,,,,,,,,,,,,,,,,,,,,,,,,,,,,,
,,10,,,,,,,,440,,,,,,,,200,,,,,,,,,,"Firecracker Projectile 10",,,,,,,,,,,,,,,,,,,,,,,,,,,,,,,,,,,,,,,,,,,,,,,,,,,,,,,,,,,,,,,,,,,,,,,,,,,,,,,,,,,,,,,,,,,,,,,,,,,,,,,,,,,,,,,,,,,,,,,15,,,,,,,,,,,,,,,,,,,,,,,,,,,,,,,,,,,,,,,,,,,,,,,,,,,,,,,,,,,,,,,,,
,,11,,,,,,,,480,,,,,,,,230,,,,,,,,,,"Firecracker Projectile 11",,,,,,,,,,,,,,,,,,,,,,,,,,,,,,,,,,,,,,,,,,,,,,,,,,,,,,,,,,,,,,,,,,,,,,,,,,,,,,,,,,,,,,,,,,,,,,,,,,,,,,,,,,,,,,,,,,,,,,,16,,,,,,,,,,,,,,,,,,,,,,,,,,,,,,,,,,,,,,,,,,,,,,,,,,,,,,,,,,,,,,,,,
,,12,,,,,,,,520,,,,,,,,270,,,,,,,,,,"Firecracker Projectile 12",,,,,,,,,,,,,,,,,,,,,,,,,,,,,,,,,,,,,,,,,,,,,,,,,,,,,,,,,,,,,,,,,,,,,,,,,,,,,,,,,,,,,,,,,,,,,,,,,,,,,,,,,,,,,,,,,,,,,,,17,,,,,,,,,,,,,,,,,,,,,,,,,,,,,,,,,,,,,,,,,,,,,,,,,,,,,,,,,,,,,,,,,
,,13,,,,,,,,560,,,,,,,,310,,,,,,,,,,"Firecracker Projectile 13",,,,,,,,,,,,,,,,,,,,,,,,,,,,,,,,,,,,,,,,,,,,,,,,,,,,,,,,,,,,,,,,,,,,,,,,,,,,,,,,,,,,,,,,,,,,,,,,,,,,,,,,,,,,,,,,,,,,,,,18,,,,,,,,,,,,,,,,,,,,,,,,,,,,,,,,,,,,,,,,,,,,,,,,,,,,,,,,,,,,,,,,,
"Azure Dragon",4000120,1,,"TID_CHARACTER_WATER_DRAGON","TID_CHARACTER_INFO_WATER_DRAGON",40,0,1,160,2400,,,"Elixir",,250,1700,,320,1,,,,"sc/ui.sc","icon_unit_lny_dragon","unit_lny_dragon_big","sc/info_lny_dragon.sc",,"lny_dragon_projectile",,,,,"Water Dragon Deploy",,"WaterDragon_attack",,"Water Dragon Splash Hit",,"TRUE","TRUE","TRUE",,,"Water Dragon Die",,"LNY_Dragon","Barracks","FALSE",,,15,"TombStone",,,,,,,,,,,,,,,,,,,,,,,,,,,,,,,,,,,,,,,,,,,,3,192,,,,,,,,,,,,,100,,,,,,,,,,5000,5000,,"TRUE",,,,,,,,,,,,,,,,,"TRUE",,"TRUE",,,,,6,6,,,,,,,,,,,,,,,,,,,,,,,,,,,"TRUE",90,400,,,,,,,,,,,"TRUE",,,,,,,,,,,"TroopElectroDragon",,,,,,,,,,,,,
,,2,,,,,,,,2800,,,,,,,,340,,,,,,,,,,,,,,,,,,,,,,,,,,,,,,,,,,,,,,,,,,,,,,,,,,,,,,,,,,,,,,,,,,,,,,,,,,,,,,,,,,,,,,,,,,,,,,,,,,,,,,,,,,,,,,,,,,,,,,,,,,,,,,,,,7,,,,,,,,,,,,,,,,,,,,,,,,,,,,,,,,,,,,,,,,,,,,,,,,,,,,,,,,,,,,,,,,,
,,3,,,,,,,,3200,,,,,,,,360,,,,,,,,,,,,,,,,,,,,,,,,,,,,,,,,,,,,,,,,,,,,,,,,,,,,,,,,,,,,,,,,,,,,,,,,,,,,,,,,,,,,,,,,,,,,,,,,,,,,,,,,,,,,,,,,,,,,,,,,,,,,,,,,,8,,,,,,,,,,,,,,,,,,,,,,,,,,,,,,,,,,,,,,,,,,,,,,,,,,,,,,,,,,,,,,,,,
,,4,,,,,,,,3800,,,,,,,,380,,,,,,,,,,,,,,,,,,,,,,,,,,,,,,,,,,,,,,,,,,,,,,,,,,,,,,,,,,,,,,,,,,,,,,,,,,,,,,,,,,,,,,,,,,,,,,,,,,,,,,,,,,,,,,,,,,,,,,,,,,,,,,,,,9,,,,,,,,,,,,,,,,,,,,,,,,,,,,,,,,,,,,,,,,,,,,,,,,,,,,,,,,,,,,,,,,,
,,5,,,,,,,,4400,,,,,,,,400,,,,,,,,,,,,,,,,,,,,,,,,,,,,,,,,,,,,,,,,,,,,,,,,,,,,,,,,,,,,,,,,,,,,,,,,,,,,,,,,,,,,,,,,,,,,,,,,,,,,,,,,,,,,,,,,,,,,,,,,,,,,,,,,,10,,,,,,,,,,,,,,,,,,,,,,,,,,,,,,,,,,,,,,,,,,,,,,,,,,,,,,,,,,,,,,,,,
,,6,,,,,,,,5000,,,,,,,,420,,,,,,,,,,,,,,,,,,,,,,,,,,,,,,,,,,,,,,,,,,,,,,,,,,,,,,,,,,,,,,,,,,,,,,,,,,,,,,,,,,,,,,,,,,,,,,,,,,,,,,,,,,,,,,,,,,,,,,,,,,,,,,,,,11,,,,,,,,,,,,,,,,,,,,,,,,,,,,,,,,,,,,,,,,,,,,,,,,,,,,,,,,,,,,,,,,,
,,7,,,,,,,,5800,,,,,,,,480,,,,,,,,,,,,,,,,,,,,,,,,,,,,,,,,,,,,,,,,,,,,,,,,,,,,,,,,,,,,,,,,,,,,,,,,,,,,,,,,,,,,,,,,,,,,,,,,,,,,,,,,,,,,,,,,,,,,,,,,,,,,,,,,,12,,,,,,,,,,,,,,,,,,,,,,,,,,,,,,,,,,,,,,,,,,,,,,,,,,,,,,,,,,,,,,,,,
,,8,,,,,,,,6400,,,,,,,,510,,,,,,,,,,,,,,,,,,,,,,,,,,,,,,,,,,,,,,,,,,,,,,,,,,,,,,,,,,,,,,,,,,,,,,,,,,,,,,,,,,,,,,,,,,,,,,,,,,,,,,,,,,,,,,,,,,,,,,,,,,,,,,,,,13,,,,,,,,,,,,,,,,,,,,,,,,,,,,,,,,,,,,,,,,,,,,,,,,,,,,,,,,,,,,,,,,,
,,9,,,,,,,,6900,,,,,,,,540,,,,,,,,,,,,,,,,,,,,,,,,,,,,,,,,,,,,,,,,,,,,,,,,,,,,,,,,,,,,,,,,,,,,,,,,,,,,,,,,,,,,,,,,,,,,,,,,,,,,,,,,,,,,,,,,,,,,,,,,,,,,,,,,,14,,,,,,,,,,,,,,,,,,,,,,,,,,,,,,,,,,,,,,,,,,,,,,,,,,,,,,,,,,,,,,,,,
,,10,,,,,,,,7500,,,,,,,,570,,,,,,,,,,,,,,,,,,,,,,,,,,,,,,,,,,,,,,,,,,,,,,,,,,,,,,,,,,,,,,,,,,,,,,,,,,,,,,,,,,,,,,,,,,,,,,,,,,,,,,,,,,,,,,,,,,,,,,,,,,,,,,,,,15,,,,,,,,,,,,,,,,,,,,,,,,,,,,,,,,,,,,,,,,,,,,,,,,,,,,,,,,,,,,,,,,,
,,11,,,,,,,,7900,,,,,,,,600,,,,,,,,,,,,,,,,,,,,,,,,,,,,,,,,,,,,,,,,,,,,,,,,,,,,,,,,,,,,,,,,,,,,,,,,,,,,,,,,,,,,,,,,,,,,,,,,,,,,,,,,,,,,,,,,,,,,,,,,,,,,,,,,,16,,,,,,,,,,,,,,,,,,,,,,,,,,,,,,,,,,,,,,,,,,,,,,,,,,,,,,,,,,,,,,,,,
,,12,,,,,,,,8300,,,,,,,,630,,,,,,,,,,,,,,,,,,,,,,,,,,,,,,,,,,,,,,,,,,,,,,,,,,,,,,,,,,,,,,,,,,,,,,,,,,,,,,,,,,,,,,,,,,,,,,,,,,,,,,,,,,,,,,,,,,,,,,,,,,,,,,,,,17,,,,,,,,,,,,,,,,,,,,,,,,,,,,,,,,,,,,,,,,,,,,,,,,,,,,,,,,,,,,,,,,,
,,13,,,,,,,,8800,,,,,,,,660,,,,,,,,,,,,,,,,,,,,,,,,,,,,,,,,,,,,,,,,,,,,,,,,,,,,,,,,,,,,,,,,,,,,,,,,,,,,,,,,,,,,,,,,,,,,,,,,,,,,,,,,,,,,,,,,,,,,,,,,,,,,,,,,,18,,,,,,,,,,,,,,,,,,,,,,,,,,,,,,,,,,,,,,,,,,,,,,,,,,,,,,,,,,,,,,,,,
"Barbarian Kicker",4000121,1,,"TID_CHARACTER_FREE_KICKER","TID_CHARACTER_INFO_FREE_KICKER",12,0,1,250,650,,,"Elixir",,60,1300,,90,,,,,"sc/ui.sc","icon_unit_footballbarbarian2026","unit_football_barbarian2026_big","sc/info_football_barbarian.sc",,,,,,,"Barbarian_Football_Deploy",,"Barbarian_Football_Atk",,"Barbarian Hit",,"FALSE","FALSE","TRUE",,,"Barbarian Die",,"FootballBarbarian2026","Barracks","FALSE",,,0,"TombStone",,,,,,,,,,,,,,,,,,,,,,,,,,,,,,,,,,,,,,,,,,,,,,,,,,,,,,,,,,-50,,,,,,,,,,400,400,,"TRUE",,,,,,,,,,,,,,,,,"TRUE",,"TRUE",,,,,6,6,,,,,,,,,,,,,,,,,,,,,,,,,,,,,,,,,,,,,"FreeKick","1",,,,,,,,,,,,,"TroopFreeKicker",,,,,,,,,,,,,
,,2,,,,,,,,850,,,,,,,,105,,,,,,,,,,,,,,,,,,,,,,,,,,,,,,,,,,,,,,,,,,,,,,,,,,,,,,,,,,,,,,,,,,,,,,,,,,,,,,,,,,,,,,,,,,,,,,,,,,,,,,,,,,,,,,,,,,,,,,,,,,,,,,,,,7,,,,,,,,,,,,,,,,,,,,,,,,,,,,,,,,,,,,,,,"2",,,,,,,,,,,,,,,,,,,,,,,,,,
,,3,,,,,,,,1000,,,,,,,,115,,,,,,,,,,,,,,,,,,,,,,,,,,,,,,,,,,,,,,,,,,,,,,,,,,,,,,,,,,,,,,,,,,,,,,,,,,,,,,,,,,,,,,,,,,,,,,,,,,,,,,,,,,,,,,,,,,,,,,,,,,,,,,,,,8,,,,,,,,,,,,,,,,,,,,,,,,,,,,,,,,,,,,,,,"3",,,,,,,,,,,,,,,,,,,,,,,,,,
,,4,,,,,,,,1200,,,,,,,,130,,,,,,,,,,,,,,,,,,,,,,,,,,,,,,,,,,,,,,,,,,,,,,,,,,,,,,,,,,,,,,,,,,,,,,,,,,,,,,,,,,,,,,,,,,,,,,,,,,,,,,,,,,,,,,,,,,,,,,,,,,,,,,,,,9,,,,,,,,,,,,,,,,,,,,,,,,,,,,,,,,,,,,,,,"4",,,,,,,,,,,,,,,,,,,,,,,,,,
,,5,,,,,,,,1400,,,,,,,,140,,,,,,,,,,,,,,,,,,,,,,,,,,,,,,,,,,,,,,,,,,,,,,,,,,,,,,,,,,,,,,,,,,,,,,,,,,,,,,,,,,,,,,,,,,,,,,,,,,,,,,,,,,,,,,,,,,,,,,,,,,,,,,,,,10,,,,,,,,,,,,,,,,,,,,,,,,,,,,,,,,,,,,,,,"5",,,,,,,,,,,,,,,,,,,,,,,,,,
,,6,,,,,,,,1600,,,,,,,,150,,,,,,,,,,,,,,,,,,,,,,,,,,,,,,,,,,,,,,,,,,,,,,,,,,,,,,,,,,,,,,,,,,,,,,,,,,,,,,,,,,,,,,,,,,,,,,,,,,,,,,,,,,,,,,,,,,,,,,,,,,,,,,,,,11,,,,,,,,,,,,,,,,,,,,,,,,,,,,,,,,,,,,,,,"6",,,,,,,,,,,,,,,,,,,,,,,,,,
,,7,,,,,,,,2000,,,,,,,,170,,,,,,,,,,,,,,,,,,,,,,,,,,,,,,,,,,,,,,,,,,,,,,,,,,,,,,,,,,,,,,,,,,,,,,,,,,,,,,,,,,,,,,,,,,,,,,,,,,,,,,,,,,,,,,,,,,,,,,,,,,,,,,,,,12,,,,,,,,,,,,,,,,,,,,,,,,,,,,,,,,,,,,,,,"7",,,,,,,,,,,,,,,,,,,,,,,,,,
,,8,,,,,,,,2150,,,,,,,,175,,,,,,,,,,,,,,,,,,,,,,,,,,,,,,,,,,,,,,,,,,,,,,,,,,,,,,,,,,,,,,,,,,,,,,,,,,,,,,,,,,,,,,,,,,,,,,,,,,,,,,,,,,,,,,,,,,,,,,,,,,,,,,,,,13,,,,,,,,,,,,,,,,,,,,,,,,,,,,,,,,,,,,,,,"8",,,,,,,,,,,,,,,,,,,,,,,,,,
,,9,,,,,,,,2250,,,,,,,,180,,,,,,,,,,,,,,,,,,,,,,,,,,,,,,,,,,,,,,,,,,,,,,,,,,,,,,,,,,,,,,,,,,,,,,,,,,,,,,,,,,,,,,,,,,,,,,,,,,,,,,,,,,,,,,,,,,,,,,,,,,,,,,,,,14,,,,,,,,,,,,,,,,,,,,,,,,,,,,,,,,,,,,,,,"9",,,,,,,,,,,,,,,,,,,,,,,,,,
,,10,,,,,,,,2450,,,,,,,,190,,,,,,,,,,,,,,,,,,,,,,,,,,,,,,,,,,,,,,,,,,,,,,,,,,,,,,,,,,,,,,,,,,,,,,,,,,,,,,,,,,,,,,,,,,,,,,,,,,,,,,,,,,,,,,,,,,,,,,,,,,,,,,,,,15,,,,,,,,,,,,,,,,,,,,,,,,,,,,,,,,,,,,,,,"10",,,,,,,,,,,,,,,,,,,,,,,,,,
,,11,,,,,,,,2550,,,,,,,,200,,,,,,,,,,,,,,,,,,,,,,,,,,,,,,,,,,,,,,,,,,,,,,,,,,,,,,,,,,,,,,,,,,,,,,,,,,,,,,,,,,,,,,,,,,,,,,,,,,,,,,,,,,,,,,,,,,,,,,,,,,,,,,,,,16,,,,,,,,,,,,,,,,,,,,,,,,,,,,,,,,,,,,,,,"11",,,,,,,,,,,,,,,,,,,,,,,,,,
,,12,,,,,,,,2650,,,,,,,,210,,,,,,,,,,,,,,,,,,,,,,,,,,,,,,,,,,,,,,,,,,,,,,,,,,,,,,,,,,,,,,,,,,,,,,,,,,,,,,,,,,,,,,,,,,,,,,,,,,,,,,,,,,,,,,,,,,,,,,,,,,,,,,,,,17,,,,,,,,,,,,,,,,,,,,,,,,,,,,,,,,,,,,,,,"12",,,,,,,,,,,,,,,,,,,,,,,,,,
,,13,,,,,,,,2800,,,,,,,,220,,,,,,,,,,,,,,,,,,,,,,,,,,,,,,,,,,,,,,,,,,,,,,,,,,,,,,,,,,,,,,,,,,,,,,,,,,,,,,,,,,,,,,,,,,,,,,,,,,,,,,,,,,,,,,,,,,,,,,,,,,,,,,,,,18,,,,,,,,,,,,,,,,,,,,,,,,,,,,,,,,,,,,,,,,,,,,,,,,,,,,,,,,,,,,,,,,,
"Giant Thrower",4000122,1,,"TID_CHARACTER_SIDE_THROWER","TID_CHARACTER_INFO_SIDE_THROWER",15,0,1,200,600,,,"Elixir",,70,1800,,110,,,,,"sc/ui.sc","icon_unit_footballgiant","unit_football_giant_big","sc/info_football_giant.sc",,,,,"Defense",,"Giant_Football_Deploy",,"Giant_Football_Atk",,"Giant Hit",,"FALSE","FALSE","TRUE",,,"Giant_Football_Die",,"FootballGiant","Barracks","FALSE",,,0,"TombStone",,,,,,,,,,,,,,,,,,,,,,,,,,,,,,,,,,,,,,,,,,,,,,,,,,,,,,,,,,-50,,,,,,,,,,600,600,,"TRUE",,,,,,,,,,,,,,,,,"TRUE",,"TRUE",,,,,6,6,,,,,,,,,,,,,,,,,,,,,,,,,,,,,,,,,,,,,"ThrowIn","1",,,,,,,,,,,,,"TroopSideThrower",,,,,,,,,,,,,
,,2,,,,,,,,850,,,,,,,,120,,,,,,,,,,,,,,,,,,,,,,,,,,,,,,,,,,,,,,,,,,,,,,,,,,,,,,,,,,,,,,,,,,,,,,,,,,,,,,,,,,,,,,,,,,,,,,,,,,,,,,,,,,,,,,,,,,,,,,,,,,,,,,,,,7,,,,,,,,,,,,,,,,,,,,,,,,,,,,,,,,,,,,,,,"2",,,,,,,,,,,,,,,,,,,,,,,,,,
,,3,,,,,,,,1500,,,,,,,,130,,,,,,,,,,,,,,,,,,,,,,,,,,,,,,,,,,,,,,,,,,,,,,,,,,,,,,,,,,,,,,,,,,,,,,,,,,,,,,,,,,,,,,,,,,,,,,,,,,,,,,,,,,,,,,,,,,,,,,,,,,,,,,,,,8,,,,,,,,,,,,,,,,,,,,,,,,,,,,,,,,,,,,,,,"3",,,,,,,,,,,,,,,,,,,,,,,,,,
,,4,,,,,,,,1800,,,,,,,,140,,,,,,,,,,,,,,,,,,,,,,,,,,,,,,,,,,,,,,,,,,,,,,,,,,,,,,,,,,,,,,,,,,,,,,,,,,,,,,,,,,,,,,,,,,,,,,,,,,,,,,,,,,,,,,,,,,,,,,,,,,,,,,,,,9,,,,,,,,,,,,,,,,,,,,,,,,,,,,,,,,,,,,,,,"4",,,,,,,,,,,,,,,,,,,,,,,,,,
,,5,,,,,,,,2050,,,,,,,,150,,,,,,,,,,,,,,,,,,,,,,,,,,,,,,,,,,,,,,,,,,,,,,,,,,,,,,,,,,,,,,,,,,,,,,,,,,,,,,,,,,,,,,,,,,,,,,,,,,,,,,,,,,,,,,,,,,,,,,,,,,,,,,,,,10,,,,,,,,,,,,,,,,,,,,,,,,,,,,,,,,,,,,,,,"5",,,,,,,,,,,,,,,,,,,,,,,,,,
,,6,,,,,,,,2350,,,,,,,,160,,,,,,,,,,,,,,,,,,,,,,,,,,,,,,,,,,,,,,,,,,,,,,,,,,,,,,,,,,,,,,,,,,,,,,,,,,,,,,,,,,,,,,,,,,,,,,,,,,,,,,,,,,,,,,,,,,,,,,,,,,,,,,,,,11,,,,,,,,,,,,,,,,,,,,,,,,,,,,,,,,,,,,,,,"6",,,,,,,,,,,,,,,,,,,,,,,,,,
,,7,,,,,,,,2700,,,,,,,,175,,,,,,,,,,,,,,,,,,,,,,,,,,,,,,,,,,,,,,,,,,,,,,,,,,,,,,,,,,,,,,,,,,,,,,,,,,,,,,,,,,,,,,,,,,,,,,,,,,,,,,,,,,,,,,,,,,,,,,,,,,,,,,,,,12,,,,,,,,,,,,,,,,,,,,,,,,,,,,,,,,,,,,,,,"7",,,,,,,,,,,,,,,,,,,,,,,,,,
,,8,,,,,,,,3050,,,,,,,,185,,,,,,,,,,,,,,,,,,,,,,,,,,,,,,,,,,,,,,,,,,,,,,,,,,,,,,,,,,,,,,,,,,,,,,,,,,,,,,,,,,,,,,,,,,,,,,,,,,,,,,,,,,,,,,,,,,,,,,,,,,,,,,,,,13,,,,,,,,,,,,,,,,,,,,,,,,,,,,,,,,,,,,,,,"8",,,,,,,,,,,,,,,,,,,,,,,,,,
,,9,,,,,,,,3400,,,,,,,,195,,,,,,,,,,,,,,,,,,,,,,,,,,,,,,,,,,,,,,,,,,,,,,,,,,,,,,,,,,,,,,,,,,,,,,,,,,,,,,,,,,,,,,,,,,,,,,,,,,,,,,,,,,,,,,,,,,,,,,,,,,,,,,,,,14,,,,,,,,,,,,,,,,,,,,,,,,,,,,,,,,,,,,,,,"9",,,,,,,,,,,,,,,,,,,,,,,,,,
,,10,,,,,,,,3750,,,,,,,,205,,,,,,,,,,,,,,,,,,,,,,,,,,,,,,,,,,,,,,,,,,,,,,,,,,,,,,,,,,,,,,,,,,,,,,,,,,,,,,,,,,,,,,,,,,,,,,,,,,,,,,,,,,,,,,,,,,,,,,,,,,,,,,,,,15,,,,,,,,,,,,,,,,,,,,,,,,,,,,,,,,,,,,,,,"10",,,,,,,,,,,,,,,,,,,,,,,,,,
,,11,,,,,,,,4100,,,,,,,,215,,,,,,,,,,,,,,,,,,,,,,,,,,,,,,,,,,,,,,,,,,,,,,,,,,,,,,,,,,,,,,,,,,,,,,,,,,,,,,,,,,,,,,,,,,,,,,,,,,,,,,,,,,,,,,,,,,,,,,,,,,,,,,,,,16,,,,,,,,,,,,,,,,,,,,,,,,,,,,,,,,,,,,,,,"11",,,,,,,,,,,,,,,,,,,,,,,,,,
,,12,,,,,,,,4450,,,,,,,,225,,,,,,,,,,,,,,,,,,,,,,,,,,,,,,,,,,,,,,,,,,,,,,,,,,,,,,,,,,,,,,,,,,,,,,,,,,,,,,,,,,,,,,,,,,,,,,,,,,,,,,,,,,,,,,,,,,,,,,,,,,,,,,,,,17,,,,,,,,,,,,,,,,,,,,,,,,,,,,,,,,,,,,,,,"12",,,,,,,,,,,,,,,,,,,,,,,,,,
,,13,,,,,,,,4800,,,,,,,,235,,,,,,,,,,,,,,,,,,,,,,,,,,,,,,,,,,,,,,,,,,,,,,,,,,,,,,,,,,,,,,,,,,,,,,,,,,,,,,,,,,,,,,,,,,,,,,,,,,,,,,,,,,,,,,,,,,,,,,,,,,,,,,,,,18,,,,,,,,,,,,,,,,,,,,,,,,,,,,,,,,,,,,,,,,,,,,,,,,,,,,,,,,,,,,,,,,,
"Broom Witch",4000125,1,,"TID_CHARACTER_COURIER","TID_CHARACTER_INFO_COURIER",20,0,1,400,880,,,"Elixir",,350,1000,,110,1,,,,"sc/ui.sc","icon_unit_majo","unit_broom_witch_big","sc/info_broom_witch.sc",,"Courier Projectile",,"Wizard Tower",,,"Broom_Witch_Deploy",,,,"Courier Hit",,"TRUE","TRUE","TRUE",,,"Broom_Witch_Die",,"Majo","Barracks","FALSE",,,15,"TombStone",,,,,,,,,"Witch Spirit",,,24,100,,,,,,,,,,,,,,,,,,,,,,,,,200,,,,,,,,,,,,,,,,,,,,100,,,,,,,,,,950,2000,,"TRUE",,,,,,,,,,,,,,,,,"TRUE",,"TRUE",,,,,6,6,,,,,,,,,,,,,,,,,,,,,,,,,,,,,,,,,,,,,,,,,,,,,,,,,,,"TroopCourier",,,,,,,,,,,,,
,,2,,,,,,,,1000,,,,,,,,120,,,,,,,,,,,,,,,,,,,,,,,,,,,,,,,,,,,,,,,,,,,,,,24,,,,,,,,,,,,,,,,,,,,,,,,,,,,,,,,,,,,,,,,,,,,,,,,,,,,,,,,,,,,,,,,,,,,,,,,,,,,,,,,,,,7,,,,,,,,,,,,,,,,,,,,,,,,,,,,,,,,,,,,,,,,,,,,,,,,,,,,,,,,,,,,,,,,,
,,3,,,,,,,,1400,,,,,,,,140,,,,,,,,,,,,,,,,,,,,,,,,,,,,,,,,,,,,,,,,,,,,,,24,,,,,,,,,,,,,,,,,,,,,,,,,,,,,,,,,,,,,,,,,,,,,,,,,,,,,,,,,,,,,,,,,,,,,,,,,,,,,,,,,,,8,,,,,,,,,,,,,,,,,,,,,,,,,,,,,,,,,,,,,,,,,,,,,,,,,,,,,,,,,,,,,,,,,
,,4,,,,,,,,1800,,,,,,,,170,,,,,,,,,,,,,,,,,,,,,,,,,,,,,,,,,,,,,,,,,,,,,,24,,,,,,,,,,,,,,,,,,,,,,,,,,,,,,,,,,,,,,,,,,,,,,,,,,,,,,,,,,,,,,,,,,,,,,,,,,,,,,,,,,,9,,,,,,,,,,,,,,,,,,,,,,,,,,,,,,,,,,,,,,,,,,,,,,,,,,,,,,,,,,,,,,,,,
,,5,,,,,,,,2200,,,,,,,,200,,,,,,,,,,,,,,,,,,,,,,,,,,,,,,,,,,,,,,,,,,,,,,24,,,,,,,,,,,,,,,,,,,,,,,,,,,,,,,,,,,,,,,,,,,,,,,,,,,,,,,,,,,,,,,,,,,,,,,,,,,,,,,,,,,10,,,,,,,,,,,,,,,,,,,,,,,,,,,,,,,,,,,,,,,,,,,,,,,,,,,,,,,,,,,,,,,,,
,,6,,,,,,,,2600,,,,,,,,230,,,,,,,,,,,,,,,,,,,,,,,,,,,,,,,,,,,,,,,,,,,,,,24,,,,,,,,,,,,,,,,,,,,,,,,,,,,,,,,,,,,,,,,,,,,,,,,,,,,,,,,,,,,,,,,,,,,,,,,,,,,,,,,,,,11,,,,,,,,,,,,,,,,,,,,,,,,,,,,,,,,,,,,,,,,,,,,,,,,,,,,,,,,,,,,,,,,,
,,7,,,,,,,,3050,,,,,,,,270,,,,,,,,,,,,,,,,,,,,,,,,,,,,,,,,,,,,,,,,,,,,,,24,,,,,,,,,,,,,,,,,,,,,,,,,,,,,,,,,,,,,,,,,,,,,,,,,,,,,,,,,,,,,,,,,,,,,,,,,,,,,,,,,,,12,,,,,,,,,,,,,,,,,,,,,,,,,,,,,,,,,,,,,,,,,,,,,,,,,,,,,,,,,,,,,,,,,
,,8,,,,,,,,3450,,,,,,,,300,,,,,,,,,,,,,,,,,,,,,,,,,,,,,,,,,,,,,,,,,,,,,,24,,,,,,,,,,,,,,,,,,,,,,,,,,,,,,,,,,,,,,,,,,,,,,,,,,,,,,,,,,,,,,,,,,,,,,,,,,,,,,,,,,,13,,,,,,,,,,,,,,,,,,,,,,,,,,,,,,,,,,,,,,,,,,,,,,,,,,,,,,,,,,,,,,,,,
,,9,,,,,,,,3850,,,,,,,,330,,,,,,,,,,,,,,,,,,,,,,,,,,,,,,,,,,,,,,,,,,,,,,24,,,,,,,,,,,,,,,,,,,,,,,,,,,,,,,,,,,,,,,,,,,,,,,,,,,,,,,,,,,,,,,,,,,,,,,,,,,,,,,,,,,14,,,,,,,,,,,,,,,,,,,,,,,,,,,,,,,,,,,,,,,,,,,,,,,,,,,,,,,,,,,,,,,,,
,,10,,,,,,,,4250,,,,,,,,360,,,,,,,,,,,,,,,,,,,,,,,,,,,,,,,,,,,,,,,,,,,,,,24,,,,,,,,,,,,,,,,,,,,,,,,,,,,,,,,,,,,,,,,,,,,,,,,,,,,,,,,,,,,,,,,,,,,,,,,,,,,,,,,,,,15,,,,,,,,,,,,,,,,,,,,,,,,,,,,,,,,,,,,,,,,,,,,,,,,,,,,,,,,,,,,,,,,,
,,11,,,,,,,,4650,,,,,,,,390,,,,,,,,,,,,,,,,,,,,,,,,,,,,,,,,,,,,,,,,,,,,,,24,,,,,,,,,,,,,,,,,,,,,,,,,,,,,,,,,,,,,,,,,,,,,,,,,,,,,,,,,,,,,,,,,,,,,,,,,,,,,,,,,,,16,,,,,,,,,,,,,,,,,,,,,,,,,,,,,,,,,,,,,,,,,,,,,,,,,,,,,,,,,,,,,,,,,
,,12,,,,,,,,5050,,,,,,,,420,,,,,,,,,,,,,,,,,,,,,,,,,,,,,,,,,,,,,,,,,,,,,,24,,,,,,,,,,,,,,,,,,,,,,,,,,,,,,,,,,,,,,,,,,,,,,,,,,,,,,,,,,,,,,,,,,,,,,,,,,,,,,,,,,,17,,,,,,,,,,,,,,,,,,,,,,,,,,,,,,,,,,,,,,,,,,,,,,,,,,,,,,,,,,,,,,,,,
,,13,,,,,,,,5500,,,,,,,,450,,,,,,,,,,,,,,,,,,,,,,,,,,,,,,,,,,,,,,,,,,,,,,24,,,,,,,,,,,,,,,,,,,,,,,,,,,,,,,,,,,,,,,,,,,,,,,,,,,,,,,,,,,,,,,,,,,,,,,,,,,,,,,,,,,18,,,,,,,,,,,,,,,,,,,,,,,,,,,,,,,,,,,,,,,,,,,,,,,,,,,,,,,,,,,,,,,,,
"Witch Spirit",4000126,1,,"TID_CHARACTER_COURIERSPAWN","TID_CHARACTER_INFO_COURIERSPAWN",1,,,500,330,,,,,200,1000,,10,4,80,,,,,"unit_broom_witch_spirit._big","sc/info_broom_witch.sc",,"Witch_spirit_Jump1",,,"Defense",,"Courier_Spirit_Deploy",,,,"Courier Spirit Hit",,"FALSE","TRUE","TRUE",,1,,,"MajoSpirit",,"TRUE",,,0,,,,,,,,"TRUE",,,,"TRUE",,,,,,,,,,,,,,,,,,,,,,,,,,,,,,,,,,,,,,,,,,,,,,,-50,,,,,,,,,,50,50,500,"FALSE",,,,,,,,,,,,,,,,,,,,,,,,,,,,,,,,,,,,,,,,,,,"TRUE",,50,,,,,,,,,,,,,0,,,,,,,,,,,,,,,,,,"SecondaryTroopDefense",,,,,,,,,,,,,
,,2,,,,,,,,360,,,,,,,,14,,,,,,,,,,,,,,,,,,,,,,,,,,,,,,,,,,,,,,,,,,,,,,,,,,,,,,,,,,,,,,,,,,,,,,,,,,,,,,,,,,,,,,,,,,,,,,,,,,,,,,,,,,,,,,,,,,,,,,,,,,,,,,,,,,,,,,,,,,,,,,,,,,,,,,,,,,,,,,,,,,,,,,,,,,,,,,,,,,,,,,,,,,,,,,,,,,
,,3,,,,,,,,390,,,,,,,,18,,,,,,,,,,,,,,,,,,,,,,,,,,,,,,,,,,,,,,,,,,,,,,,,,,,,,,,,,,,,,,,,,,,,,,,,,,,,,,,,,,,,,,,,,,,,,,,,,,,,,,,,,,,,,,,,,,,,,,,,,,,,,,,,,,,,,,,,,,,,,,,,,,,,,,,,,,,,,,,,,,,,,,,,,,,,,,,,,,,,,,,,,,,,,,,,,,
,,4,,,,,,,,420,,,,,,,,23,,,,,,,,,,,,,,,,,,,,,,,,,,,,,,,,,,,,,,,,,,,,,,,,,,,,,,,,,,,,,,,,,,,,,,,,,,,,,,,,,,,,,,,,,,,,,,,,,,,,,,,,,,,,,,,,,,,,,,,,,,,,,,,,,,,,,,,,,,,,,,,,,,,,,,,,,,,,,,,,,,,,,,,,,,,,,,,,,,,,,,,,,,,,,,,,,,
,,5,,,,,,,,450,,,,,,,,28,,,,,,,,,,,,,,,,,,,,,,,,,,,,,,,,,,,,,,,,,,,,,,,,,,,,,,,,,,,,,,,,,,,,,,,,,,,,,,,,,,,,,,,,,,,,,,,,,,,,,,,,,,,,,,,,,,,,,,,,,,,,,,,,,,,,,,,,,,,,,,,,,,,,,,,,,,,,,,,,,,,,,,,,,,,,,,,,,,,,,,,,,,,,,,,,,,
,,6,,,,,,,,480,,,,,,,,33,,,,,,,,,,,,,,,,,,,,,,,,,,,,,,,,,,,,,,,,,,,,,,,,,,,,,,,,,,,,,,,,,,,,,,,,,,,,,,,,,,,,,,,,,,,,,,,,,,,,,,,,,,,,,,,,,,,,,,,,,,,,,,,,,,,,,,,,,,,,,,,,,,,,,,,,,,,,,,,,,,,,,,,,,,,,,,,,,,,,,,,,,,,,,,,,,,
,,7,,,,,,,,510,,,,,,,,38,,,,,,,,,,,,,,,,,,,,,,,,,,,,,,,,,,,,,,,,,,,,,,,,,,,,,,,,,,,,,,,,,,,,,,,,,,,,,,,,,,,,,,,,,,,,,,,,,,,,,,,,,,,,,,,,,,,,,,,,,,,,,,,,,,,,,,,,,,,,,,,,,,,,,,,,,,,,,,,,,,,,,,,,,,,,,,,,,,,,,,,,,,,,,,,,,,
,,8,,,,,,,,540,,,,,,,,43,,,,,,,,,,,,,,,,,,,,,,,,,,,,,,,,,,,,,,,,,,,,,,,,,,,,,,,,,,,,,,,,,,,,,,,,,,,,,,,,,,,,,,,,,,,,,,,,,,,,,,,,,,,,,,,,,,,,,,,,,,,,,,,,,,,,,,,,,,,,,,,,,,,,,,,,,,,,,,,,,,,,,,,,,,,,,,,,,,,,,,,,,,,,,,,,,,
,,9,,,,,,,,570,,,,,,,,48,,,,,,,,,,,,,,,,,,,,,,,,,,,,,,,,,,,,,,,,,,,,,,,,,,,,,,,,,,,,,,,,,,,,,,,,,,,,,,,,,,,,,,,,,,,,,,,,,,,,,,,,,,,,,,,,,,,,,,,,,,,,,,,,,,,,,,,,,,,,,,,,,,,,,,,,,,,,,,,,,,,,,,,,,,,,,,,,,,,,,,,,,,,,,,,,,,
,,10,,,,,,,,600,,,,,,,,53,,,,,,,,,,,,,,,,,,,,,,,,,,,,,,,,,,,,,,,,,,,,,,,,,,,,,,,,,,,,,,,,,,,,,,,,,,,,,,,,,,,,,,,,,,,,,,,,,,,,,,,,,,,,,,,,,,,,,,,,,,,,,,,,,,,,,,,,,,,,,,,,,,,,,,,,,,,,,,,,,,,,,,,,,,,,,,,,,,,,,,,,,,,,,,,,,,
,,11,,,,,,,,630,,,,,,,,58,,,,,,,,,,,,,,,,,,,,,,,,,,,,,,,,,,,,,,,,,,,,,,,,,,,,,,,,,,,,,,,,,,,,,,,,,,,,,,,,,,,,,,,,,,,,,,,,,,,,,,,,,,,,,,,,,,,,,,,,,,,,,,,,,,,,,,,,,,,,,,,,,,,,,,,,,,,,,,,,,,,,,,,,,,,,,,,,,,,,,,,,,,,,,,,,,,
,,12,,,,,,,,660,,,,,,,,63,,,,,,,,,,,,,,,,,,,,,,,,,,,,,,,,,,,,,,,,,,,,,,,,,,,,,,,,,,,,,,,,,,,,,,,,,,,,,,,,,,,,,,,,,,,,,,,,,,,,,,,,,,,,,,,,,,,,,,,,,,,,,,,,,,,,,,,,,,,,,,,,,,,,,,,,,,,,,,,,,,,,,,,,,,,,,,,,,,,,,,,,,,,,,,,,,,
,,13,,,,,,,,700,,,,,,,,70,,,,,,,,,,,,,,,,,,,,,,,,,,,,,,,,,,,,,,,,,,,,,,,,,,,,,,,,,,,,,,,,,,,,,,,,,,,,,,,,,,,,,,,,,,,,,,,,,,,,,,,,,,,,,,,,,,,,,,,,,,,,,,,,,,,,,,,,,,,,,,,,,,,,,,,,,,,,,,,,,,,,,,,,,,,,,,,,,,,,,,,,,,,,,,,,,,
"Ice Minion",4000130,1,,"TID_ICEMINION","TID_CHARACTER_INFO_ICEMINION",4,1,1,300,264,,,"Elixir",,150,1000,,63,1,,,,"sc/ui.sc","icon_unit_ice_minion","unit_ice_minion_big","sc/info_ice_minion.sc",,"ice_minion_projectile",,,"Defense",,"IceMinion Deploy",,"IceMinion Attack",,"IceWizard Hit1",,"TRUE","TRUE","TRUE",,,"IceMinion Die",,"ice_minion","Barracks","FALSE",,,100,"SourTombStone",,,,,,,,,,,,,,,,,,,,,,,,,,,,,,,,,,,,,,,,,,,,,,,,,,,,,,,,,,60,,,,,,,,,,150,100,,"TRUE",,,,,,,,,,,,,,,,,"TRUE",,"TRUE",,,,,6,6,,,,,,,,,,,,,,,,2000,50,,,,,,,,,,,,,,,,,,,,"IceMinionOnDeath","1",,,,,,,,,,,,,"TroopIceMinionLVL1-2",,,,,,,,,,,,,
,,2,,,,,,,,286,,,,,,,,68,,,,,,,,,,,,,,,,,,,,,,,,,,,,,,,,,,,,,,,,,,,,,,,,,,,,,,,,,,,,,,,,,,,,,,,,,,,,,,,,,,,,,,,,,,,,,,,,,,,,,,,,,,,,,,,,,,,,,,,,,,,,,,,,,7,,,,,,,,,,,,,,,,,,,,,,,,,,,,,,,,,,,,,,,"1",,,,,,,,,,,,,,,,,,,,,,,,,,
,,3,,,,,,,,308,,,,,,,,73,,,,,,,,,,,,,,,,,,,,,,,,,,,,,,,,,,,,,,,,,,,,,,,,,,,,,,,,,,,,,,,,,,,,,,,,,,,,,,,,,,,,,,,,,,,,,,,,,,,,,,,,,,,,,,,,,,,,,,,,,,,,,,,,,8,,,,,,,,,,,,,,,,,,,,,,,,,,,,,,,,,,,,,,,"1",,,,,,,,,,,,,"TroopIceMinionLVL3-5",,,,,,,,,,,,,
,,4,,,,,,,,330,,,,,,,,78,,,,,,,,,,,,,,,,,,,,,,,,,,,,,,,,,,,,,,,,,,,,,,,,,,,,,,,,,,,,,,,,,,,,,,,,,,,,,,,,,,,,,,,,,,,,,,,,,,,,,,,,,,,,,,,,,,,,,,,,,,,,,,,,,9,,,,,,,,,,,,,,,,,,,,,,,,,,,,,,,,,,,,,,,"1",,,,,,,,,,,,,,,,,,,,,,,,,,
,,5,,,,,,,,352,,,,,,,,83,,,,,,,,,,,,,,,,,,,,,,,,,,,,,,,,,,,,,,,,,,,,,,,,,,,,,,,,,,,,,,,,,,,,,,,,,,,,,,,,,,,,,,,,,,,,,,,,,,,,,,,,,,,,,,,,,,,,,,,,,,,,,,,,,10,,,,,,,,,,,,,,,,,,,,,,,,,,,,,,,,,,,,,,,"1",,,,,,,,,,,,,,,,,,,,,,,,,,
,,6,,,,,,,,374,,,,,,,,89,,,,,,,,,,,,,,,,,,,,,,,,,,,,,,,,,,,,,,,,,,,,,,,,,,,,,,,,,,,,,,,,,,,,,,,,,,,,,,,,,,,,,,,,,,,,,,,,,,,,,,,,,,,,,,,,,,,,,,,,,,,,,,,,,11,,,,,,,,,,,,,,,,,,,,,,,,,,,,,,,,,,,,,,,"2",,,,,,,,,,,,,"TroopIceMinionLVL6-11",,,,,,,,,,,,,
,,7,,,,,,,,396,,,,,,,,96,,,,,,,,,,,,,,,,,,,,,,,,,,,,,,,,,,,,,,,,,,,,,,,,,,,,,,,,,,,,,,,,,,,,,,,,,,,,,,,,,,,,,,,,,,,,,,,,,,,,,,,,,,,,,,,,,,,,,,,,,,,,,,,,,12,,,,,,,,,,,,,,,,,,,,,,,,,,,,,,,,,,,,,,,"2",,,,,,,,,,,,,,,,,,,,,,,,,,
,,8,,,,,,,,418,,,,,,,,102,,,,,,,,,,,,,,,,,,,,,,,,,,,,,,,,,,,,,,,,,,,,,,,,,,,,,,,,,,,,,,,,,,,,,,,,,,,,,,,,,,,,,,,,,,,,,,,,,,,,,,,,,,,,,,,,,,,,,,,,,,,,,,,,,13,,,,,,,,,,,,,,,,,,,,,,,,,,,,,,,,,,,,,,,"2",,,,,,,,,,,,,,,,,,,,,,,,,,
,,9,,,,,,,,440,,,,,,,,109,,,,,,,,,,,,,,,,,,,,,,,,,,,,,,,,,,,,,,,,,,,,,,,,,,,,,,,,,,,,,,,,,,,,,,,,,,,,,,,,,,,,,,,,,,,,,,,,,,,,,,,,,,,,,,,,,,,,,,,,,,,,,,,,,14,,,,,,,,,,,,,,,,,,,,,,,,,,,,,,,,,,,,,,,"2",,,,,,,,,,,,,,,,,,,,,,,,,,
,,10,,,,,,,,462,,,,,,,,116,,,,,,,,,,,,,,,,,,,,,,,,,,,,,,,,,,,,,,,,,,,,,,,,,,,,,,,,,,,,,,,,,,,,,,,,,,,,,,,,,,,,,,,,,,,,,,,,,,,,,,,,,,,,,,,,,,,,,,,,,,,,,,,,,15,,,,,,,,,,,,,,,,,,,,,,,,,,,,,,,,,,,,,,,"2",,,,,,,,,,,,,,,,,,,,,,,,,,
,,11,,,,,,,,484,,,,,,,,122,,,,,,,,,,,,,,,,,,,,,,,,,,,,,,,,,,,,,,,,,,,,,,,,,,,,,,,,,,,,,,,,,,,,,,,,,,,,,,,,,,,,,,,,,,,,,,,,,,,,,,,,,,,,,,,,,,,,,,,,,,,,,,,,,16,,,,,,,,,,,,,,,,,,,,,,,,,,,,,,,,,,,,,,,"2",,,,,,,,,,,,,,,,,,,,,,,,,,
,,12,,,,,,,,506,,,,,,,,129,,,,,,,,,,,,,,,,,,,,,,,,,,,,,,,,,,,,,,,,,,,,,,,,,,,,,,,,,,,,,,,,,,,,,,,,,,,,,,,,,,,,,,,,,,,,,,,,,,,,,,,,,,,,,,,,,,,,,,,,,,,,,,,,,17,,,,,,,,,,,,,,,,,,,,,,,,,,,,,,,,,,,,,,,"2",,,,,,,,,,,,,,,,,,,,,,,,,,
,,13,,,,,,,,528,,,,,,,,135,,,,,,,,,,,,,,,,,,,,,,,,,,,,,,,,,,,,,,,,,,,,,,,,,,,,,,,,,,,,,,,,,,,,,,,,,,,,,,,,,,,,,,,,,,,,,,,,,,,,,,,,,,,,,,,,,,,,,,,,,,,,,,,,,18,,,,,,,,,,,,,,,,,,,,,,,,,,,,,,,,,,,,,,,"2",,,,,,,,,,,,,,,,,,,,,,,,,,
"Tax Collector",4000136,1,,"TID_TAX_COLLECTOR","TID_CHARACTER_INFO_TAX_COLLECTOR",4,0,1,200,110,,,"Elixir",,40,1200,,45,4,,,,"sc/ui.sc","icon_unit_goblin_tax_collector","unit_goblin_tax_collector_big","sc/info_goblin_tax_collector.sc",,,,,"Resource",,"Goblin_TaxCollector_Deploy",,"Goblin Attack",,"Goblin Hit",,"FALSE","FALSE","TRUE",,,"Goblin_TaxCollector_Die",,"Tax Collector","Barracks","FALSE",,,0,"TombStone",,,,,,,,,,,,,,,,,,,,,,,,,,,,,,,,,,,,,,,,,,,,,,,,,,,,,,,,,,-50,,,,,,,,,,50,50,,"TRUE",,,,,,,,,,,,,,,,,"TRUE",,"TRUE",,,,,6,6,,,,,,,,,,,,,,,,,,,,,,,,,,,,,,,,,,,,,"LootPercentageIncreaseAbility","1",,,,,,,,,,,,,"TroopDebtCollector",,,,,,,,,,,,,
,,2,,,,,,,,135,,,,,,,,50,,,,,,,,,,,,,,,,,,,,,,,,,,,,,,,,,,,,,,,,,,,,,,,,,,,,,,,,,,,,,,,,,,,,,,,,,,,,,,,,,,,,,,,,,,,,,,,,,,,,,,,,,,,,,,,,,,,,,,,,,,,,,,,,,7,,,,,,,,,,,,,,,,,,,,,,,,,,,,,,,,,,,,,,,,,,,,,,,,,,,,,,,,,,,,,,,,,
,,3,,,,,,,,160,,,,,,,,55,,,,,,,,,,,,,,,,,,,,,,,,,,,,,,,,,,,,,,,,,,,,,,,,,,,,,,,,,,,,,,,,,,,,,,,,,,,,,,,,,,,,,,,,,,,,,,,,,,,,,,,,,,,,,,,,,,,,,,,,,,,,,,,,,8,,,,,,,,,,,,,,,,,,,,,,,,,,,,,,,,,,,,,,,,,,,,,,,,,,,,,,,,,,,,,,,,,
,,4,,,,,,,,185,,,,,,,,60,,,,,,,,,,,,,,,,,,,,,,,,,,,,,,,,,,,,,,,,,,,,,,,,,,,,,,,,,,,,,,,,,,,,,,,,,,,,,,,,,,,,,,,,,,,,,,,,,,,,,,,,,,,,,,,,,,,,,,,,,,,,,,,,,9,,,,,,,,,,,,,,,,,,,,,,,,,,,,,,,,,,,,,,,,,,,,,,,,,,,,,,,,,,,,,,,,,
,,5,,,,,,,,210,,,,,,,,65,,,,,,,,,,,,,,,,,,,,,,,,,,,,,,,,,,,,,,,,,,,,,,,,,,,,,,,,,,,,,,,,,,,,,,,,,,,,,,,,,,,,,,,,,,,,,,,,,,,,,,,,,,,,,,,,,,,,,,,,,,,,,,,,,10,,,,,,,,,,,,,,,,,,,,,,,,,,,,,,,,,,,,,,,,,,,,,,,,,,,,,,,,,,,,,,,,,
,,6,,,,,,,,235,,,,,,,,70,,,,,,,,,,,,,,,,,,,,,,,,,,,,,,,,,,,,,,,,,,,,,,,,,,,,,,,,,,,,,,,,,,,,,,,,,,,,,,,,,,,,,,,,,,,,,,,,,,,,,,,,,,,,,,,,,,,,,,,,,,,,,,,,,11,,,,,,,,,,,,,,,,,,,,,,,,,,,,,,,,,,,,,,,,,,,,,,,,,,,,,,,,,,,,,,,,,
,,7,,,,,,,,265,,,,,,,,75,,,,,,,,,,,,,,,,,,,,,,,,,,,,,,,,,,,,,,,,,,,,,,,,,,,,,,,,,,,,,,,,,,,,,,,,,,,,,,,,,,,,,,,,,,,,,,,,,,,,,,,,,,,,,,,,,,,,,,,,,,,,,,,,,12,,,,,,,,,,,,,,,,,,,,,,,,,,,,,,,,,,,,,,,,,,,,,,,,,,,,,,,,,,,,,,,,,
,,8,,,,,,,,295,,,,,,,,80,,,,,,,,,,,,,,,,,,,,,,,,,,,,,,,,,,,,,,,,,,,,,,,,,,,,,,,,,,,,,,,,,,,,,,,,,,,,,,,,,,,,,,,,,,,,,,,,,,,,,,,,,,,,,,,,,,,,,,,,,,,,,,,,,13,,,,,,,,,,,,,,,,,,,,,,,,,,,,,,,,,,,,,,,,,,,,,,,,,,,,,,,,,,,,,,,,,
,,9,,,,,,,,325,,,,,,,,85,,,,,,,,,,,,,,,,,,,,,,,,,,,,,,,,,,,,,,,,,,,,,,,,,,,,,,,,,,,,,,,,,,,,,,,,,,,,,,,,,,,,,,,,,,,,,,,,,,,,,,,,,,,,,,,,,,,,,,,,,,,,,,,,,14,,,,,,,,,,,,,,,,,,,,,,,,,,,,,,,,,,,,,,,,,,,,,,,,,,,,,,,,,,,,,,,,,
,,10,,,,,,,,360,,,,,,,,90,,,,,,,,,,,,,,,,,,,,,,,,,,,,,,,,,,,,,,,,,,,,,,,,,,,,,,,,,,,,,,,,,,,,,,,,,,,,,,,,,,,,,,,,,,,,,,,,,,,,,,,,,,,,,,,,,,,,,,,,,,,,,,,,,15,,,,,,,,,,,,,,,,,,,,,,,,,,,,,,,,,,,,,,,,,,,,,,,,,,,,,,,,,,,,,,,,,
,,11,,,,,,,,395,,,,,,,,95,,,,,,,,,,,,,,,,,,,,,,,,,,,,,,,,,,,,,,,,,,,,,,,,,,,,,,,,,,,,,,,,,,,,,,,,,,,,,,,,,,,,,,,,,,,,,,,,,,,,,,,,,,,,,,,,,,,,,,,,,,,,,,,,,16,,,,,,,,,,,,,,,,,,,,,,,,,,,,,,,,,,,,,,,,,,,,,,,,,,,,,,,,,,,,,,,,,
,,12,,,,,,,,430,,,,,,,,100,,,,,,,,,,,,,,,,,,,,,,,,,,,,,,,,,,,,,,,,,,,,,,,,,,,,,,,,,,,,,,,,,,,,,,,,,,,,,,,,,,,,,,,,,,,,,,,,,,,,,,,,,,,,,,,,,,,,,,,,,,,,,,,,,17,,,,,,,,,,,,,,,,,,,,,,,,,,,,,,,,,,,,,,,,,,,,,,,,,,,,,,,,,,,,,,,,,
,,13,,,,,,,,470,,,,,,,,105,,,,,,,,,,,,,,,,,,,,,,,,,,,,,,,,,,,,,,,,,,,,,,,,,,,,,,,,,,,,,,,,,,,,,,,,,,,,,,,,,,,,,,,,,,,,,,,,,,,,,,,,,,,,,,,,,,,,,,,,,,,,,,,,,18,,,,,,,,,,,,,,,,,,,,,,,,,,,,,,,,,,,,,,,,,,,,,,,,,,,,,,,,,,,,,,,,,
"Snake Barrel",4000142,1,,"TID_CHARACTER_SNAKE_BARREL","TID_CHARACTER_INFO_SNAKE_BARREL",8,1,1,300,240,,,"Elixir",,0,1000,,26,1,120,,"TRUE","sc/ui.sc","icon_unit_lny_snake_barrel","unit_lny_snake_barrel_big","sc/info_snake_barrel.sc",,,,,"Defense",,"Troop_SnakeBarrel_Deploy",,"Balloon Goblin Attack",,"Balloon Goblin Hit",,"TRUE","FALSE","TRUE",,1,"Troop_SnakeBarrel_Destroy",,"LNYSnakeBarrel","Barracks","FALSE",,,20,"TombStone",,,,,,,,,"Snake",,,8,150,,"TRUE",,,,,,,,,,,,,,,,,,,,,,,,,,,,,,,,,,,,,,,,,,,80,,,,,,,,,,600,500,2250,"TRUE",,,,,,,,,,,,,,,,,"TRUE",,"TRUE",,,,,6,6,,,,,,,,,,,,,,,,,,,,,,,,,,,,,,,,,0,,,,,,,,,,,,,,,,,,"TroopDefenseAir",,,,,,,,,,,,,
,,2,,,,,,,,310,,,,,,,,32,,,,,,,,,,,,,,,,,,,,,,,,,,,,,,,,,,,,,,,,,,,,,,9,,,,,,,,,,,,,,,,,,,,,,,,,,,,,,,,,,,,,,,,,,,,,,,,,,,,,,,,,,,,,,,,,,,,,,,,,,,,,,,,,,,7,,,,,,,,,,,,,,,,,,,,,,,,,,,,,,,,,,,,,,,,,,,,,,,,,,,,,,,,,,,,,,,,,
,,3,,,,,,,,380,,,,,,,,39,,,,,,,,,,,,,,,,,,,,,,,,,,,,,,,,,,,,,,,,,,,,,,10,,,,,,,,,,,,,,,,,,,,,,,,,,,,,,,,,,,,,,,,,,,,,,,,,,,,,,,,,,,,,,,,,,,,,,,,,,,,,,,,,,,8,,,,,,,,,,,,,,,,,,,,,,,,,,,,,,,,,,,,,,,,,,,,,,,,,,,,,,,,,,,,,,,,,
,,4,,,,,,,,455,,,,,,,,46,,,,,,,,,,,,,,,,,,,,,,,,,,,,,,,,,,,,,,,,,,,,,,11,,,,,,,,,,,,,,,,,,,,,,,,,,,,,,,,,,,,,,,,,,,,,,,,,,,,,,,,,,,,,,,,,,,,,,,,,,,,,,,,,,,9,,,,,,,,,,,,,,,,,,,,,,,,,,,,,,,,,,,,,,,,,,,,,,,,,,,,,,,,,,,,,,,,,
,,5,,,,,,,,525,,,,,,,,52,,,,,,,,,,,,,,,,,,,,,,,,,,,,,,,,,,,,,,,,,,,,,,12,,,,,,,,,,,,,,,,,,,,,,,,,,,,,,,,,,,,,,,,,,,,,,,,,,,,,,,,,,,,,,,,,,,,,,,,,,,,,,,,,,,10,,,,,,,,,,,,,,,,,,,,,,,,,,,,,,,,,,,,,,,,,,,,,,,,,,,,,,,,,,,,,,,,,
,,6,,,,,,,,600,,,,,,,,60,,,,,,,,,,,,,,,,,,,,,,,,,,,,,,,,,,,,,,,,,,,,,,13,,,,,,,,,,,,,,,,,,,,,,,,,,,,,,,,,,,,,,,,,,,,,,,,,,,,,,,,,,,,,,,,,,,,,,,,,,,,,,,,,,,11,,,,,,,,,,,,,,,,,,,,,,,,,,,,,,,,,,,,,,,,,,,,,,,,,,,,,,,,,,,,,,,,,
,,7,,,,,,,,690,,,,,,,,68,,,,,,,,,,,,,,,,,,,,,,,,,,,,,,,,,,,,,,,,,,,,,,14,,,,,,,,,,,,,,,,,,,,,,,,,,,,,,,,,,,,,,,,,,,,,,,,,,,,,,,,,,,,,,,,,,,,,,,,,,,,,,,,,,,12,,,,,,,,,,,,,,,,,,,,,,,,,,,,,,,,,,,,,,,,,,,,,,,,,,,,,,,,,,,,,,,,,
,,8,,,,,,,,780,,,,,,,,75,,,,,,,,,,,,,,,,,,,,,,,,,,,,,,,,,,,,,,,,,,,,,,15,,,,,,,,,,,,,,,,,,,,,,,,,,,,,,,,,,,,,,,,,,,,,,,,,,,,,,,,,,,,,,,,,,,,,,,,,,,,,,,,,,,13,,,,,,,,,,,,,,,,,,,,,,,,,,,,,,,,,,,,,,,,,,,,,,,,,,,,,,,,,,,,,,,,,
,,9,,,,,,,,870,,,,,,,,83,,,,,,,,,,,,,,,,,,,,,,,,,,,,,,,,,,,,,,,,,,,,,,16,,,,,,,,,,,,,,,,,,,,,,,,,,,,,,,,,,,,,,,,,,,,,,,,,,,,,,,,,,,,,,,,,,,,,,,,,,,,,,,,,,,14,,,,,,,,,,,,,,,,,,,,,,,,,,,,,,,,,,,,,,,,,,,,,,,,,,,,,,,,,,,,,,,,,
,,10,,,,,,,,960,,,,,,,,91,,,,,,,,,,,,,,,,,,,,,,,,,,,,,,,,,,,,,,,,,,,,,,17,,,,,,,,,,,,,,,,,,,,,,,,,,,,,,,,,,,,,,,,,,,,,,,,,,,,,,,,,,,,,,,,,,,,,,,,,,,,,,,,,,,15,,,,,,,,,,,,,,,,,,,,,,,,,,,,,,,,,,,,,,,,,,,,,,,,,,,,,,,,,,,,,,,,,
,,11,,,,,,,,1020,,,,,,,,98,,,,,,,,,,,,,,,,,,,,,,,,,,,,,,,,,,,,,,,,,,,,,,18,,,,,,,,,,,,,,,,,,,,,,,,,,,,,,,,,,,,,,,,,,,,,,,,,,,,,,,,,,,,,,,,,,,,,,,,,,,,,,,,,,,16,,,,,,,,,,,,,,,,,,,,,,,,,,,,,,,,,,,,,,,,,,,,,,,,,,,,,,,,,,,,,,,,,
,,12,,,,,,,,1090,,,,,,,,105,,,,,,,,,,,,,,,,,,,,,,,,,,,,,,,,,,,,,,,,,,,,,,20,,,,,,,,,,,,,,,,,,,,,,,,,,,,,,,,,,,,,,,,,,,,,,,,,,,,,,,,,,,,,,,,,,,,,,,,,,,,,,,,,,,17,,,,,,,,,,,,,,,,,,,,,,,,,,,,,,,,,,,,,,,,,,,,,,,,,,,,,,,,,,,,,,,,,
,,13,,,,,,,,1160,,,,,,,,112,,,,,,,,,,,,,,,,,,,,,,,,,,,,,,,,,,,,,,,,,,,,,,22,,,,,,,,,,,,,,,,,,,,,,,,,,,,,,,,,,,,,,,,,,,,,,,,,,,,,,,,,,,,,,,,,,,,,,,,,,,,,,,,,,,18,,,,,,,,,,,,,,,,,,,,,,,,,,,,,,,,,,,,,,,,,,,,,,,,,,,,,,,,,,,,,,,,,
"Snake",4000143,1,,"TID_SNAKE","TID_CHARACTER_INFO_SNAKE",1,1,1,300,200,,,,,40,1000,,50,1,,,,,,"unit_lny_snakes_big","sc/info_snake_barrel.sc",,,,,,,"Snake Deploy",,"Troop_BarrelSnake_Attack",,"Snake Hit",,"FALSE","FALSE","TRUE",,,"Troop_BarrelSnake_Die",,"LNYSnakeTroop",,"TRUE",,,0,,,,,,,,"TRUE",,,,"TRUE",,,,,,,,,,,,,,,,,,,,,,500,,,,,,,,,,,,,,,,,,,,,,,,,-50,,,,,,,,,,50,100,,"TRUE",,,,,,,,,,,,,,,,,,,,,,,,,,,,,,,,,,,,,,,,,,,"TRUE",,,,,,,,,,,,,,,,,,,,,,,,,,,,,,,,,"SecondaryTroop",,,,,,,,,,,,,
"Giant Giant",4000156,1,,"TID_CHARACTER_APRIL25GTG","TID_CHARACTER_INFO_APRIL25GTG",50,0,1,165,800,,,"Elixir",,100,2000,,115,1,150,,,"sc/ui.sc","icon_unit_april25_giant","unit_april25_giant_big","sc/info_april25_giant.sc",,,,,"Defense",,"GiantGiant Deploy",,"GiantGiant Attack",,"Giant Hit",,"FALSE","FALSE","TRUE",,,"GiantGiant Die",,"Giant Giant","Barracks","FALSE",,,0,"April25TombStone",,,,,,,,,,,,,,,,,,,,,,,,,,,,,,,,,,,,,,,,,,,,,,,,,,,,,,,,,,-50,,,,,,,,,,3825,3400,,"TRUE",,,,,,,,,,,,,,,,,"TRUE",,"TRUE",,,,,3,6,,,,,,,,,,,,,,"Wall",200,,,,,,,,,,,,,,,,,"TRUE",20,,,,"April25_GTG_DamageRage","1",,,,,,,,,,,,,"TroopGiantGiantLowTH",,,,,,,,,,,,,
,,2,,,,,,,,1600,,,,,,,,145,,,,,,,,,,,,,,,,,,,,,,,,,,,,,,,,,,,,,,,,,,,,,,,,,,,,,,,,,,,,,,,,,,,,,,,,,,,,,,,,,,,,,,,,,,,,,,,,,,,,,,,,,,,,,,,,,,,,,,,,,,,,,,,,,4,,,,,,,,,,,,,,,,,,,,,,,,,,,,,,,,,,,,,,,"2",,,,,,,,,,,,,,,,,,,,,,,,,,
,,3,,,,,,,,2400,,,,,,,,170,,,,,,,,,,,,,,,,,,,,,,,,,,,,,,,,,,,,,,,,,,,,,,,,,,,,,,,,,,,,,,,,,,,,,,,,,,,,,,,,,,,,,,,,,,,,,,,,,,,,,,,,,,,,,,,,,,,,,,,,,,,,,,,,,5,,,,,,,,,,,,,,,,,,,,,,,,,,,,,,,,,,,,,,,"3",,,,,,,,,,,,,,,,,,,,,,,,,,
,,4,,,,,,,,3200,,,,,,,,195,,,,,,,,,,,,,,,,,,,,,,,,,,,,,,,,,,,,,,,,,,,,,,,,,,,,,,,,,,,,,,,,,,,,,,,,,,,,,,,,,,,,,,,,,,,,,,,,,,,,,,,,,,,,,,,,,,,,,,,,,,,,,,,,,6,,,,,,,,,,,,,,,,,,,,,,,,,,,,,,,,,,,,,,,"4",,,,,,,,,,,,,"TroopGiantGiant",,,,,,,,,,,,,
,,5,,,,,,,,5000,,,,,,,,245,,,,,,,,,,,,,,,,,,,,,,,,,,,,,,,,,,,,,,,,,,,,,,,,,,,,,,,,,,,,,,,,,,,,,,,,,,,,,,,,,,,,,,,,,,,,,,,,,,,,,,,,,,,,,,,,,,,,,,,,,,,,,,,,,7,,,,,,,,,,,,,,,,,,,,,,,,,,,,,,,,,,,,,,,"5",,,,,,,,,,,,,,,,,,,,,,,,,,
,,6,,,,,,,,7200,,,,,,,,320,,,,,,,,,,,,,,,,,,,,,,,,,,,,,,,,,,,,,,,,,,,,,,,,,,,,,,,,,,,,,,,,,,,,,,,,,,,,,,,,,,,,,,,,,,,,,,,,,,,,,,,,,,,,,,,,,,,,,,,,,,,,,,,,,8,,,,,,,,,,,,,,,,,,,,,,,,,,,,,,,,,,,,,,,"6",,,,,,,,,,,,,,,,,,,,,,,,,,
,,7,,,,,,,,9300,,,,,,,,440,,,,,,,,,,,,,,,,,,,,,,,,,,,,,,,,,,,,,,,,,,,,,,,,,,,,,,,,,,,,,,,,,,,,,,,,,,,,,,,,,,,,,,,,,,,,,,,,,,,,,,,,,,,,,,,,,,,,,,,,,,,,,,,,,9,,,,,,,,,,,,,,,,,,,,,,,,,,,,,,,,,,,,,,,"7",,,,,,,,,,,,,,,,,,,,,,,,,,
,,8,,,,,,,,12800,,,,,,,,550,,,,,,,,,,,,,,,,,,,,,,,,,,,,,,,,,,,,,,,,,,,,,,,,,,,,,,,,,,,,,,,,,,,,,,,,,,,,,,,,,,,,,,,,,,,,,,,,,,,,,,,,,,,,,,,,,,,,,,,,,,,,,,,,,10,,,,,,,,,,,,,,,,,,,,,,,,,,,,,,,,,,,,,,,"8",,,,,,,,,,,,,,,,,,,,,,,,,,
,,9,,,,,,,,15200,,,,,,,,635,,,,,,,,,,,,,,,,,,,,,,,,,,,,,,,,,,,,,,,,,,,,,,,,,,,,,,,,,,,,,,,,,,,,,,,,,,,,,,,,,,,,,,,,,,,,,,,,,,,,,,,,,,,,,,,,,,,,,,,,,,,,,,,,,11,,,,,,,,,,,,,,,,,,,,,,,,,,,,,,,,,,,,,,,"9",,,,,,,,,,,,,,,,,,,,,,,,,,
,,10,,,,,,,,18500,,,,,,,,700,,,,,,,,,,,,,,,,,,,,,,,,,,,,,,,,,,,,,,,,,,,,,,,,,,,,,,,,,,,,,,,,,,,,,,,,,,,,,,,,,,,,,,,,,,,,,,,,,,,,,,,,,,,,,,,,,,,,,,,,,,,,,,,,,12,,,,,,,,,,,,,,,,,,,,,,,,,,,,,,,,,,,,,,,"10",,,,,,,,,,,,,,,,,,,,,,,,,,
,,11,,,,,,,,20500,,,,,,,,795,,,,,,,,,,,,,,,,,,,,,,,,,,,,,,,,,,,,,,,,,,,,,,,,,,,,,,,,,,,,,,,,,,,,,,,,,,,,,,,,,,,,,,,,,,,,,,,,,,,,,,,,,,,,,,,,,,,,,,,,,,,,,,,,,13,,,,,,,,,,,,,,,,,,,,,,,,,,,,,,,,,,,,,,,"11",,,,,,,,,,,,,,,,,,,,,,,,,,
,,12,,,,,,,,22000,,,,,,,,835,,,,,,,,,,,,,,,,,,,,,,,,,,,,,,,,,,,,,,,,,,,,,,,,,,,,,,,,,,,,,,,,,,,,,,,,,,,,,,,,,,,,,,,,,,,,,,,,,,,,,,,,,,,,,,,,,,,,,,,,,,,,,,,,,14,,,,,,,,,,,,,,,,,,,,,,,,,,,,,,,,,,,,,,,"12",,,,,,,,,,,,,,,,,,,,,,,,,,
,,13,,,,,,,,23000,,,,,,,,875,,,,,,,,,,,,,,,,,,,,,,,,,,,,,,,,,,,,,,,,,,,,,,,,,,,,,,,,,,,,,,,,,,,,,,,,,,,,,,,,,,,,,,,,,,,,,,,,,,,,,,,,,,,,,,,,,,,,,,,,,,,,,,,,,15,,,,,,,,,,,,,,,,,,,,,,,,,,,,,,,,,,,,,,,"13",,,,,,,,,,,,,,,,,,,,,,,,,,
,,14,,,,,,,,24500,,,,,,,,935,,,,,,,,,,,,,,,,,,,,,,,,,,,,,,,,,,,,,,,,,,,,,,,,,,,,,,,,,,,,,,,,,,,,,,,,,,,,,,,,,,,,,,,,,,,,,,,,,,,,,,,,,,,,,,,,,,,,,,,,,,,,,,,,,16,,,,,,,,,,,,,,,,,,,,,,,,,,,,,,,,,,,,,,,"14",,,,,,,,,,,,,,,,,,,,,,,,,,
,,15,,,,,,,,26000,,,,,,,,995,,,,,,,,,,,,,,,,,,,,,,,,,,,,,,,,,,,,,,,,,,,,,,,,,,,,,,,,,,,,,,,,,,,,,,,,,,,,,,,,,,,,,,,,,,,,,,,,,,,,,,,,,,,,,,,,,,,,,,,,,,,,,,,,,17,,,,,,,,,,,,,,,,,,,,,,,,,,,,,,,,,,,,,,,"15",,,,,,,,,,,,,,,,,,,,,,,,,,
,,16,,,,,,,,27500,,,,,,,,1060,,,,,,,,,,,,,,,,,,,,,,,,,,,,,,,,,,,,,,,,,,,,,,,,,,,,,,,,,,,,,,,,,,,,,,,,,,,,,,,,,,,,,,,,,,,,,,,,,,,,,,,,,,,,,,,,,,,,,,,,,,,,,,,,,18,,,,,,,,,,,,,,,,,,,,,,,,,,,,,,,,,,,,,,,"16",,,,,,,,,,,,,,,,,,,,,,,,,,
"KANE",4000157,1,,"TID_CHARACTER_APRIL25TBRM","TID_CHARACTER_INFO_APRIL25TBRM",75,0,1,200,1100,,,"Elixir",,150,2500,,200,1,150,,,"sc/ui.sc","icon_unit_april25_pekka","unit_april25_pekka_big","sc/info_april25_pekka.sc",2700,,,,,,"April25_TBRM_Deploy",,,,"Golem Hit",,"FALSE","TRUE","TRUE",,,"April25_TBRM_Die",,"KANE","Barracks","FALSE",,,0,,,,,,,,,,,,,,,,,,,,100,,24,,,,,,,,,,,,,,,,,,,,,,,,,,,,,,,,,,,,,-50,,,,,,,,,,6000,6000,,"TRUE",,,,,,,,,,,,,,,,,"TRUE",,"TRUE",,,,,3,6,,,,,,"Town Hall",,,,,,,,"Wall",1000,,,,,,,,,,,,,,,,,,20,"KANE",,,"April25_TBRM_Spawns;April25_TBRM_RingOfFire","1;1",,,,,,,,,,,,,"TroopKANELowTH",,"HitPoints;HousingSpace;DamagePerSecond;DamageType;TargetType;DamageMultiplierTarget;MovementSpeed;Range",,,,,,,,,,,
,,2,,,,,,,,1450,,,,,,,,240,,,,,,,,,,,,,,,,,,,,,,,,,,,,,,,,,,,,,,,,,,,,,,,,,,,,,,,,,,,,,,,,,,,,,,,,,,,,,,,,,,,,,,,,,,,,,,,,,,,,,,,,,,,,,,,,,,,,,,,,,,,,,,,,,4,,,,,,,,,,,,,,,,,,,,,,,,,,,,,,,,,,,,,,,"2;1",,,,,,,,,,,,,,,,,,,,,,,,,,
,,3,,,,,,,,1800,,,,,,,,270,,,,,,,,,,,,,,,,,,,,,,,,,,,,,,,,,,,,,,,,,,,,,,,,,,,,,,,,,,,,,,,,,,,,,,,,,,,,,,,,,,,,,,,,,,,,,,,,,,,,,,,,,,,,,,,,,,,,,,,,,,,,,,,,,5,,,,,,,,,,,,,,,,,,,,,,,,,,,,,,,,,,,,,,,"3;1",,,,,,,,,,,,,,,,,,,,,,,,,,
,,4,,,,,,,,2300,,,,,,,,300,,,,,,,,,,,,,,,,,,,,,,,,,,,,,,,,,,,,,,,,,,,,,,,,,,,,,,,,,,,,,,,,,,,,,,,,,,,,,,,,,,,,,,,,,,,,,,,,,,,,,,,,,,,,,,,,,,,,,,,,,,,,,,,,,6,,,,,,,,,,,,,,,,,,,,,,,,,,,,,,,,,,,,,,,"4;1",,,,,,,,,,,,,,,,,,,,,,,,,,
,,5,,,,,,,,2700,,,,,,,,330,,,,,,,,,,,,,,,,,,,,,,,,,,,,,,,,,,,,,,,,,,,,,,,,,,,,,,,,,,,,,,,,,,,,,,,,,,,,,,,,,,,,,,,,,,,,,,,,,,,,,,,,,,,,,,,,,,,,,,,,,,,,,,,,,7,,,,,,,,,,,,,,,,,,,,,,,,,,,,,,,,,,,,,,,"5;1",,,,,,,,,,,,,,,,,,,,,,,,,,
,,6,,,,,,,,3000,,,,,,,,360,,,,,,,,,,,,,,,,,,,,,,,,,,,,,,,,,,,,,,,,,,,,,,,,,,,,,,,,,,,,,,,,,,,,,,,,,,,,,,,,,,,,,,,,,,,,,,,,,,,,,,,,,,,,,,,,,,,,,,,,,,,,,,,,,8,,,,,,,,,,,,,,,,,,,,,,,,,,,,,,,,,,,,,,,"6;1",,,,,,,,,,,,,"TroopKANE",,,,,,,,,,,,,
,,7,,,,,,,,3300,,,,,,,,395,,,,,,,,,,,,,,,,,,,,,,,,,,,,,,,,,,,,,,,,,,,,,,,,,,,,,,,,,,,,,,,,,,,,,,,,,,,,,,,,,,,,,,,,,,,,,,,,,,,,,,,,,,,,,,,,,,,,,,,,,,,,,,,,,9,,,,,,,,,,,,,,,,,,,,,,,,,,,,,,,,,,,,,,,"7;1",,,,,,,,,,,,,,,,,,,,,,,,,,
,,8,,,,,,,,4500,,,,,,,,435,,,,,,,,,,,,,,,,,,,,,,,,,,,,,,,,,,,,,,,,,,,,,,,,,,,,,,,,,,,,,,,,,,,,,,,,,,,,,,,,,,,,,,,,,,,,,,,,,,,,,,,,,,,,,,,,,,,,,,,,,,,,,,,,,10,,,,,,,,,,,,,,,,,,,,,,,,,,,,,,,,,,,,,,,"8;1",,,,,,,,,,,,,,,,,,,,,,,,,,
,,9,,,,,,,,5200,,,,,,,,460,,,,,,,,,,,,,,,,,,,,,,,,,,,,,,,,,,,,,,,,,,,,,,,,,,,,,,,,,,,,,,,,,,,,,,,,,,,,,,,,,,,,,,,,,,,,,,,,,,,,,,,,,,,,,,,,,,,,,,,,,,,,,,,,,11,,,,,,,,,,,,,,,,,,,,,,,,,,,,,,,,,,,,,,,"9;1",,,,,,,,,,,,,,,,,,,,,,,,,,
,,10,,,,,,,,5600,,,,,,,,500,,,,,,,,,,,,,,,,,,,,,,,,,,,,,,,,,,,,,,,,,,,,,,,,,,,,,,,,,,,,,,,,,,,,,,,,,,,,,,,,,,,,,,,,,,,,,,,,,,,,,,,,,,,,,,,,,,,,,,,,,,,,,,,,,12,,,,,,,,,,,,,,,,,,,,,,,,,,,,,,,,,,,,,,,"10;1",,,,,,,,,,,,,,,,,,,,,,,,,,
,,11,,,,,,,,6000,,,,,,,,550,,,,,,,,,,,,,,,,,,,,,,,,,,,,,,,,,,,,,,,,,,,,,,,,,,,,,,,,,,,,,,,,,,,,,,,,,,,,,,,,,,,,,,,,,,,,,,,,,,,,,,,,,,,,,,,,,,,,,,,,,,,,,,,,,13,,,,,,,,,,,,,,,,,,,,,,,,,,,,,,,,,,,,,,,"11;1",,,,,,,,,,,,,,,,,,,,,,,,,,
,,12,,,,,,,,6600,,,,,,,,605,,,,,,,,,,,,,,,,,,,,,,,,,,,,,,,,,,,,,,,,,,,,,,,,,,,,,,,,,,,,,,,,,,,,,,,,,,,,,,,,,,,,,,,,,,,,,,,,,,,,,,,,,,,,,,,,,,,,,,,,,,,,,,,,,14,,,,,,,,,,,,,,,,,,,,,,,,,,,,,,,,,,,,,,,"12;1",,,,,,,,,,,,,,,,,,,,,,,,,,
,,13,,,,,,,,7300,,,,,,,,665,,,,,,,,,,,,,,,,,,,,,,,,,,,,,,,,,,,,,,,,,,,,,,,,,,,,,,,,,,,,,,,,,,,,,,,,,,,,,,,,,,,,,,,,,,,,,,,,,,,,,,,,,,,,,,,,,,,,,,,,,,,,,,,,,15,,,,,,,,,,,,,,,,,,,,,,,,,,,,,,,,,,,,,,,"13;1",,,,,,,,,,,,,,,,,,,,,,,,,,
,,14,,,,,,,,8100,,,,,,,,720,,,,,,,,,,,,,,,,,,,,,,,,,,,,,,,,,,,,,,,,,,,,,,,,,,,,,,,,,,,,,,,,,,,,,,,,,,,,,,,,,,,,,,,,,,,,,,,,,,,,,,,,,,,,,,,,,,,,,,,,,,,,,,,,,16,,,,,,,,,,,,,,,,,,,,,,,,,,,,,,,,,,,,,,,"14;1",,,,,,,,,,,,,,,,,,,,,,,,,,
,,15,,,,,,,,9000,,,,,,,,760,,,,,,,,,,,,,,,,,,,,,,,,,,,,,,,,,,,,,,,,,,,,,,,,,,,,,,,,,,,,,,,,,,,,,,,,,,,,,,,,,,,,,,,,,,,,,,,,,,,,,,,,,,,,,,,,,,,,,,,,,,,,,,,,,17,,,,,,,,,,,,,,,,,,,,,,,,,,,,,,,,,,,,,,,"15;1",,,,,,,,,,,,,,,,,,,,,,,,,,
,,16,,,,,,,,10000,,,,,,,,800,,,,,,,,,,,,,,,,,,,,,,,,,,,,,,,,,,,,,,,,,,,,,,,,,,,,,,,,,,,,,,,,,,,,,,,,,,,,,,,,,,,,,,,,,,,,,,,,,,,,,,,,,,,,,,,,,,,,,,,,,,,,,,,,,18,,,,,,,,,,,,,,,,,,,,,,,,,,,,,,,,,,,,,,,"16;1",,,,,,,,,,,,,,,,,,,,,,,,,,
"Reborn KANE",4000162,1,,"TID_CHARACTER_APRIL25TBRM","TID_CHARACTER_INFO_APRIL25TBRM",75,1,1,300,1100,,,"Elixir",,150,2500,,300,1,,,,"sc/ui.sc","icon_unit_april25_pekka","unit_april25_pekka_big","sc/info_april25_pekka.sc",,,,,,,"April25_TBRM_Deploy","ps_pekka_april25skin_Summon","RamRider Attack",,"Golem Hit",,"FALSE","TRUE","TRUE",,,"April25_TBRM_Die",,"Reborn KANE","Barracks","FALSE",,,0,"April25TombStone",,,,,,,"TRUE",,,,"TRUE",,,,,,,,100,,24,,,,,,,,,,,,,,,"April25_TBRM_Aura",1,,,,,,,,,,,,,,,,,,,,,-50,,,,,,,,,,6000,6000,,"TRUE",,,,,,,,,,,,,,,,,"TRUE",,,,,,,3,6,,,,,,,,,,,,,,"Wall",1000,,,,,,,,,,,,,,,,,"TRUE",20,"Reborn KANE",,,,,,,,,,,,,,,,,"TroopElectroTitan",,"HitPoints;DamagePerSecond;DamageType;TargetType;DamageMultiplierTarget;MovementSpeed;AuraDamagePerSecond;Range",,,,,,,,,,,
,,2,,,,,,,,1450,,,,,,,,360,,,,,,,,,,,,,,,,,,,,,,,,,,,,,,,,,,,,,,,,,,,,,,,,,,,,,,,,,,,,,,,,,,,,,,,2,,,,,,,,,,,,,,,,,,,,,,,,,,,,,,,,,,,,,,,,,,,,,,,,,,,,,,,,,,4,,,,,,,,,,,,,,,,,,,,,,,,,,,,,,,,,,,,,,,,,,,,,,,,,,,,,,,,,,,,,,,,,
,,3,,,,,,,,1800,,,,,,,,405,,,,,,,,,,,,,,,,,,,,,,,,,,,,,,,,,,,,,,,,,,,,,,,,,,,,,,,,,,,,,,,,,,,,,,,3,,,,,,,,,,,,,,,,,,,,,,,,,,,,,,,,,,,,,,,,,,,,,,,,,,,,,,,,,,5,,,,,,,,,,,,,,,,,,,,,,,,,,,,,,,,,,,,,,,,,,,,,,,,,,,,,,,,,,,,,,,,,
,,4,,,,,,,,2300,,,,,,,,450,,,,,,,,,,,,,,,,,,,,,,,,,,,,,,,,,,,,,,,,,,,,,,,,,,,,,,,,,,,,,,,,,,,,,,,4,,,,,,,,,,,,,,,,,,,,,,,,,,,,,,,,,,,,,,,,,,,,,,,,,,,,,,,,,,6,,,,,,,,,,,,,,,,,,,,,,,,,,,,,,,,,,,,,,,,,,,,,,,,,,,,,,,,,,,,,,,,,
,,5,,,,,,,,2700,,,,,,,,495,,,,,,,,,,,,,,,,,,,,,,,,,,,,,,,,,,,,,,,,,,,,,,,,,,,,,,,,,,,,,,,,,,,,,,,5,,,,,,,,,,,,,,,,,,,,,,,,,,,,,,,,,,,,,,,,,,,,,,,,,,,,,,,,,,7,,,,,,,,,,,,,,,,,,,,,,,,,,,,,,,,,,,,,,,,,,,,,,,,,,,,,,,,,,,,,,,,,
,,6,,,,,,,,3000,,,,,,,,540,,,,,,,,,,,,,,,,,,,,,,,,,,,,,,,,,,,,,,,,,,,,,,,,,,,,,,,,,,,,,,,,,,,,,,,6,,,,,,,,,,,,,,,,,,,,,,,,,,,,,,,,,,,,,,,,,,,,,,,,,,,,,,,,,,8,,,,,,,,,,,,,,,,,,,,,,,,,,,,,,,,,,,,,,,,,,,,,,,,,,,,,,,,,,,,,,,,,
,,7,,,,,,,,3300,,,,,,,,590,,,,,,,,,,,,,,,,,,,,,,,,,,,,,,,,,,,,,,,,,,,,,,,,,,,,,,,,,,,,,,,,,,,,,,,7,,,,,,,,,,,,,,,,,,,,,,,,,,,,,,,,,,,,,,,,,,,,,,,,,,,,,,,,,,9,,,,,,,,,,,,,,,,,,,,,,,,,,,,,,,,,,,,,,,,,,,,,,,,,,,,,,,,,,,,,,,,,
,,8,,,,,,,,4500,,,,,,,,650,,,,,,,,,,,,,,,,,,,,,,,,,,,,,,,,,,,,,,,,,,,,,,,,,,,,,,,,,,,,,,,,,,,,,,,8,,,,,,,,,,,,,,,,,,,,,,,,,,,,,,,,,,,,,,,,,,,,,,,,,,,,,,,,,,10,,,,,,,,,,,,,,,,,,,,,,,,,,,,,,,,,,,,,,,,,,,,,,,,,,,,,,,,,,,,,,,,,
,,9,,,,,,,,5200,,,,,,,,690,,,,,,,,,,,,,,,,,,,,,,,,,,,,,,,,,,,,,,,,,,,,,,,,,,,,,,,,,,,,,,,,,,,,,,,9,,,,,,,,,,,,,,,,,,,,,,,,,,,,,,,,,,,,,,,,,,,,,,,,,,,,,,,,,,11,,,,,,,,,,,,,,,,,,,,,,,,,,,,,,,,,,,,,,,,,,,,,,,,,,,,,,,,,,,,,,,,,
,,10,,,,,,,,5600,,,,,,,,750,,,,,,,,,,,,,,,,,,,,,,,,,,,,,,,,,,,,,,,,,,,,,,,,,,,,,,,,,,,,,,,,,,,,,,,10,,,,,,,,,,,,,,,,,,,,,,,,,,,,,,,,,,,,,,,,,,,,,,,,,,,,,,,,,,12,,,,,,,,,,,,,,,,,,,,,,,,,,,,,,,,,,,,,,,,,,,,,,,,,,,,,,,,,,,,,,,,,
,,11,,,,,,,,6000,,,,,,,,825,,,,,,,,,,,,,,,,,,,,,,,,,,,,,,,,,,,,,,,,,,,,,,,,,,,,,,,,,,,,,,,,,,,,,,,11,,,,,,,,,,,,,,,,,,,,,,,,,,,,,,,,,,,,,,,,,,,,,,,,,,,,,,,,,,13,,,,,,,,,,,,,,,,,,,,,,,,,,,,,,,,,,,,,,,,,,,,,,,,,,,,,,,,,,,,,,,,,
,,12,,,,,,,,6600,,,,,,,,910,,,,,,,,,,,,,,,,,,,,,,,,,,,,,,,,,,,,,,,,,,,,,,,,,,,,,,,,,,,,,,,,,,,,,,,12,,,,,,,,,,,,,,,,,,,,,,,,,,,,,,,,,,,,,,,,,,,,,,,,,,,,,,,,,,14,,,,,,,,,,,,,,,,,,,,,,,,,,,,,,,,,,,,,,,,,,,,,,,,,,,,,,,,,,,,,,,,,
,,13,,,,,,,,7300,,,,,,,,1000,,,,,,,,,,,,,,,,,,,,,,,,,,,,,,,,,,,,,,,,,,,,,,,,,,,,,,,,,,,,,,,,,,,,,,,13,,,,,,,,,,,,,,,,,,,,,,,,,,,,,,,,,,,,,,,,,,,,,,,,,,,,,,,,,,15,,,,,,,,,,,,,,,,,,,,,,,,,,,,,,,,,,,,,,,,,,,,,,,,,,,,,,,,,,,,,,,,,
,,14,,,,,,,,8100,,,,,,,,1120,,,,,,,,,,,,,,,,,,,,,,,,,,,,,,,,,,,,,,,,,,,,,,,,,,,,,,,,,,,,,,,,,,,,,,,14,,,,,,,,,,,,,,,,,,,,,,,,,,,,,,,,,,,,,,,,,,,,,,,,,,,,,,,,,,16,,,,,,,,,,,,,,,,,,,,,,,,,,,,,,,,,,,,,,,,,,,,,,,,,,,,,,,,,,,,,,,,,
,,15,,,,,,,,9000,,,,,,,,1240,,,,,,,,,,,,,,,,,,,,,,,,,,,,,,,,,,,,,,,,,,,,,,,,,,,,,,,,,,,,,,,,,,,,,,,15,,,,,,,,,,,,,,,,,,,,,,,,,,,,,,,,,,,,,,,,,,,,,,,,,,,,,,,,,,17,,,,,,,,,,,,,,,,,,,,,,,,,,,,,,,,,,,,,,,,,,,,,,,,,,,,,,,,,,,,,,,,,
,,16,,,,,,,,10000,,,,,,,,1370,,,,,,,,,,,,,,,,,,,,,,,,,,,,,,,,,,,,,,,,,,,,,,,,,,,,,,,,,,,,,,,,,,,,,,,16,,,,,,,,,,,,,,,,,,,,,,,,,,,,,,,,,,,,,,,,,,,,,,,,,,,,,,,,,,18,,,,,,,,,,,,,,,,,,,,,,,,,,,,,,,,,,,,,,,,,,,,,,,,,,,,,,,,,,,,,,,,,
"Disarmer",4000158,1,,"TID_CHARACTER_APRIL25BLTM","TID_CHARACTER_INFO_APRIL25BLTM",60,0,1,300,1300,,,"Elixir",,50,2200,1,100,1,250,,"TRUE","sc/ui.sc","icon_unit_april25_valkyrie","unit_april25_valkyrie_big","sc/info_april25_valkyrie.sc",3000,,,,"Defense",,"April25_BLTM_Deploy",,"April25_BLTM_Attack",,"WarriorGirl Hit",,"FALSE","FALSE","TRUE",,,"April25_BLTM_Die",,"Disarmer","Barracks","TRUE",,,0,"April25TombStone",,,,,,,,,,,,,,,,,,,,,,,,,,,,,,,,,,,,,,,,,,,,,,"TRUE",,,,,,,,,,,,-50,,,,,,,,,,5000,4000,600,"TRUE",,,,,,,,,,,,,,,,,"TRUE",,"TRUE",,,,,6,6,,,,,,,,,,,,,,,,,,,,,,,,,,,,,,,,"TRUE",20,"Disarmer",,,"April25_BLTM_DeployRage;April25_BLTM_Respawn","1;1",,,,,,,,,,,,,"TroopDisarmer",,,,,,,,,,,,,
,,2,,,,,,,,1700,,,,,,,,125,,,,,,,,,,,,,,,,,,,,,,,,,,,,,,,,,,,,,,,,,,,,,,,,,,,,,,,,,,,,,,,,,,,,,,,,,,,,,,,,,,,,,,,,,,,,,,,,,,,,,,,,,,,,,,,,,,,,,,,,,,,,,,,,,7,,,,,,,,,,,,,,,,,,,,,,,,,,,,,,,,,,,,,,,,,,,,,,,,,,,,,,,,,,,,,,,,,
,,3,,,,,,,,2200,,,,,,,,150,,,,,,,,,,,,,,,,,,,,,,,,,,,,,,,,,,,,,,,,,,,,,,,,,,,,,,,,,,,,,,,,,,,,,,,,,,,,,,,,,,,,,,,,,,,,,,,,,,,,,,,,,,,,,,,,,,,,,,,,,,,,,,,,,8,,,,,,,,,,,,,,,,,,,,,,,,,,,,,,,,,,,,,,,,,,,,,,,,,,,,,,,,,,,,,,,,,
,,4,,,,,,,,2900,,,,,,,,175,,,,,,,,,,,,,,,,,,,,,,,,,,,,,,,,,,,,,,,,,,,,,,,,,,,,,,,,,,,,,,,,,,,,,,,,,,,,,,,,,,,,,,,,,,,,,,,,,,,,,,,,,,,,,,,,,,,,,,,,,,,,,,,,,9,,,,,,,,,,,,,,,,,,,,,,,,,,,,,,,,,,,,,,,,,,,,,,,,,,,,,,,,,,,,,,,,,
,,5,,,,,,,,3500,,,,,,,,200,,,,,,,,,,,,,,,,,,,,,,,,,,,,,,,,,,,,,,,,,,,,,,,,,,,,,,,,,,,,,,,,,,,,,,,,,,,,,,,,,,,,,,,,,,,,,,,,,,,,,,,,,,,,,,,,,,,,,,,,,,,,,,,,,10,,,,,,,,,,,,,,,,,,,,,,,,,,,,,,,,,,,,,,,,,,,,,,,,,,,,,,,,,,,,,,,,,
,,6,,,,,,,,4000,,,,,,,,220,,,,,,,,,,,,,,,,,,,,,,,,,,,,,,,,,,,,,,,,,,,,,,,,,,,,,,,,,,,,,,,,,,,,,,,,,,,,,,,,,,,,,,,,,,,,,,,,,,,,,,,,,,,,,,,,,,,,,,,,,,,,,,,,,11,,,,,,,,,,,,,,,,,,,,,,,,,,,,,,,,,,,,,,,,,,,,,,,,,,,,,,,,,,,,,,,,,
,,7,,,,,,,,4500,,,,,,,,240,,,,,,,,,,,,,,,,,,,,,,,,,,,,,,,,,,,,,,,,,,,,,,,,,,,,,,,,,,,,,,,,,,,,,,,,,,,,,,,,,,,,,,,,,,,,,,,,,,,,,,,,,,,,,,,,,,,,,,,,,,,,,,,,,12,,,,,,,,,,,,,,,,,,,,,,,,,,,,,,,,,,,,,,,,,,,,,,,,,,,,,,,,,,,,,,,,,
,,8,,,,,,,,5000,,,,,,,,260,,,,,,,,,,,,,,,,,,,,,,,,,,,,,,,,,,,,,,,,,,,,,,,,,,,,,,,,,,,,,,,,,,,,,,,,,,,,,,,,,,,,,,,,,,,,,,,,,,,,,,,,,,,,,,,,,,,,,,,,,,,,,,,,,13,,,,,,,,,,,,,,,,,,,,,,,,,,,,,,,,,,,,,,,,,,,,,,,,,,,,,,,,,,,,,,,,,
,,9,,,,,,,,5500,,,,,,,,280,,,,,,,,,,,,,,,,,,,,,,,,,,,,,,,,,,,,,,,,,,,,,,,,,,,,,,,,,,,,,,,,,,,,,,,,,,,,,,,,,,,,,,,,,,,,,,,,,,,,,,,,,,,,,,,,,,,,,,,,,,,,,,,,,14,,,,,,,,,,,,,,,,,,,,,,,,,,,,,,,,,,,,,,,,,,,,,,,,,,,,,,,,,,,,,,,,,
,,10,,,,,,,,6000,,,,,,,,300,,,,,,,,,,,,,,,,,,,,,,,,,,,,,,,,,,,,,,,,,,,,,,,,,,,,,,,,,,,,,,,,,,,,,,,,,,,,,,,,,,,,,,,,,,,,,,,,,,,,,,,,,,,,,,,,,,,,,,,,,,,,,,,,,15,,,,,,,,,,,,,,,,,,,,,,,,,,,,,,,,,,,,,,,,,,,,,,,,,,,,,,,,,,,,,,,,,
,,11,,,,,,,,6600,,,,,,,,330,,,,,,,,,,,,,,,,,,,,,,,,,,,,,,,,,,,,,,,,,,,,,,,,,,,,,,,,,,,,,,,,,,,,,,,,,,,,,,,,,,,,,,,,,,,,,,,,,,,,,,,,,,,,,,,,,,,,,,,,,,,,,,,,,16,,,,,,,,,,,,,,,,,,,,,,,,,,,,,,,,,,,,,,,,,,,,,,,,,,,,,,,,,,,,,,,,,
,,12,,,,,,,,7200,,,,,,,,360,,,,,,,,,,,,,,,,,,,,,,,,,,,,,,,,,,,,,,,,,,,,,,,,,,,,,,,,,,,,,,,,,,,,,,,,,,,,,,,,,,,,,,,,,,,,,,,,,,,,,,,,,,,,,,,,,,,,,,,,,,,,,,,,,17,,,,,,,,,,,,,,,,,,,,,,,,,,,,,,,,,,,,,,,,,,,,,,,,,,,,,,,,,,,,,,,,,
,,13,,,,,,,,8000,,,,,,,,400,,,,,,,,,,,,,,,,,,,,,,,,,,,,,,,,,,,,,,,,,,,,,,,,,,,,,,,,,,,,,,,,,,,,,,,,,,,,,,,,,,,,,,,,,,,,,,,,,,,,,,,,,,,,,,,,,,,,,,,,,,,,,,,,,18,,,,,,,,,,,,,,,,,,,,,,,,,,,,,,,,,,,,,,,,,,,,,,,,,,,,,,,,,,,,,,,,,
"Defensive Disarmer",4000165,1,,"TID_CHARACTER_APRIL25BLTM","TID_CHARACTER_INFO_APRIL25BLTM",60,0,1,300,1300,,,"Elixir",,50,2200,1,100,1,250,,"TRUE","sc/ui.sc","icon_unit_april25_valkyrie","unit_april25_valkyrie_big","sc/info_april25_valkyrie.sc",3000,,,,"Defense",,"April25_BLTM_Deploy",,"April25_BLTM_Attack",,"WarriorGirl Hit",,"FALSE","FALSE","TRUE",,,"April25_BLTM_Die",,"Disarmer","Barracks","TRUE",,,0,"April25TombStone",,,,,,,,,,,,,,,,,,,,,,,,,,,,,,,,,,,,,,,,,,,,,,"TRUE",,,,,,,,,,,,-50,,,,,,,,,,5000,4000,600,"TRUE",,,,,,,,,,,,,,,,,"TRUE",,"TRUE",,,,,6,6,,,,,,,,,,,,,,,,,,,,,,,,,,,,,,,,"TRUE",20,"Defensive Disarmer",,,"April25_BLTMDEF_Respawn","1",,,,,,,,,,,,,"SuperValkyrie",,,,,,,,,,,,,
,,2,,,,,,,,1700,,,,,,,,125,,,,,,,,,,,,,,,,,,,,,,,,,,,,,,,,,,,,,,,,,,,,,,,,,,,,,,,,,,,,,,,,,,,,,,,,,,,,,,,,,,,,,,,,,,,,,,,,,,,,,,,,,,,,,,,,,,,,,,,,,,,,,,,,,7,,,,,,,,,,,,,,,,,,,,,,,,,,,,,,,,,,,,,,,,,,,,,,,,,,,,,,,,,,,,,,,,,
,,3,,,,,,,,2200,,,,,,,,150,,,,,,,,,,,,,,,,,,,,,,,,,,,,,,,,,,,,,,,,,,,,,,,,,,,,,,,,,,,,,,,,,,,,,,,,,,,,,,,,,,,,,,,,,,,,,,,,,,,,,,,,,,,,,,,,,,,,,,,,,,,,,,,,,8,,,,,,,,,,,,,,,,,,,,,,,,,,,,,,,,,,,,,,,,,,,,,,,,,,,,,,,,,,,,,,,,,
,,4,,,,,,,,2900,,,,,,,,175,,,,,,,,,,,,,,,,,,,,,,,,,,,,,,,,,,,,,,,,,,,,,,,,,,,,,,,,,,,,,,,,,,,,,,,,,,,,,,,,,,,,,,,,,,,,,,,,,,,,,,,,,,,,,,,,,,,,,,,,,,,,,,,,,9,,,,,,,,,,,,,,,,,,,,,,,,,,,,,,,,,,,,,,,,,,,,,,,,,,,,,,,,,,,,,,,,,
,,5,,,,,,,,3500,,,,,,,,200,,,,,,,,,,,,,,,,,,,,,,,,,,,,,,,,,,,,,,,,,,,,,,,,,,,,,,,,,,,,,,,,,,,,,,,,,,,,,,,,,,,,,,,,,,,,,,,,,,,,,,,,,,,,,,,,,,,,,,,,,,,,,,,,,10,,,,,,,,,,,,,,,,,,,,,,,,,,,,,,,,,,,,,,,,,,,,,,,,,,,,,,,,,,,,,,,,,
,,6,,,,,,,,4000,,,,,,,,220,,,,,,,,,,,,,,,,,,,,,,,,,,,,,,,,,,,,,,,,,,,,,,,,,,,,,,,,,,,,,,,,,,,,,,,,,,,,,,,,,,,,,,,,,,,,,,,,,,,,,,,,,,,,,,,,,,,,,,,,,,,,,,,,,11,,,,,,,,,,,,,,,,,,,,,,,,,,,,,,,,,,,,,,,,,,,,,,,,,,,,,,,,,,,,,,,,,
,,7,,,,,,,,4500,,,,,,,,240,,,,,,,,,,,,,,,,,,,,,,,,,,,,,,,,,,,,,,,,,,,,,,,,,,,,,,,,,,,,,,,,,,,,,,,,,,,,,,,,,,,,,,,,,,,,,,,,,,,,,,,,,,,,,,,,,,,,,,,,,,,,,,,,,12,,,,,,,,,,,,,,,,,,,,,,,,,,,,,,,,,,,,,,,,,,,,,,,,,,,,,,,,,,,,,,,,,
,,8,,,,,,,,5000,,,,,,,,260,,,,,,,,,,,,,,,,,,,,,,,,,,,,,,,,,,,,,,,,,,,,,,,,,,,,,,,,,,,,,,,,,,,,,,,,,,,,,,,,,,,,,,,,,,,,,,,,,,,,,,,,,,,,,,,,,,,,,,,,,,,,,,,,,13,,,,,,,,,,,,,,,,,,,,,,,,,,,,,,,,,,,,,,,,,,,,,,,,,,,,,,,,,,,,,,,,,
,,9,,,,,,,,5500,,,,,,,,280,,,,,,,,,,,,,,,,,,,,,,,,,,,,,,,,,,,,,,,,,,,,,,,,,,,,,,,,,,,,,,,,,,,,,,,,,,,,,,,,,,,,,,,,,,,,,,,,,,,,,,,,,,,,,,,,,,,,,,,,,,,,,,,,,14,,,,,,,,,,,,,,,,,,,,,,,,,,,,,,,,,,,,,,,,,,,,,,,,,,,,,,,,,,,,,,,,,
,,10,,,,,,,,6000,,,,,,,,300,,,,,,,,,,,,,,,,,,,,,,,,,,,,,,,,,,,,,,,,,,,,,,,,,,,,,,,,,,,,,,,,,,,,,,,,,,,,,,,,,,,,,,,,,,,,,,,,,,,,,,,,,,,,,,,,,,,,,,,,,,,,,,,,,15,,,,,,,,,,,,,,,,,,,,,,,,,,,,,,,,,,,,,,,,,,,,,,,,,,,,,,,,,,,,,,,,,
,,11,,,,,,,,6500,,,,,,,,320,,,,,,,,,,,,,,,,,,,,,,,,,,,,,,,,,,,,,,,,,,,,,,,,,,,,,,,,,,,,,,,,,,,,,,,,,,,,,,,,,,,,,,,,,,,,,,,,,,,,,,,,,,,,,,,,,,,,,,,,,,,,,,,,,16,,,,,,,,,,,,,,,,,,,,,,,,,,,,,,,,,,,,,,,,,,,,,,,,,,,,,,,,,,,,,,,,,
,,12,,,,,,,,7000,,,,,,,,340,,,,,,,,,,,,,,,,,,,,,,,,,,,,,,,,,,,,,,,,,,,,,,,,,,,,,,,,,,,,,,,,,,,,,,,,,,,,,,,,,,,,,,,,,,,,,,,,,,,,,,,,,,,,,,,,,,,,,,,,,,,,,,,,,17,,,,,,,,,,,,,,,,,,,,,,,,,,,,,,,,,,,,,,,,,,,,,,,,,,,,,,,,,,,,,,,,,
,,13,,,,,,,,7500,,,,,,,,360,,,,,,,,,,,,,,,,,,,,,,,,,,,,,,,,,,,,,,,,,,,,,,,,,,,,,,,,,,,,,,,,,,,,,,,,,,,,,,,,,,,,,,,,,,,,,,,,,,,,,,,,,,,,,,,,,,,,,,,,,,,,,,,,,18,,,,,,,,,,,,,,,,,,,,,,,,,,,,,,,,,,,,,,,,,,,,,,,,,,,,,,,,,,,,,,,,,
"YEETer",4000159,1,,"TID_CHARACTER_APRIL25RRBL","TID_CHARACTER_INFO_APRIL25RRBL",45,0,1,400,1250,,,"Elixir",,650,2000,1250,75,,,,,"sc/ui.sc","icon_unit_april25_thrower","unit_april25_thrower_big","sc/info_april25_thrower.sc",100,"April25_RRProjectile",,,,,"April25_RRBL_Deploy",,"April25_RRBL_Attack",,"Wizard Hit1",,"FALSE","TRUE","TRUE",,,"April25_RRBL_Die",,"YEETer","Barracks","FALSE",,,0,"April25TombStone",,,,,,,,,,,,,,,,,,,,,,,,,,,,,,,,,,,,,,,,,,,,,,,,,,,,,,,,,,-50,,,,,,,,,,4000,2500,,"TRUE",,,,,,,,,,,,,,,,,"TRUE",,"TRUE",,,,,3,3,,,,,,,,,,,,,,,,,,,,,,,,,,,,,,,,,20,"YEETer",,,"April25_RRBL_Special_Projectile","1",,,,,,,,,,,,,"TroopYeeter",,,,,,,,,,,,,
,,2,,,,,,,,1400,,,,,,,,80,,,,,,,,,,,,,,,,,,,,,,,,,,,,,,,,,,,,,,,,,,,,,,,,,,,,,,,,,,,,,,,,,,,,,,,,,,,,,,,,,,,,,,,,,,,,,,,,,,,,,,,,,,,,,,,,,,,,,,,,,,,,,,,,,4,,,,,,,,,,,,,,,,,,,,,,,,,,,,,,,,,,,,,,,"2",,,,,,,,,,,,,,,,,,,,,,,,,,
,,3,,,,,,,,1550,,,,,,,,90,,,,,,,,,,,,,,,,,,,,,,,,,,,,,,,,,,,,,,,,,,,,,,,,,,,,,,,,,,,,,,,,,,,,,,,,,,,,,,,,,,,,,,,,,,,,,,,,,,,,,,,,,,,,,,,,,,,,,,,,,,,,,,,,,5,,,,,,,,,,,,,,,,,,,,,,,,,,,,,,,,,,,,,,,"3",,,,,,,,,,,,,,,,,,,,,,,,,,
,,4,,,,,,,,1700,,,,,,,,100,,,,,,,,,,,,,,,,,,,,,,,,,,,,,,,,,,,,,,,,,,,,,,,,,,,,,,,,,,,,,,,,,,,,,,,,,,,,,,,,,,,,,,,,,,,,,,,,,,,,,,,,,,,,,,,,,,,,,,,,,,,,,,,,,6,,,,,,,,,,,,,,,,,,,,,,,,,,,,,,,,,,,,,,,"4",,,,,,,,,,,,,,,,,,,,,,,,,,
,,5,,,,,,,,1950,,,,,,,,110,,,,,,,,,,,,,,,,,,,,,,,,,,,,,,,,,,,,,,,,,,,,,,,,,,,,,,,,,,,,,,,,,,,,,,,,,,,,,,,,,,,,,,,,,,,,,,,,,,,,,,,,,,,,,,,,,,,,,,,,,,,,,,,,,7,,,,,,,,,,,,,,,,,,,,,,,,,,,,,,,,,,,,,,,"5",,,,,,,,,,,,,,,,,,,,,,,,,,
,,6,,,,,,,,2250,,,,,,,,120,,,,,,,,,,,,,,,,,,,,,,,,,,,,,,,,,,,,,,,,,,,,,,,,,,,,,,,,,,,,,,,,,,,,,,,,,,,,,,,,,,,,,,,,,,,,,,,,,,,,,,,,,,,,,,,,,,,,,,,,,,,,,,,,,8,,,,,,,,,,,,,,,,,,,,,,,,,,,,,,,,,,,,,,,"6",,,,,,,,,,,,,,,,,,,,,,,,,,
,,7,,,,,,,,2600,,,,,,,,135,,,,,,,,,,,,,,,,,,,,,,,,,,,,,,,,,,,,,,,,,,,,,,,,,,,,,,,,,,,,,,,,,,,,,,,,,,,,,,,,,,,,,,,,,,,,,,,,,,,,,,,,,,,,,,,,,,,,,,,,,,,,,,,,,9,,,,,,,,,,,,,,,,,,,,,,,,,,,,,,,,,,,,,,,"7",,,,,,,,,,,,,,,,,,,,,,,,,,
,,8,,,,,,,,2950,,,,,,,,150,,,,,,,,,,,,,,,,,,,,,,,,,,,,,,,,,,,,,,,,,,,,,,,,,,,,,,,,,,,,,,,,,,,,,,,,,,,,,,,,,,,,,,,,,,,,,,,,,,,,,,,,,,,,,,,,,,,,,,,,,,,,,,,,,10,,,,,,,,,,,,,,,,,,,,,,,,,,,,,,,,,,,,,,,"8",,,,,,,,,,,,,,,,,,,,,,,,,,
,,9,,,,,,,,3300,,,,,,,,165,,,,,,,,,,,,,,,,,,,,,,,,,,,,,,,,,,,,,,,,,,,,,,,,,,,,,,,,,,,,,,,,,,,,,,,,,,,,,,,,,,,,,,,,,,,,,,,,,,,,,,,,,,,,,,,,,,,,,,,,,,,,,,,,,11,,,,,,,,,,,,,,,,,,,,,,,,,,,,,,,,,,,,,,,"9",,,,,,,,,,,,,,,,,,,,,,,,,,
,,10,,,,,,,,3650,,,,,,,,180,,,,,,,,,,,,,,,,,,,,,,,,,,,,,,,,,,,,,,,,,,,,,,,,,,,,,,,,,,,,,,,,,,,,,,,,,,,,,,,,,,,,,,,,,,,,,,,,,,,,,,,,,,,,,,,,,,,,,,,,,,,,,,,,,12,,,,,,,,,,,,,,,,,,,,,,,,,,,,,,,,,,,,,,,"10",,,,,,,,,,,,,,,,,,,,,,,,,,
,,11,,,,,,,,4050,,,,,,,,195,,,,,,,,,,,,,,,,,,,,,,,,,,,,,,,,,,,,,,,,,,,,,,,,,,,,,,,,,,,,,,,,,,,,,,,,,,,,,,,,,,,,,,,,,,,,,,,,,,,,,,,,,,,,,,,,,,,,,,,,,,,,,,,,,13,,,,,,,,,,,,,,,,,,,,,,,,,,,,,,,,,,,,,,,"11",,,,,,,,,,,,,,,,,,,,,,,,,,
,,12,,,,,,,,4500,,,,,,,,210,,,,,,,,,,,,,,,,,,,,,,,,,,,,,,,,,,,,,,,,,,,,,,,,,,,,,,,,,,,,,,,,,,,,,,,,,,,,,,,,,,,,,,,,,,,,,,,,,,,,,,,,,,,,,,,,,,,,,,,,,,,,,,,,,14,,,,,,,,,,,,,,,,,,,,,,,,,,,,,,,,,,,,,,,"12",,,,,,,,,,,,,,,,,,,,,,,,,,
,,13,,,,,,,,5000,,,,,,,,230,,,,,,,,,,,,,,,,,,,,,,,,,,,,,,,,,,,,,,,,,,,,,,,,,,,,,,,,,,,,,,,,,,,,,,,,,,,,,,,,,,,,,,,,,,,,,,,,,,,,,,,,,,,,,,,,,,,,,,,,,,,,,,,,,15,,,,,,,,,,,,,,,,,,,,,,,,,,,,,,,,,,,,,,,"13",,,,,,,,,,,,,,,,,,,,,,,,,,
,,14,,,,,,,,5600,,,,,,,,250,,,,,,,,,,,,,,,,,,,,,,,,,,,,,,,,,,,,,,,,,,,,,,,,,,,,,,,,,,,,,,,,,,,,,,,,,,,,,,,,,,,,,,,,,,,,,,,,,,,,,,,,,,,,,,,,,,,,,,,,,,,,,,,,,16,,,,,,,,,,,,,,,,,,,,,,,,,,,,,,,,,,,,,,,"14",,,,,,,,,,,,,,,,,,,,,,,,,,
,,15,,,,,,,,6200,,,,,,,,275,,,,,,,,,,,,,,,,,,,,,,,,,,,,,,,,,,,,,,,,,,,,,,,,,,,,,,,,,,,,,,,,,,,,,,,,,,,,,,,,,,,,,,,,,,,,,,,,,,,,,,,,,,,,,,,,,,,,,,,,,,,,,,,,,17,,,,,,,,,,,,,,,,,,,,,,,,,,,,,,,,,,,,,,,"15",,,,,,,,,,,,,,,,,,,,,,,,,,
,,16,,,,,,,,6800,,,,,,,,300,,,,,,,,,,,,,,,,,,,,,,,,,,,,,,,,,,,,,,,,,,,,,,,,,,,,,,,,,,,,,,,,,,,,,,,,,,,,,,,,,,,,,,,,,,,,,,,,,,,,,,,,,,,,,,,,,,,,,,,,,,,,,,,,,18,,,,,,,,,,,,,,,,,,,,,,,,,,,,,,,,,,,,,,,"16",,,,,,,,,,,,,,,,,,,,,,,,,,
"Tribal Tag Team",4000163,1,,"TID_CHARACTER_TRIBAL_TAG_TEAM","TID_CHARACTER_TRIBAL_TAG_TEAM_INFO",5,1,1,350,440,,,"Elixir",,60,1000,200,35,,,,,"sc/ui.sc","icon_unit_april25_thrower","unit_april25_thrower_big","sc/info_april25_thrower.sc",100,,,,,,"April25_RRBLMini_Deploy",,"April25_RRBLMini_Attack",,"Giant Hit",,"FALSE","FALSE","TRUE",,,"April25_RRBLMini_Die",,"Tribal Tag Team",,"FALSE",,,0,"April25TombStone",,,,,,,"TRUE",,,,,,,,,,,,,,,,,,,,,,,,,,,,,,,,,,,,,,,,,,,,,,,,,,,-50,,,,,,,,,,500,500,,"TRUE",,,,,,,,,,,,,,,,,"TRUE",,,,,,,3,,,,,,,,,,,,,,,"Wall",500,,,,,,,,,,,,,,,,,"TRUE",5,"Tribal Tag Team",,,,,,,,,,,,,,,,,"SuperGiant",,"HitPoints;DamagePerSecond;DamageType;TargetType;DamageMultiplierTarget;MovementSpeed;Range",,,,,,,,,,,
,,2,,,,,,,,530,,,,,,,,40,,,,,,,,,,,,,,,,,,,,,,,,,,,,,,,,,,,,,,,,,,,,,,,,,,,,,,,,,,,,,,,,,,,,,,,,,,,,,,,,,,,,,,,,,,,,,,,,,,,,,,,,,,,,,,,,,,,,,,,,,,,,,,,,,4,,,,,,,,,,,,,,,,,,,,,,,,,,,,,,,,,,,,,,,,,,,,,,,,,,,,,,,,,,,,,,,,,
,,3,,,,,,,,640,,,,,,,,45,,,,,,,,,,,,,,,,,,,,,,,,,,,,,,,,,,,,,,,,,,,,,,,,,,,,,,,,,,,,,,,,,,,,,,,,,,,,,,,,,,,,,,,,,,,,,,,,,,,,,,,,,,,,,,,,,,,,,,,,,,,,,,,,,5,,,,,,,,,,,,,,,,,,,,,,,,,,,,,,,,,,,,,,,,,,,,,,,,,,,,,,,,,,,,,,,,,
,,4,,,,,,,,770,,,,,,,,55,,,,,,,,,,,,,,,,,,,,,,,,,,,,,,,,,,,,,,,,,,,,,,,,,,,,,,,,,,,,,,,,,,,,,,,,,,,,,,,,,,,,,,,,,,,,,,,,,,,,,,,,,,,,,,,,,,,,,,,,,,,,,,,,,6,,,,,,,,,,,,,,,,,,,,,,,,,,,,,,,,,,,,,,,,,,,,,,,,,,,,,,,,,,,,,,,,,
,,5,,,,,,,,930,,,,,,,,65,,,,,,,,,,,,,,,,,,,,,,,,,,,,,,,,,,,,,,,,,,,,,,,,,,,,,,,,,,,,,,,,,,,,,,,,,,,,,,,,,,,,,,,,,,,,,,,,,,,,,,,,,,,,,,,,,,,,,,,,,,,,,,,,,7,,,,,,,,,,,,,,,,,,,,,,,,,,,,,,,,,,,,,,,,,,,,,,,,,,,,,,,,,,,,,,,,,
,,6,,,,,,,,1150,,,,,,,,80,,,,,,,,,,,,,,,,,,,,,,,,,,,,,,,,,,,,,,,,,,,,,,,,,,,,,,,,,,,,,,,,,,,,,,,,,,,,,,,,,,,,,,,,,,,,,,,,,,,,,,,,,,,,,,,,,,,,,,,,,,,,,,,,,8,,,,,,,,,,,,,,,,,,,,,,,,,,,,,,,,,,,,,,,,,,,,,,,,,,,,,,,,,,,,,,,,,
,,7,,,,,,,,1420,,,,,,,,95,,,,,,,,,,,,,,,,,,,,,,,,,,,,,,,,,,,,,,,,,,,,,,,,,,,,,,,,,,,,,,,,,,,,,,,,,,,,,,,,,,,,,,,,,,,,,,,,,,,,,,,,,,,,,,,,,,,,,,,,,,,,,,,,,9,,,,,,,,,,,,,,,,,,,,,,,,,,,,,,,,,,,,,,,,,,,,,,,,,,,,,,,,,,,,,,,,,
,,8,,,,,,,,1650,,,,,,,,105,,,,,,,,,,,,,,,,,,,,,,,,,,,,,,,,,,,,,,,,,,,,,,,,,,,,,,,,,,,,,,,,,,,,,,,,,,,,,,,,,,,,,,,,,,,,,,,,,,,,,,,,,,,,,,,,,,,,,,,,,,,,,,,,,10,,,,,,,,,,,,,,,,,,,,,,,,,,,,,,,,,,,,,,,,,,,,,,,,,,,,,,,,,,,,,,,,,
,,9,,,,,,,,1820,,,,,,,,115,,,,,,,,,,,,,,,,,,,,,,,,,,,,,,,,,,,,,,,,,,,,,,,,,,,,,,,,,,,,,,,,,,,,,,,,,,,,,,,,,,,,,,,,,,,,,,,,,,,,,,,,,,,,,,,,,,,,,,,,,,,,,,,,,11,,,,,,,,,,,,,,,,,,,,,,,,,,,,,,,,,,,,,,,,,,,,,,,,,,,,,,,,,,,,,,,,,
,,10,,,,,,,,2050,,,,,,,,130,,,,,,,,,,,,,,,,,,,,,,,,,,,,,,,,,,,,,,,,,,,,,,,,,,,,,,,,,,,,,,,,,,,,,,,,,,,,,,,,,,,,,,,,,,,,,,,,,,,,,,,,,,,,,,,,,,,,,,,,,,,,,,,,,12,,,,,,,,,,,,,,,,,,,,,,,,,,,,,,,,,,,,,,,,,,,,,,,,,,,,,,,,,,,,,,,,,
,,11,,,,,,,,2280,,,,,,,,150,,,,,,,,,,,,,,,,,,,,,,,,,,,,,,,,,,,,,,,,,,,,,,,,,,,,,,,,,,,,,,,,,,,,,,,,,,,,,,,,,,,,,,,,,,,,,,,,,,,,,,,,,,,,,,,,,,,,,,,,,,,,,,,,,13,,,,,,,,,,,,,,,,,,,,,,,,,,,,,,,,,,,,,,,,,,,,,,,,,,,,,,,,,,,,,,,,,
,,12,,,,,,,,2550,,,,,,,,170,,,,,,,,,,,,,,,,,,,,,,,,,,,,,,,,,,,,,,,,,,,,,,,,,,,,,,,,,,,,,,,,,,,,,,,,,,,,,,,,,,,,,,,,,,,,,,,,,,,,,,,,,,,,,,,,,,,,,,,,,,,,,,,,,14,,,,,,,,,,,,,,,,,,,,,,,,,,,,,,,,,,,,,,,,,,,,,,,,,,,,,,,,,,,,,,,,,
,,13,,,,,,,,2850,,,,,,,,190,,,,,,,,,,,,,,,,,,,,,,,,,,,,,,,,,,,,,,,,,,,,,,,,,,,,,,,,,,,,,,,,,,,,,,,,,,,,,,,,,,,,,,,,,,,,,,,,,,,,,,,,,,,,,,,,,,,,,,,,,,,,,,,,,15,,,,,,,,,,,,,,,,,,,,,,,,,,,,,,,,,,,,,,,,,,,,,,,,,,,,,,,,,,,,,,,,,
,,14,,,,,,,,3150,,,,,,,,210,,,,,,,,,,,,,,,,,,,,,,,,,,,,,,,,,,,,,,,,,,,,,,,,,,,,,,,,,,,,,,,,,,,,,,,,,,,,,,,,,,,,,,,,,,,,,,,,,,,,,,,,,,,,,,,,,,,,,,,,,,,,,,,,,16,,,,,,,,,,,,,,,,,,,,,,,,,,,,,,,,,,,,,,,,,,,,,,,,,,,,,,,,,,,,,,,,,
,,15,,,,,,,,3450,,,,,,,,235,,,,,,,,,,,,,,,,,,,,,,,,,,,,,,,,,,,,,,,,,,,,,,,,,,,,,,,,,,,,,,,,,,,,,,,,,,,,,,,,,,,,,,,,,,,,,,,,,,,,,,,,,,,,,,,,,,,,,,,,,,,,,,,,,17,,,,,,,,,,,,,,,,,,,,,,,,,,,,,,,,,,,,,,,,,,,,,,,,,,,,,,,,,,,,,,,,,
,,16,,,,,,,,3800,,,,,,,,260,,,,,,,,,,,,,,,,,,,,,,,,,,,,,,,,,,,,,,,,,,,,,,,,,,,,,,,,,,,,,,,,,,,,,,,,,,,,,,,,,,,,,,,,,,,,,,,,,,,,,,,,,,,,,,,,,,,,,,,,,,,,,,,,,18,,,,,,,,,,,,,,,,,,,,,,,,,,,,,,,,,,,,,,,,,,,,,,,,,,,,,,,,,,,,,,,,,
"Defensive YEETer",4000164,1,,"TID_CHARACTER_APRIL25RRBL","TID_CHARACTER_INFO_APRIL25RRBL",45,0,1,400,800,,,"Elixir",,650,2000,1250,30,,,,,"sc/ui.sc","icon_unit_april25_thrower","unit_april25_thrower_big","sc/info_april25_thrower.sc",,"April25_RRProjectile",,,,,"April25_RRBL_Deploy",,"April25_RRBL_Attack",,"Wizard Hit1",,"FALSE","TRUE","TRUE",,,"April25_RRBL_Die",,"YEETer","Barracks","FALSE",,,0,"April25TombStone",,,,,,,,,,,,,,,,,,,,,,,,,,,,,,,,,,,,,,,,,,,,,,,,,,,,,,,,,,-50,,,,,,,,,,4000,2500,,"TRUE",,,,,,,,,,,,,,,,,"TRUE",,"TRUE",,,,,3,3,,,,,,,,,,,,,,,,,,,,,,,,,,,,,,,,,20,"Defensive YEETer",,,"April25_RRBLDEF_Special_Projectile","1",,,,,,,,,,,,,"TroopThrower",,,,,,,,,,,,,
,,2,,,,,,,,1000,,,,,,,,40,,,,,,,,,,,,,,,,,,,,,,,,,,,,,,,,,,,,,,,,,,,,,,,,,,,,,,,,,,,,,,,,,,,,,,,,,,,,,,,,,,,,,,,,,,,,,,,,,,,,,,,,,,,,,,,,,,,,,,,,,,,,,,,,,4,,,,,,,,,,,,,,,,,,,,,,,,,,,,,,,,,,,,,,,"2",,,,,,,,,,,,,,,,,,,,,,,,,,
,,3,,,,,,,,1200,,,,,,,,50,,,,,,,,,,,,,,,,,,,,,,,,,,,,,,,,,,,,,,,,,,,,,,,,,,,,,,,,,,,,,,,,,,,,,,,,,,,,,,,,,,,,,,,,,,,,,,,,,,,,,,,,,,,,,,,,,,,,,,,,,,,,,,,,,5,,,,,,,,,,,,,,,,,,,,,,,,,,,,,,,,,,,,,,,"3",,,,,,,,,,,,,,,,,,,,,,,,,,
,,4,,,,,,,,1400,,,,,,,,60,,,,,,,,,,,,,,,,,,,,,,,,,,,,,,,,,,,,,,,,,,,,,,,,,,,,,,,,,,,,,,,,,,,,,,,,,,,,,,,,,,,,,,,,,,,,,,,,,,,,,,,,,,,,,,,,,,,,,,,,,,,,,,,,,6,,,,,,,,,,,,,,,,,,,,,,,,,,,,,,,,,,,,,,,"4",,,,,,,,,,,,,,,,,,,,,,,,,,
,,5,,,,,,,,1600,,,,,,,,70,,,,,,,,,,,,,,,,,,,,,,,,,,,,,,,,,,,,,,,,,,,,,,,,,,,,,,,,,,,,,,,,,,,,,,,,,,,,,,,,,,,,,,,,,,,,,,,,,,,,,,,,,,,,,,,,,,,,,,,,,,,,,,,,,7,,,,,,,,,,,,,,,,,,,,,,,,,,,,,,,,,,,,,,,"5",,,,,,,,,,,,,,,,,,,,,,,,,,
,,6,,,,,,,,2000,,,,,,,,85,,,,,,,,,,,,,,,,,,,,,,,,,,,,,,,,,,,,,,,,,,,,,,,,,,,,,,,,,,,,,,,,,,,,,,,,,,,,,,,,,,,,,,,,,,,,,,,,,,,,,,,,,,,,,,,,,,,,,,,,,,,,,,,,,8,,,,,,,,,,,,,,,,,,,,,,,,,,,,,,,,,,,,,,,"6",,,,,,,,,,,,,,,,,,,,,,,,,,
,,7,,,,,,,,2400,,,,,,,,100,,,,,,,,,,,,,,,,,,,,,,,,,,,,,,,,,,,,,,,,,,,,,,,,,,,,,,,,,,,,,,,,,,,,,,,,,,,,,,,,,,,,,,,,,,,,,,,,,,,,,,,,,,,,,,,,,,,,,,,,,,,,,,,,,9,,,,,,,,,,,,,,,,,,,,,,,,,,,,,,,,,,,,,,,"7",,,,,,,,,,,,,,,,,,,,,,,,,,
,,8,,,,,,,,2700,,,,,,,,115,,,,,,,,,,,,,,,,,,,,,,,,,,,,,,,,,,,,,,,,,,,,,,,,,,,,,,,,,,,,,,,,,,,,,,,,,,,,,,,,,,,,,,,,,,,,,,,,,,,,,,,,,,,,,,,,,,,,,,,,,,,,,,,,,10,,,,,,,,,,,,,,,,,,,,,,,,,,,,,,,,,,,,,,,"8",,,,,,,,,,,,,,,,,,,,,,,,,,
,,9,,,,,,,,3000,,,,,,,,130,,,,,,,,,,,,,,,,,,,,,,,,,,,,,,,,,,,,,,,,,,,,,,,,,,,,,,,,,,,,,,,,,,,,,,,,,,,,,,,,,,,,,,,,,,,,,,,,,,,,,,,,,,,,,,,,,,,,,,,,,,,,,,,,,11,,,,,,,,,,,,,,,,,,,,,,,,,,,,,,,,,,,,,,,"9",,,,,,,,,,,,,,,,,,,,,,,,,,
,,10,,,,,,,,3300,,,,,,,,145,,,,,,,,,,,,,,,,,,,,,,,,,,,,,,,,,,,,,,,,,,,,,,,,,,,,,,,,,,,,,,,,,,,,,,,,,,,,,,,,,,,,,,,,,,,,,,,,,,,,,,,,,,,,,,,,,,,,,,,,,,,,,,,,,12,,,,,,,,,,,,,,,,,,,,,,,,,,,,,,,,,,,,,,,"10",,,,,,,,,,,,,,,,,,,,,,,,,,
,,11,,,,,,,,3700,,,,,,,,160,,,,,,,,,,,,,,,,,,,,,,,,,,,,,,,,,,,,,,,,,,,,,,,,,,,,,,,,,,,,,,,,,,,,,,,,,,,,,,,,,,,,,,,,,,,,,,,,,,,,,,,,,,,,,,,,,,,,,,,,,,,,,,,,,13,,,,,,,,,,,,,,,,,,,,,,,,,,,,,,,,,,,,,,,"11",,,,,,,,,,,,,,,,,,,,,,,,,,
,,12,,,,,,,,4100,,,,,,,,175,,,,,,,,,,,,,,,,,,,,,,,,,,,,,,,,,,,,,,,,,,,,,,,,,,,,,,,,,,,,,,,,,,,,,,,,,,,,,,,,,,,,,,,,,,,,,,,,,,,,,,,,,,,,,,,,,,,,,,,,,,,,,,,,,14,,,,,,,,,,,,,,,,,,,,,,,,,,,,,,,,,,,,,,,"12",,,,,,,,,,,,,,,,,,,,,,,,,,
,,13,,,,,,,,4500,,,,,,,,190,,,,,,,,,,,,,,,,,,,,,,,,,,,,,,,,,,,,,,,,,,,,,,,,,,,,,,,,,,,,,,,,,,,,,,,,,,,,,,,,,,,,,,,,,,,,,,,,,,,,,,,,,,,,,,,,,,,,,,,,,,,,,,,,,15,,,,,,,,,,,,,,,,,,,,,,,,,,,,,,,,,,,,,,,"13",,,,,,,,,,,,,,,,,,,,,,,,,,
,,14,,,,,,,,5000,,,,,,,,210,,,,,,,,,,,,,,,,,,,,,,,,,,,,,,,,,,,,,,,,,,,,,,,,,,,,,,,,,,,,,,,,,,,,,,,,,,,,,,,,,,,,,,,,,,,,,,,,,,,,,,,,,,,,,,,,,,,,,,,,,,,,,,,,,16,,,,,,,,,,,,,,,,,,,,,,,,,,,,,,,,,,,,,,,"14",,,,,,,,,,,,,,,,,,,,,,,,,,
,,15,,,,,,,,5500,,,,,,,,230,,,,,,,,,,,,,,,,,,,,,,,,,,,,,,,,,,,,,,,,,,,,,,,,,,,,,,,,,,,,,,,,,,,,,,,,,,,,,,,,,,,,,,,,,,,,,,,,,,,,,,,,,,,,,,,,,,,,,,,,,,,,,,,,,17,,,,,,,,,,,,,,,,,,,,,,,,,,,,,,,,,,,,,,,"15",,,,,,,,,,,,,,,,,,,,,,,,,,
,,16,,,,,,,,6000,,,,,,,,250,,,,,,,,,,,,,,,,,,,,,,,,,,,,,,,,,,,,,,,,,,,,,,,,,,,,,,,,,,,,,,,,,,,,,,,,,,,,,,,,,,,,,,,,,,,,,,,,,,,,,,,,,,,,,,,,,,,,,,,,,,,,,,,,,18,,,,,,,,,,,,,,,,,,,,,,,,,,,,,,,,,,,,,,,"16",,,,,,,,,,,,,,,,,,,,,,,,,,
"Defensive Tribal Tag Team",4000166,1,,"TID_CHARACTER_TRIBAL_TAG_TEAM","TID_CHARACTER_TRIBAL_TAG_TEAM_INFO",5,1,1,350,125,,,"Elixir",,60,1000,200,20,,,,,"sc/ui.sc","icon_unit_april25_thrower","unit_april25_thrower_big","sc/info_april25_thrower.sc",,,,,,,"April25_RRBLMini_Deploy",,"April25_RRBLMini_Attack",,"Giant Hit",,"FALSE","FALSE","TRUE",,,"April25_RRBLMini_Die",,"Tribal Tag Team",,"FALSE",,,0,"April25TombStone",,,,,,,"TRUE",,,,,,,,,,,,,,,,,,,,,,,,,,,,,,,,,,,,,,,,,,,,,,,,,,,-50,,,,,,,,,,500,500,,"TRUE",,,,,,,,,,,,,,,,,"TRUE",,,,,,,3,,,,,,,,,,,,,,,"Wall",500,,,,,,,,,,,,,,,,,"TRUE",5,"Defensive Tribal Tag Team",,,,,,,,,,,,,,,,,"SuperGiant",,"HitPoints;DamagePerSecond;DamageType;TargetType;DamageMultiplierTarget;MovementSpeed;Range",,,,,,,,,,,
,,2,,,,,,,,200,,,,,,,,25,,,,,,,,,,,,,,,,,,,,,,,,,,,,,,,,,,,,,,,,,,,,,,,,,,,,,,,,,,,,,,,,,,,,,,,,,,,,,,,,,,,,,,,,,,,,,,,,,,,,,,,,,,,,,,,,,,,,,,,,,,,,,,,,,4,,,,,,,,,,,,,,,,,,,,,,,,,,,,,,,,,,,,,,,,,,,,,,,,,,,,,,,,,,,,,,,,,
,,3,,,,,,,,300,,,,,,,,30,,,,,,,,,,,,,,,,,,,,,,,,,,,,,,,,,,,,,,,,,,,,,,,,,,,,,,,,,,,,,,,,,,,,,,,,,,,,,,,,,,,,,,,,,,,,,,,,,,,,,,,,,,,,,,,,,,,,,,,,,,,,,,,,,5,,,,,,,,,,,,,,,,,,,,,,,,,,,,,,,,,,,,,,,,,,,,,,,,,,,,,,,,,,,,,,,,,
,,4,,,,,,,,400,,,,,,,,40,,,,,,,,,,,,,,,,,,,,,,,,,,,,,,,,,,,,,,,,,,,,,,,,,,,,,,,,,,,,,,,,,,,,,,,,,,,,,,,,,,,,,,,,,,,,,,,,,,,,,,,,,,,,,,,,,,,,,,,,,,,,,,,,,6,,,,,,,,,,,,,,,,,,,,,,,,,,,,,,,,,,,,,,,,,,,,,,,,,,,,,,,,,,,,,,,,,
,,5,,,,,,,,600,,,,,,,,50,,,,,,,,,,,,,,,,,,,,,,,,,,,,,,,,,,,,,,,,,,,,,,,,,,,,,,,,,,,,,,,,,,,,,,,,,,,,,,,,,,,,,,,,,,,,,,,,,,,,,,,,,,,,,,,,,,,,,,,,,,,,,,,,,7,,,,,,,,,,,,,,,,,,,,,,,,,,,,,,,,,,,,,,,,,,,,,,,,,,,,,,,,,,,,,,,,,
,,6,,,,,,,,750,,,,,,,,60,,,,,,,,,,,,,,,,,,,,,,,,,,,,,,,,,,,,,,,,,,,,,,,,,,,,,,,,,,,,,,,,,,,,,,,,,,,,,,,,,,,,,,,,,,,,,,,,,,,,,,,,,,,,,,,,,,,,,,,,,,,,,,,,,8,,,,,,,,,,,,,,,,,,,,,,,,,,,,,,,,,,,,,,,,,,,,,,,,,,,,,,,,,,,,,,,,,
,,7,,,,,,,,900,,,,,,,,70,,,,,,,,,,,,,,,,,,,,,,,,,,,,,,,,,,,,,,,,,,,,,,,,,,,,,,,,,,,,,,,,,,,,,,,,,,,,,,,,,,,,,,,,,,,,,,,,,,,,,,,,,,,,,,,,,,,,,,,,,,,,,,,,,9,,,,,,,,,,,,,,,,,,,,,,,,,,,,,,,,,,,,,,,,,,,,,,,,,,,,,,,,,,,,,,,,,
,,8,,,,,,,,1050,,,,,,,,80,,,,,,,,,,,,,,,,,,,,,,,,,,,,,,,,,,,,,,,,,,,,,,,,,,,,,,,,,,,,,,,,,,,,,,,,,,,,,,,,,,,,,,,,,,,,,,,,,,,,,,,,,,,,,,,,,,,,,,,,,,,,,,,,,10,,,,,,,,,,,,,,,,,,,,,,,,,,,,,,,,,,,,,,,,,,,,,,,,,,,,,,,,,,,,,,,,,
,,9,,,,,,,,1200,,,,,,,,90,,,,,,,,,,,,,,,,,,,,,,,,,,,,,,,,,,,,,,,,,,,,,,,,,,,,,,,,,,,,,,,,,,,,,,,,,,,,,,,,,,,,,,,,,,,,,,,,,,,,,,,,,,,,,,,,,,,,,,,,,,,,,,,,,11,,,,,,,,,,,,,,,,,,,,,,,,,,,,,,,,,,,,,,,,,,,,,,,,,,,,,,,,,,,,,,,,,
,,10,,,,,,,,1350,,,,,,,,100,,,,,,,,,,,,,,,,,,,,,,,,,,,,,,,,,,,,,,,,,,,,,,,,,,,,,,,,,,,,,,,,,,,,,,,,,,,,,,,,,,,,,,,,,,,,,,,,,,,,,,,,,,,,,,,,,,,,,,,,,,,,,,,,,12,,,,,,,,,,,,,,,,,,,,,,,,,,,,,,,,,,,,,,,,,,,,,,,,,,,,,,,,,,,,,,,,,
,,11,,,,,,,,1500,,,,,,,,110,,,,,,,,,,,,,,,,,,,,,,,,,,,,,,,,,,,,,,,,,,,,,,,,,,,,,,,,,,,,,,,,,,,,,,,,,,,,,,,,,,,,,,,,,,,,,,,,,,,,,,,,,,,,,,,,,,,,,,,,,,,,,,,,,13,,,,,,,,,,,,,,,,,,,,,,,,,,,,,,,,,,,,,,,,,,,,,,,,,,,,,,,,,,,,,,,,,
,,12,,,,,,,,1700,,,,,,,,125,,,,,,,,,,,,,,,,,,,,,,,,,,,,,,,,,,,,,,,,,,,,,,,,,,,,,,,,,,,,,,,,,,,,,,,,,,,,,,,,,,,,,,,,,,,,,,,,,,,,,,,,,,,,,,,,,,,,,,,,,,,,,,,,,14,,,,,,,,,,,,,,,,,,,,,,,,,,,,,,,,,,,,,,,,,,,,,,,,,,,,,,,,,,,,,,,,,
,,13,,,,,,,,1900,,,,,,,,140,,,,,,,,,,,,,,,,,,,,,,,,,,,,,,,,,,,,,,,,,,,,,,,,,,,,,,,,,,,,,,,,,,,,,,,,,,,,,,,,,,,,,,,,,,,,,,,,,,,,,,,,,,,,,,,,,,,,,,,,,,,,,,,,,15,,,,,,,,,,,,,,,,,,,,,,,,,,,,,,,,,,,,,,,,,,,,,,,,,,,,,,,,,,,,,,,,,
,,14,,,,,,,,2200,,,,,,,,155,,,,,,,,,,,,,,,,,,,,,,,,,,,,,,,,,,,,,,,,,,,,,,,,,,,,,,,,,,,,,,,,,,,,,,,,,,,,,,,,,,,,,,,,,,,,,,,,,,,,,,,,,,,,,,,,,,,,,,,,,,,,,,,,,16,,,,,,,,,,,,,,,,,,,,,,,,,,,,,,,,,,,,,,,,,,,,,,,,,,,,,,,,,,,,,,,,,
,,15,,,,,,,,2500,,,,,,,,170,,,,,,,,,,,,,,,,,,,,,,,,,,,,,,,,,,,,,,,,,,,,,,,,,,,,,,,,,,,,,,,,,,,,,,,,,,,,,,,,,,,,,,,,,,,,,,,,,,,,,,,,,,,,,,,,,,,,,,,,,,,,,,,,,17,,,,,,,,,,,,,,,,,,,,,,,,,,,,,,,,,,,,,,,,,,,,,,,,,,,,,,,,,,,,,,,,,
,,13,,,,,,,,2750,,,,,,,,190,,,,,,,,,,,,,,,,,,,,,,,,,,,,,,,,,,,,,,,,,,,,,,,,,,,,,,,,,,,,,,,,,,,,,,,,,,,,,,,,,,,,,,,,,,,,,,,,,,,,,,,,,,,,,,,,,,,,,,,,,,,,,,,,,18,,,,,,,,,,,,,,,,,,,,,,,,,,,,,,,,,,,,,,,,,,,,,,,,,,,,,,,,,,,,,,,,,
"Event Meteor Golem",4000167,1,,"TID_METEOR_GOLEM","TID_METEOR_GOLEM_INFO",40,0,1,150,4000,,,"Elixir",,500,1000,,170,1,100,,,"sc/ui.sc","icon_unit_splitgolem","unit_meteorgolem_big","sc/info_meteor_golem.sc",,"MeteoriteGolemProjectile",,,,,"Meteor_Golem_deploy",,"Meteor_Golem_ThrowAttack_SFX",,,"Meteor_Golem_Hit_SFX","FALSE","TRUE","TRUE",,1,"Meteor_Golem_die",,"MeteoriteGolem","Barracks","FALSE",,,0,"TombStone",,,,,,,,,"Event Meteormite",,,1,,,,,,,,,,,,,,,,,,,,,,"TRUE",,,,,,,,,,,,,,,,,,,,,,,,-50,,,,,,,,,,3000,3000,,"TRUE",,,,,,,,,,,,,,,,,"TRUE",,"TRUE",,,,,6,6,,,,,,,,,,,,,,"Wall",1000,,,,,,,,,,,,,,,,,,,,,,,,,,,,,,,,,"Meteor_Golem_Merge","Meteor_Golem_split",,"Meteor Golem",,,,,,,,,,,,,
,,2,,,,,,,,5000,,,,,,,,198,,,,,,,,,,,,,,,,,,,,,,,,,,,,,,,,,,,,,,,,,,,,,,,,,,,,,,,,,,,,,,,,,,,,,,,,,,,,,,,,,,,,,,,,,,,,,,,,,,,,,,,,,,,,,,,,,,,,,,,,,,,,,,,,,7,,,,,,,,,,,,,,,,,,,,,,,,,,,,,,,,,,,,,,,,,,,,,,,,,,,,,,,,,,,,,,,,,
,,3,,,,,,,,6000,,,,,,,,226,,,,,,,,,,,,,,,,,,,,,,,,,,,,,,,,,,,,,,,,,,,,,,,,,,,,,,,,,,,,,,,,,,,,,,,,,,,,,,,,,,,,,,,,,,,,,,,,,,,,,,,,,,,,,,,,,,,,,,,,,,,,,,,,,8,,,,,,,,,,,,,,,,,,,,,,,,,,,,,,,,,,,,,,,,,,,,,,,,,,,,,,,,,,,,,,,,,
,,4,,,,,,,,7000,,,,,,,,254,,,,,,,,,,,,,,,,,,,,,,,,,,,,,,,,,,,,,,,,,,,,,,,,,,,,,,,,,,,,,,,,,,,,,,,,,,,,,,,,,,,,,,,,,,,,,,,,,,,,,,,,,,,,,,,,,,,,,,,,,,,,,,,,,9,,,,,,,,,,,,,,,,,,,,,,,,,,,,,,,,,,,,,,,,,,,,,,,,,,,,,,,,,,,,,,,,,
,,5,,,,,,,,8000,,,,,,,,282,,,,,,,,,,,,,,,,,,,,,,,,,,,,,,,,,,,,,,,,,,,,,,,,,,,,,,,,,,,,,,,,,,,,,,,,,,,,,,,,,,,,,,,,,,,,,,,,,,,,,,,,,,,,,,,,,,,,,,,,,,,,,,,,,10,,,,,,,,,,,,,,,,,,,,,,,,,,,,,,,,,,,,,,,,,,,,,,,,,,,,,,,,,,,,,,,,,
,,6,,,,,,,,8500,,,,,,,,310,,,,,,,,,,,,,,,,,,,,,,,,,,,,,,,,,,,,,,,,,,,,,,,,,,,,,,,,,,,,,,,,,,,,,,,,,,,,,,,,,,,,,,,,,,,,,,,,,,,,,,,,,,,,,,,,,,,,,,,,,,,,,,,,,11,,,,,,,,,,,,,,,,,,,,,,,,,,,,,,,,,,,,,,,,,,,,,,,,,,,,,,,,,,,,,,,,,
,,7,,,,,,,,9000,,,,,,,,338,,,,,,,,,,,,,,,,,,,,,,,,,,,,,,,,,,,,,,,,,,,,,,,,,,,,,,,,,,,,,,,,,,,,,,,,,,,,,,,,,,,,,,,,,,,,,,,,,,,,,,,,,,,,,,,,,,,,,,,,,,,,,,,,,12,,,,,,,,,,,,,,,,,,,,,,,,,,,,,,,,,,,,,,,,,,,,,,,,,,,,,,,,,,,,,,,,,
,,8,,,,,,,,10000,,,,,,,,366,,,,,,,,,,,,,,,,,,,,,,,,,,,,,,,,,,,,,,,,,,,,,,,,,,,,,,,,,,,,,,,,,,,,,,,,,,,,,,,,,,,,,,,,,,,,,,,,,,,,,,,,,,,,,,,,,,,,,,,,,,,,,,,,,13,,,,,,,,,,,,,,,,,,,,,,,,,,,,,,,,,,,,,,,,,,,,,,,,,,,,,,,,,,,,,,,,,
,,9,,,,,,,,11000,,,,,,,,394,,,,,,,,,,,,,,,,,,,,,,,,,,,,,,,,,,,,,,,,,,,,,,,,,,,,,,,,,,,,,,,,,,,,,,,,,,,,,,,,,,,,,,,,,,,,,,,,,,,,,,,,,,,,,,,,,,,,,,,,,,,,,,,,,14,,,,,,,,,,,,,,,,,,,,,,,,,,,,,,,,,,,,,,,,,,,,,,,,,,,,,,,,,,,,,,,,,
,,10,,,,,,,,12000,,,,,,,,430,,,,,,,,,,,,,,,,,,,,,,,,,,,,,,,,,,,,,,,,,,,,,,,,,,,,,,,,,,,,,,,,,,,,,,,,,,,,,,,,,,,,,,,,,,,,,,,,,,,,,,,,,,,,,,,,,,,,,,,,,,,,,,,,,15,,,,,,,,,,,,,,,,,,,,,,,,,,,,,,,,,,,,,,,,,,,,,,,,,,,,,,,,,,,,,,,,,
,,11,,,,,,,,13000,,,,,,,,465,,,,,,,,,,,,,,,,,,,,,,,,,,,,,,,,,,,,,,,,,,,,,,,,,,,,,,,,,,,,,,,,,,,,,,,,,,,,,,,,,,,,,,,,,,,,,,,,,,,,,,,,,,,,,,,,,,,,,,,,,,,,,,,,,16,,,,,,,,,,,,,,,,,,,,,,,,,,,,,,,,,,,,,,,,,,,,,,,,,,,,,,,,,,,,,,,,,
,,12,,,,,,,,14500,,,,,,,,500,,,,,,,,,,,,,,,,,,,,,,,,,,,,,,,,,,,,,,,,,,,,,,,,,,,,,,,,,,,,,,,,,,,,,,,,,,,,,,,,,,,,,,,,,,,,,,,,,,,,,,,,,,,,,,,,,,,,,,,,,,,,,,,,,17,,,,,,,,,,,,,,,,,,,,,,,,,,,,,,,,,,,,,,,,,,,,,,,,,,,,,,,,,,,,,,,,,
,,13,,,,,,,,16000,,,,,,,,550,,,,,,,,,,,,,,,,,,,,,,,,,,,,,,,,,,,,,,,,,,,,,,,,,,,,,,,,,,,,,,,,,,,,,,,,,,,,,,,,,,,,,,,,,,,,,,,,,,,,,,,,,,,,,,,,,,,,,,,,,,,,,,,,,18,,,,,,,,,,,,,,,,,,,,,,,,,,,,,,,,,,,,,,,,,,,,,,,,,,,,,,,,,,,,,,,,,
"Event Meteormite",4000168,1,,"TID_METEOR_GOLEM_SMALL","TID_METEOR_GOLEM_SMALL_INFO",20,,,200,2000,,,,,80,1500,,68,1,,,,"sc/ui.sc","icon_unit_splitgolem_small","unit_meteorgolem_small","sc/info_meteor_golem.sc",,,,,,,"Meteor_Golem_ThrowAttack_SFX",,"Meteor_Golem_MeleeAttack_SFX",,"Meteor_Golem_attack","Meteor_Golem_Hit_SFX","FALSE","FALSE","TRUE",,,"Meteor_Golem_die",,"MeteoriteGolemSmall",,"TRUE",,,0,"TombStone",,,,,,,"TRUE",,,,"TRUE",,,,,,,,,,,,,,,,,,,,,,,,,,,,,,,,,,,,,,,,,,,,,,,-50,,,,,,,,,,1500,1500,,"TRUE",,,,,,,,,,,,,,,,,,,,,,,,,,,,,,,,,,,,,,,,,,,,,,,,,,,,,,,,,,,,,,,,,,,,,,,"Event Meteor Golem",500,,,"TRUE","MeteorGolemHalf",,,,,,,,,,,,,
,,2,,,,,,,,2500,,,,,,,,79,,,,,,,,,,,,,,,,,,,,,,,,,,,,,,,,,,,,,,,,,,,,,,,,,,,,,,,,,,,,,,,,,,,,,,,,,,,,,,,,,,,,,,,,,,,,,,,,,,,,,,,,,,,,,,,,,,,,,,,,,,,,,,,,,,,,,,,,,,,,,,,,,,,,,,,,,,,,,,,,,,,,,,,,,,,,,,,,,,,,,,,,,,,,,,,,,,
,,3,,,,,,,,3000,,,,,,,,90,,,,,,,,,,,,,,,,,,,,,,,,,,,,,,,,,,,,,,,,,,,,,,,,,,,,,,,,,,,,,,,,,,,,,,,,,,,,,,,,,,,,,,,,,,,,,,,,,,,,,,,,,,,,,,,,,,,,,,,,,,,,,,,,,,,,,,,,,,,,,,,,,,,,,,,,,,,,,,,,,,,,,,,,,,,,,,,,,,,,,,,,,,,,,,,,,,
,,4,,,,,,,,3500,,,,,,,,101,,,,,,,,,,,,,,,,,,,,,,,,,,,,,,,,,,,,,,,,,,,,,,,,,,,,,,,,,,,,,,,,,,,,,,,,,,,,,,,,,,,,,,,,,,,,,,,,,,,,,,,,,,,,,,,,,,,,,,,,,,,,,,,,,,,,,,,,,,,,,,,,,,,,,,,,,,,,,,,,,,,,,,,,,,,,,,,,,,,,,,,,,,,,,,,,,,
,,5,,,,,,,,4000,,,,,,,,112,,,,,,,,,,,,,,,,,,,,,,,,,,,,,,,,,,,,,,,,,,,,,,,,,,,,,,,,,,,,,,,,,,,,,,,,,,,,,,,,,,,,,,,,,,,,,,,,,,,,,,,,,,,,,,,,,,,,,,,,,,,,,,,,,,,,,,,,,,,,,,,,,,,,,,,,,,,,,,,,,,,,,,,,,,,,,,,,,,,,,,,,,,,,,,,,,,
,,6,,,,,,,,4250,,,,,,,,123,,,,,,,,,,,,,,,,,,,,,,,,,,,,,,,,,,,,,,,,,,,,,,,,,,,,,,,,,,,,,,,,,,,,,,,,,,,,,,,,,,,,,,,,,,,,,,,,,,,,,,,,,,,,,,,,,,,,,,,,,,,,,,,,,,,,,,,,,,,,,,,,,,,,,,,,,,,,,,,,,,,,,,,,,,,,,,,,,,,,,,,,,,,,,,,,,,
,,7,,,,,,,,4500,,,,,,,,134,,,,,,,,,,,,,,,,,,,,,,,,,,,,,,,,,,,,,,,,,,,,,,,,,,,,,,,,,,,,,,,,,,,,,,,,,,,,,,,,,,,,,,,,,,,,,,,,,,,,,,,,,,,,,,,,,,,,,,,,,,,,,,,,,,,,,,,,,,,,,,,,,,,,,,,,,,,,,,,,,,,,,,,,,,,,,,,,,,,,,,,,,,,,,,,,,,
,,8,,,,,,,,5000,,,,,,,,145,,,,,,,,,,,,,,,,,,,,,,,,,,,,,,,,,,,,,,,,,,,,,,,,,,,,,,,,,,,,,,,,,,,,,,,,,,,,,,,,,,,,,,,,,,,,,,,,,,,,,,,,,,,,,,,,,,,,,,,,,,,,,,,,,,,,,,,,,,,,,,,,,,,,,,,,,,,,,,,,,,,,,,,,,,,,,,,,,,,,,,,,,,,,,,,,,,
,,9,,,,,,,,5500,,,,,,,,156,,,,,,,,,,,,,,,,,,,,,,,,,,,,,,,,,,,,,,,,,,,,,,,,,,,,,,,,,,,,,,,,,,,,,,,,,,,,,,,,,,,,,,,,,,,,,,,,,,,,,,,,,,,,,,,,,,,,,,,,,,,,,,,,,,,,,,,,,,,,,,,,,,,,,,,,,,,,,,,,,,,,,,,,,,,,,,,,,,,,,,,,,,,,,,,,,,
,,10,,,,,,,,6000,,,,,,,,172,,,,,,,,,,,,,,,,,,,,,,,,,,,,,,,,,,,,,,,,,,,,,,,,,,,,,,,,,,,,,,,,,,,,,,,,,,,,,,,,,,,,,,,,,,,,,,,,,,,,,,,,,,,,,,,,,,,,,,,,,,,,,,,,,,,,,,,,,,,,,,,,,,,,,,,,,,,,,,,,,,,,,,,,,,,,,,,,,,,,,,,,,,,,,,,,,,
,,11,,,,,,,,6500,,,,,,,,180,,,,,,,,,,,,,,,,,,,,,,,,,,,,,,,,,,,,,,,,,,,,,,,,,,,,,,,,,,,,,,,,,,,,,,,,,,,,,,,,,,,,,,,,,,,,,,,,,,,,,,,,,,,,,,,,,,,,,,,,,,,,,,,,,,,,,,,,,,,,,,,,,,,,,,,,,,,,,,,,,,,,,,,,,,,,,,,,,,,,,,,,,,,,,,,,,,
,,12,,,,,,,,7250,,,,,,,,200,,,,,,,,,,,,,,,,,,,,,,,,,,,,,,,,,,,,,,,,,,,,,,,,,,,,,,,,,,,,,,,,,,,,,,,,,,,,,,,,,,,,,,,,,,,,,,,,,,,,,,,,,,,,,,,,,,,,,,,,,,,,,,,,,,,,,,,,,,,,,,,,,,,,,,,,,,,,,,,,,,,,,,,,,,,,,,,,,,,,,,,,,,,,,,,,,,
,,13,,,,,,,,8000,,,,,,,,220,,,,,,,,,,,,,,,,,,,,,,,,,,,,,,,,,,,,,,,,,,,,,,,,,,,,,,,,,,,,,,,,,,,,,,,,,,,,,,,,,,,,,,,,,,,,,,,,,,,,,,,,,,,,,,,,,,,,,,,,,,,,,,,,,,,,,,,,,,,,,,,,,,,,,,,,,,,,,,,,,,,,,,,,,,,,,,,,,,,,,,,,,,,,,,,,,,
"Tutorial Goblin",4000039,1,,"TID_GOBLIN","TID_CHARACTER_INFO_GOBLIN",1,4,1,750,1,,,,,40,1000,,11,2,,,,"sc/ui.sc","icon_unit_goblin","unit_goblin_big","sc/info_goblin.sc",,,,,"Resource",,"Goblin Deploy",,"Goblin Attack",,"Goblin Hit",,"FALSE","FALSE","TRUE",,,"Goblin Die",,"Goblin",,"FALSE",,,0,"TombStone",,,,,,,"TRUE",,,,,,,,,,,,,,,,,,,,,,,,,,,,50,,,,,,,,,,,,,,,,,,,,,,,-50,,,,,,,,,,50,50,,"TRUE",,,,,,,,,,,,,,,,,,,,,,,,,,,,,,,,,,,,,,,,,,,,,,,,,,,,,,,,,,,,,,,,,,,,,,,,,,,,,,,,,,,,,,,,,
"Tutorial Barbarian",4000089,1,,"TID_BARBARIAN","TID_CHARACTER_INFO_BARBARIAN",1,1,1,200,100,,,,,40,1000,,8,1,,,,"sc/ui.sc","icon_unit_barbarian","unit_barbarian_big","sc/info_barbarian.sc",,,,,,,"Barbarian Deploy",,"Barbarian Attack",,"Barbarian Hit",,"FALSE","FALSE","TRUE",,,"Barbarian Die",,"Barbarian",,"FALSE",,,0,"TombStone",,,,,,,"TRUE",,,,,,,,,,,,,,,,,,,,,,,,,,,,,,,,,,,,,,,,,,,,,,,,,,,-50,,,,,,,,,,100,100,,"TRUE",,,,,,,,,,,,,,,,,,,,,,,,,,,,,,,,,,,,,,,,,,,,,,,,,,,,,,,,,,,,,,,,,,,,,,,,,,,,,,,,,,,,,,,,,
"Golden Dragon",4000060,1,,"TID_DRAGON","TID_CHARACTER_INFO_DRAGON",100,0,1,200,32000,,,"Elixir",,250,1250,,1400,1,100,,,"sc/ui.sc","icon_unit_golddragon","unit_dragon_big","sc/info_dragon.sc",,,,,,,"Dragon Deploy",,"MegaDragon Attack",,"Dragon Hit",,"TRUE","TRUE","TRUE",,,"Dragon Die",,"Golden Dragon",,"FALSE",,,15,"TombStone",,,,,,,"TRUE",,,,,,,,,,,,,,,,,,,,,,,,,,,,,,,,,,,,,,,,,,,,,,,,,,,160,,,,,,,,,,8000,8000,,"TRUE",,,,,,,,,,,,,,,,,"TRUE",,,,,,,,,,,,,,,,,,,,,,,,,,,,,,,,,,,,,,,,,,,,,,,,,,,,,,,,,,,,,,,,,,,,,,,,
"MOMMA",4000090,1,,"TID_SUPER_CHARGED_PEKKA","TID_CHARACTER_INFO_SUPER_CHARGED_PEKKA",100,1,1,150,50000,,,"DarkElixir",,125,5000,,2000,,300,,,"sc/ui.sc","icon_unit_electric_pekka","unit_charged_pekka_big","sc/info_super_charged_pekka.sc",,,,,,,"Pekka Deploy",,"Pekka Attack",,"Pekka Hit","Super_Bomb","FALSE","TRUE","TRUE",,,"Pekka Die",,"MOMMA",,"FALSE",,,0,"DarkTombStone",,,,,,,"TRUE",,,,,,,,,,,,,,,,,,,,,,,,,,,,,,,,,,,,,,,,,,,,,,,,,,,-50,,,,,,,,,,25000,25000,,"TRUE",,,,,,,,,,,,,,,,,"TRUE",,,,,,,,,,,,,,,,,,,,,,,,,,,,,,,,,,,,,,,,,,,,,,,,,,,,,,,,,,,,,,,,,,,,,,,,
"Mega COOKIE",4000145,1,,"TID_CHARACTER_COOKIE_PEKKA","TID_CHARACTER_INFO_COOKIE_PEKKA",100,1,1,150,25000,,,"Elixir",,160,2500,,8200,1,180,,"TRUE","sc/ui.sc","icon_unit_cookie_pekka","unit_cookie_pekka_big","sc/info_cookie_pekka.sc",,,,,,,"Pekka_Cookie_Deploy",,"Pekka_Cookie_Attack",,"Pekka_Cookie_Hit",,"FALSE","TRUE","TRUE",,,"Pekka_Cookie_Die",,"Mega COOKIE","Barracks","FALSE",,,0,"GingerbreadTombStone",,,,,,,,,,,,,,,,,,,,,,,,,,,,,,,,,,,,,,,,,,,,,,,,,,,,,,,,,,-50,,,,,,,,,,1000,1000,,"TRUE",,,,,,,,,,,,,,,,,"TRUE",,"TRUE",,,,,,,,,,,,,,,,,,,,,,,,,,,,,,,,,,,,,,,,,,,,,,,,,,,,,,,,,"TroopCookie",,,,,,,,,,,,,
"Defending Builder",4000088,1,,,,1,,,250,100000,,,,,50,750,,-50,,,,,,,,,1,,,,,,,,,,,,"FALSE","FALSE","TRUE",,,,,"Defending Builder",,"TRUE",,,,,,,,,,,"TRUE",,,,,,,,,,,,,,,,,,,,,,,,,,,,,,,,,,,,,,,,,,,,,,,,,,,-50,,,,,,,,,,,,,,,,,,,,,,,,,,,,,,,,,,,,,,,,,,,,,,,,,,,,,,,,,,,,,,,,,,,,,,,,"DefaultBuilderSkin",,,,,,,,,,,,,,,,,,,,,,,,,,,,,,
,,2,,,,,,,,100500,,,,,,,,-60,,,,,,,,,,,,,,,,,,,,,,,,,,,,,,,,,,,,,,,,,,,,,,,,,,,,,,,,,,,,,,,,,,,,,,,,,,,,,,,,,,,,,,,,,,,,,,,,,,,,,,,,,,,,,,,,,,,,,,,,,,,,,,,,,,,,,,,,,,,,,,,,,,,,,,,,,,,,,,,,,,,,,,,,,,,,,,,,,,,,,,,,,,,,,,,,,,
,,3,,,,,,,,101000,,,,,,,,-70,,,,,,,,,,,,,,,,,,,,,,,,,,,,,,,,,,,,,,,,,,,,,,,,,,,,,,,,,,,,,,,,,,,,,,,,,,,,,,,,,,,,,,,,,,,,,,,,,,,,,,,,,,,,,,,,,,,,,,,,,,,,,,,,,,,,,,,,,,,,,,,,,,,,,,,,,,,,,,,,,,,,,,,,,,,,,,,,,,,,,,,,,,,,,,,,,,
,,4,,,,,,,,101500,,,,,,,,-80,,,,,,,,,,,,,,,,,,,,,,,,,,,,,,,,,,,,,,,,,,,,,,,,,,,,,,,,,,,,,,,,,,,,,,,,,,,,,,,,,,,,,,,,,,,,,,,,,,,,,,,,,,,,,,,,,,,,,,,,,,,,,,,,,,,,,,,,,,,,,,,,,,,,,,,,,,,,,,,,,,,,,,,,,,,,,,,,,,,,,,,,,,,,,,,,,,
,,5,,,,,,,,101600,,,,,,,,-85,,,,,,,,,,,,,,,,,,,,,,,,,,,,,,,,,,,,,,,,,,,,,,,,,,,,,,,,,,,,,,,,,,,,,,,,,,,,,,,,,,,,,,,,,,,,,,,,,,,,,,,,,,,,,,,,,,,,,,,,,,,,,,,,,,,,,,,,,,,,,,,,,,,,,,,,,,,,,,,,,,,,,,,,,,,,,,,,,,,,,,,,,,,,,,,,,,
,,6,,,,,,,,101700,,,,,,,,-90,,,,,,,,,,,,,,,,,,,,,,,,,,,,,,,,,,,,,,,,,,,,,,,,,,,,,,,,,,,,,,,,,,,,,,,,,,,,,,,,,,,,,,,,,,,,,,,,,,,,,,,,,,,,,,,,,,,,,,,,,,,,,,,,,,,,,,,,,,,,,,,,,,,,,,,,,,,,,,,,,,,,,,,,,,,,,,,,,,,,,,,,,,,,,,,,,,
,,7,,,,,,,,101800,,,,,,,,-95,,,,,,,,,,,,,,,,,,,,,,,,,,,,,,,,,,,,,,,,,,,,,,,,,,,,,,,,,,,,,,,,,,,,,,,,,,,,,,,,,,,,,,,,,,,,,,,,,,,,,,,,,,,,,,,,,,,,,,,,,,,,,,,,,,,,,,,,,,,,,,,,,,,,,,,,,,,,,,,,,,,,,,,,,,,,,,,,,,,,,,,,,,,,,,,,,,
"Icemite",4000096,1,,"TID_CHARACTER_ICE_SPIRIT","TID_CHARACTER_ICE_SPIRIT_INFO",1,1,1,300,450,,,"DarkElixir",,200,1000,,15,1,80,,,,,"unit_pet_frostyfrostmite_big","sc/info_pet_frosty.sc",,"FrostmiteJump",,,"Defense",,"Frostmite Deploy",,,,,,"FALSE","TRUE","TRUE",,1,"Frostmite Jump",,"IceSpirit",,"TRUE",,,0,,,,,,,,"TRUE",,,,"TRUE",,,,,,,,,,,,,,,,,,,,,,,,,,,,,,,,,,,,,,,,,,,,,,,-50,,,,,,,,,,100,100,500,"FALSE",,,,,,,,,,,,,,,,,,,,,,,,,,,,,,,,,,,,,,,,,4000,50,"TRUE",,50,,,,,,,,,,,,,0,,,,,,,,,,,,,,,,,,"SecondaryTroopDefense",,,,,,,,,,,,,
"Booger",4000141,1,,"TID_SNEEZY_SPAWN","TID_CHARACTER_INFO_SNEEZY_SPAWN",4,,,200,1100,,,,,90,1000,,105,1,,,,,,"unit_pet_bubble_spirit_big","sc/info_pet_sneezy.sc",,,,,,,"ps_pet_sneezy_spirit_Deploy",,"ps_pet_sneezy_spirit_Attack",,"ps_pet_sneezy_spirit_AttackHit",,"TRUE","TRUE","TRUE",,,"ps_pet_sneezy_spirit_die",,"AirSplitPetSpawn",,"FALSE",,,100,,,,,,,,"TRUE",,,,"TRUE",,,,,,,,,,,,,,,,,,,,,,,,,,,,,,,,,,,,,,,,,,,,,,,40,,,,,,,,,,50,300,,"FALSE",,,,,,,,,,,,,,,,,,,,,,,,,,,,,,,,,,,,,,,,,,,,,,,,,,,,,,,,,,,"PetBatBubbleDefault",,,,,,,,,,,,,,,,,"SecondaryTroop",,,,,,,,,,,,,
,,2,,,,,,,,1200,,,,,,,,110,,,,,,,,,,,,,,,,,,,,,,,,,,,,,,,,,,,,,,,,,,,,,,,,,,,,,,,,,,,,,,,,,,,,,,,,,,,,,,,,,,,,,,,,,,,,,,,,,,,,,,,,,,,,,,,,,,,,,,,,,,,,,,,,,,,,,,,,,,,,,,,,,,,,,,,,,,,,,,,,,,,,,,,,,,,,,,,,,,,,,,,,,,,,,,,,,,
,,3,,,,,,,,1300,,,,,,,,115,,,,,,,,,,,,,,,,,,,,,,,,,,,,,,,,,,,,,,,,,,,,,,,,,,,,,,,,,,,,,,,,,,,,,,,,,,,,,,,,,,,,,,,,,,,,,,,,,,,,,,,,,,,,,,,,,,,,,,,,,,,,,,,,,,,,,,,,,,,,,,,,,,,,,,,,,,,,,,,,,,,,,,,,,,,,,,,,,,,,,,,,,,,,,,,,,,
,,4,,,,,,,,1400,,,,,,,,120,,,,,,,,,,,,,,,,,,,,,,,,,,,,,,,,,,,,,,,,,,,,,,,,,,,,,,,,,,,,,,,,,,,,,,,,,,,,,,,,,,,,,,,,,,,,,,,,,,,,,,,,,,,,,,,,,,,,,,,,,,,,,,,,,,,,,,,,,,,,,,,,,,,,,,,,,,,,,,,,,,,,,,,,,,,,,,,,,,,,,,,,,,,,,,,,,,
,,5,,,,,,,,1500,,,,,,,,125,,,,,,,,,,,,,,,,,,,,,,,,,,,,,,,,,,,,,,,,,,,,,,,,,,,,,,,,,,,,,,,,,,,,,,,,,,,,,,,,,,,,,,,,,,,,,,,,,,,,,,,,,,,,,,,,,,,,,,,,,,,,,,,,,,,,,,,,,,,,,,,,,,,,,,,,,,,,,,,,,,,,,,,,,,,,,,,,,,,,,,,,,,,,,,,,,,
,,6,,,,,,,,1600,,,,,,,,130,,,,,,,,,,,,,,,,,,,,,,,,,,,,,,,,,,,,,,,,,,,,,,,,,,,,,,,,,,,,,,,,,,,,,,,,,,,,,,,,,,,,,,,,,,,,,,,,,,,,,,,,,,,,,,,,,,,,,,,,,,,,,,,,,,,,,,,,,,,,,,,,,,,,,,,,,,,,,,,,,,,,,,,,,,,,,,,,,,,,,,,,,,,,,,,,,,
,,7,,,,,,,,1700,,,,,,,,135,,,,,,,,,,,,,,,,,,,,,,,,,,,,,,,,,,,,,,,,,,,,,,,,,,,,,,,,,,,,,,,,,,,,,,,,,,,,,,,,,,,,,,,,,,,,,,,,,,,,,,,,,,,,,,,,,,,,,,,,,,,,,,,,,,,,,,,,,,,,,,,,,,,,,,,,,,,,,,,,,,,,,,,,,,,,,,,,,,,,,,,,,,,,,,,,,,
,,8,,,,,,,,1800,,,,,,,,140,,,,,,,,,,,,,,,,,,,,,,,,,,,,,,,,,,,,,,,,,,,,,,,,,,,,,,,,,,,,,,,,,,,,,,,,,,,,,,,,,,,,,,,,,,,,,,,,,,,,,,,,,,,,,,,,,,,,,,,,,,,,,,,,,,,,,,,,,,,,,,,,,,,,,,,,,,,,,,,,,,,,,,,,,,,,,,,,,,,,,,,,,,,,,,,,,,
,,9,,,,,,,,1900,,,,,,,,145,,,,,,,,,,,,,,,,,,,,,,,,,,,,,,,,,,,,,,,,,,,,,,,,,,,,,,,,,,,,,,,,,,,,,,,,,,,,,,,,,,,,,,,,,,,,,,,,,,,,,,,,,,,,,,,,,,,,,,,,,,,,,,,,,,,,,,,,,,,,,,,,,,,,,,,,,,,,,,,,,,,,,,,,,,,,,,,,,,,,,,,,,,,,,,,,,,
,,10,,,,,,,,2000,,,,,,,,150,,,,,,,,,,,,,,,,,,,,,,,,,,,,,,,,,,,,,,,,,,,,,,,,,,,,,,,,,,,,,,,,,,,,,,,,,,,,,,,,,,,,,,,,,,,,,,,,,,,,,,,,,,,,,,,,,,,,,,,,,,,,,,,,,,,,,,,,,,,,,,,,,,,,,,,,,,,,,,,,,,,,,,,,,,,,,,,,,,,,,,,,,,,,,,,,,,
"Spell Shielded Skeleton",4000073,1,,"TID_SKELETON","TID_CHARACTER_INFO_SKELETON",1,1,1,300,30,,,,,40,1000,,25,1,,,,,,"unit_skeletonwarrior_big","sc/info_witch.sc",,,,,,,"Skeleton Deploy",,"Skeleton Attack",,"Skeleton Hit",,"FALSE","FALSE","TRUE",,,,,"SkeletonShielded",,"FALSE",,,0,,,,,,,,"TRUE",,"Spell Unshielded Skeleton",,"TRUE",1,0,,"FALSE",,,,,,,,,,,,,,,,,,500,,,,,,,,,,,,,,,,,,,,,,,,,-50,,,,,,,,,,50,100,,"FALSE",,,,,,,,,,,,,,,,,,,,,,,,,,,,,,,,,,,,,,,,,,,"TRUE",,85,,,,,,,,,,,,,0,,,,,,,,,,,,,,,,,,,,,,,,,,,,,,,
"Spell Unshielded Skeleton",4000074,1,,"TID_SKELETON","TID_CHARACTER_INFO_SKELETON",1,1,1,300,30,,,,,40,1000,,25,1,,,,,,"unit_skeletonwarrior_big","sc/info_witch.sc",,,,,,,"Skeleton Deploy",,"Skeleton Attack",,"Skeleton Hit",,"FALSE","FALSE","TRUE",,,"Skeleton Die",,"SkeletonUnshielded",,"FALSE",,,0,,,,,,,,"TRUE",,,,"TRUE",,,,,,,,,,,,,,,,,,,,,,500,,,,,,,,,,,,,,,,,,,,,,,,,-50,,,,,,,,,,50,100,,"FALSE",,,,,,,,,,,,,,,,,,,,,,,,,,,,,,,,,,,,,,,,,,,"TRUE",,85,,,,,,,,,,,,,0,,,,,,,,,,,,,,,,,,,,,,,,,,,,,,,
"Spell Bat",4000068,1,,"TID_BAT","TID_CHARACTER_INFO_BAT",1,1,1,700,20,,,"Elixir",50000,30,2000,,30,1,,,,,,"unit_bat_big","sc/info_nightwitch.sc",,,,,"Defense",,"Bat Deploy",,"Bat Attack",,"Bat Hit",,"TRUE","TRUE","TRUE",,,"Tinymite Die",,"Bat_lvl1",,"FALSE",,8,200,,,,,,,,"TRUE",,,,"TRUE",,,,,,,,,,,,,,,,,,,,,,,,,,,,,,,,,,,,,,,,,,,,,,,100,,,,,,,,,,50,100,1500,"FALSE",,,,,,,,,,,,,,,,,,,,,,,,,,,,,,,,,,,,,,,,,,,"TRUE",,85,,,,,,,,,,,,,0,,,,,,,,,,,,,,,,,,,,,,,,,,,,,,,
"BouncingFrostmite",4000113,1,,"TID_CHARACTER_ICE_SPIRIT","TID_CHARACTER_ICE_SPIRIT_INFO",1,1,1,300,450,,,"DarkElixir",,200,1000,,15,1,80,,,,,"unit_pet_frostyfrostmite_big","sc/info_pet_frosty.sc",,"BouncingFrostmiteJump",,,"Defense",,"Bouncing Frostmite Deploy",,,,,,"FALSE","TRUE","TRUE",,1,"Bouncing Frostmite Jump",,"IceSpirit",,"TRUE",,,0,,,,,,,,"TRUE",,,,"TRUE",,,,,,,,,,,,,,,,,,,,,,,,,,,,,,,,,,,,,,,,,,,,,,,-50,,,,,,,,,2,100,100,500,"FALSE",,,,,,,,,,,,,,,,,,,,,,,,,,,,,,,,,,,,,,,,,3000,30,"TRUE",,50,,,,,,,,,,,,,0,,,,,,,,,,,,,,,,,,"SecondaryTroopDefense",,,,,,,,,,,,,
"Totem",4000175,1,,"TID_GOLEM","TID_CHARACTER_INFO_GOLEM",20,,,0,10000,,,,,1,1000,,1,,,,,,,"unit_golem_big","sc/info_golem.sc",,,,,,,"Golem Deploy",,"Spell_Totem_Attack",,"Golem Hit",,"FALSE","FALSE","TRUE","TRUE",,"Spell_Totem_Destroy",,"MeteorTotem",,"FALSE","TRUE",,0,,,,,,,,"TRUE",,,,"TRUE",,,,,,,,,,,,,,,,,,,,,,,,,,,,,,,,,,,,,,,,,,,,,,,0,,,,,,,,,,0,100,,"FALSE",,,,,,,,,,,,,,,,,,,,,167,500,,,,,,,,,,,,,,,,,,,,,"TRUE",,,,,,,,,,,,,,,0,,,,"DisableAttacking","1",,,,,,,,,,,,,,,,,,,,,,,,,,
,,2,,,,,,,,11000,,,,,,,,2,,,,,,,,,,,,,,,,,,,,,,,,,,,,,,,,,,,,,,,,,,,,,,,,,,,,,,,,,,,,,,,,,,,,,,,,,,,,,,,,,,,,,,,,,,,,,,,,,,,,,,,,,,,,,,,,,,,,,,,,,,,,,,,,,,,,,,,,,,,,,,,,,,,,,,,,,,,,,,,,,,,,,,,,,,,,,,,,,,,,,,,,,,,,,,,,,,
,,3,,,,,,,,12000,,,,,,,,3,,,,,,,,,,,,,,,,,,,,,,,,,,,,,,,,,,,,,,,,,,,,,,,,,,,,,,,,,,,,,,,,,,,,,,,,,,,,,,,,,,,,,,,,,,,,,,,,,,,,,,,,,,,,,,,,,,,,,,,,,,,,,,,,,,,,,,,,,,,,,,,,,,,,,,,,,,,,,,,,,,,,,,,,,,,,,,,,,,,,,,,,,,,,,,,,,,
,,4,,,,,,,,13000,,,,,,,,4,,,,,,,,,,,,,,,,,,,,,,,,,,,,,,,,,,,,,,,,,,,,,,,,,,,,,,,,,,,,,,,,,,,,,,,,,,,,,,,,,,,,,,,,,,,,,,,,,,,,,,,,,,,,,,,,,,,,,,,,,,,,,,,,,,,,,,,,,,,,,,,,,,,,,,,,,,,,,,,,,,,,,,,,,,,,,,,,,,,,,,,,,,,,,,,,,,
"Trap Skeleton",4000019,1,,"TID_SKELETON","TID_CHARACTER_INFO_SKELETON",1,1,1,300,30,,,,,40,700,,25,1,,,,,,"skele_trap_land_lvl1_info","sc/ui.sc",,,,,,,"Skeleton Deploy",,"Skeleton Attack",,"Skeleton Hit",,"FALSE","FALSE","TRUE",,,"Skeleton Die",,"Skeleton",,"FALSE",,,0,,,,,,,,"TRUE",,,,"TRUE",,,,,,,,,,,,,,,,,,,,,,500,,,,,,,,,,,,,,,,,,,,,,,,,-50,,"trap_skeleton_icon",,,,,,,,50,100,,"TRUE",,,,,,,,,,,,,,,,,,,,,,,,,,,,,,,,,,,,,,,,,,,,,,,,,,,,,,,,,,0,,,,,,,,,,,,,,,,,,"SecondaryTroop",,,,,,,,,,,,,
,,2,,,,,,,,45,,,,,,,,30,,,,,,,,,,,,,,,,,,,,,,,,,,,,,,,,,,,,,,,,,,,,,,,,,,,,,,,,,,,,,,,,,,,,,,,,,,,,,,,,,,,,,,,,,,,,,,,,,,,,,,,,,,,,,,,,,,,,,,,,,,,,,,,,,,,,,,,,,,,,,,,,,,,,,,,,,,,,,,,,,,,,,,,,,,,,,,,,,,,,,,,,,,,,,,,,,,
"Trap Air Skeleton",4000021,1,,"TID_AIR_SKELETON","TID_CHARACTER_INFO_AIR_SKELETON",1,1,1,220,30,,,,,0,700,,25,1,,,,,,"skele_trap_land_lvl1_info","sc/ui.sc",,,,,,,,,"Skeleton Attack",,"Skeleton Hit",,"TRUE","TRUE","FALSE",,,"Skeleton Die",,"Airskeleton","Dark Barracks","FALSE",,,100,,,,,,,,"TRUE",,,,"TRUE",,,,,,,,,,,,,,,,,,,,,,500,,,,,,,,,,,,,,,,,,,,,,,,,60,,"trap_skeleton_icon",,,,,,,,100,100,,"TRUE",,,,,,,,,,,,,,,,,,,,,,,,,,,,,,,,,,,,,,,,,,,,,,,,,,,,,,,,,,0,,,,,,,,,,,,,,,,,,"Air Skeleton",,,,,,,,,,,,,
,,2,,,,,,,,45,,,,,,,,30,,,,,,,,,,,,,,,,,,,,,,,,,,,,,,,,,,,,,,,,,,,,,,,,,,,,,,,,,,,,,,,,,,,,,,,,,,,,,,,,,,,,,,,,,,,,,,,,,,,,,,,,,,,,,,,,,,,,,,,,,,,,,,,,,,,,,,,,,,,,,,,,,,,,,,,,,,,,,,,,,,,,,,,,,,,,,,,,,,,,,,,,,,,,,,,,,,
"Trap Minion",4000020,1,,"TID_GARGOYLE","TID_CHARACTER_INFO_MINION",2,1,1,300,30,,,,,0,700,,25,1,,,,,,"unit_flyingF_big","sc/info_minion.sc",,"gargoyle_projectile",,,,,"Gargoyle Deploy",,"Gargoyle Attack",,"Gargoyle Hit",,"TRUE","TRUE","FALSE",,,"Gargoyle Die",,"Gargoyle_lvl1","Dark Barracks","FALSE",,,100,"DarkTombStone",,,,,,,"TRUE",,,,"TRUE",,,,,,,,,,,,,,,,,,,,,,,,,,,,,,,,,,,,,,,,,,,,,,,60,,,,,,,,,,100,100,,"TRUE",,,,,,,,,,,,,,,,,,,,,,,,,,,,,,,,,,,,,,,,,,,,,,,,,,,,,,,,,,,,,,,,,,,,,,,,,,,,,,,,,,,,,,,,,
"BK Equipment Snake",4000144,1,,"TID_BARBKINGEQUIPSNAKE","TID_CHARACTER_INFO_BARBKINGEQUIPSNAKE",1,1,1,300,260,,,,,40,1000,,32,1,,,,,,"unit_lny_bk_snakes_big","sc/info_snake_barrel.sc",,,,,,,"Snake Deploy",,"Troop_BarrelSnake_Attack",,"Snake Hit",,"FALSE","FALSE","TRUE",,,"Troop_BarrelSnake_Die",,"BKSnakeTroop",,"TRUE",,,0,,,,,,,,"TRUE",,,,"TRUE",,,,,,,,,,,,,,,,,,,,,,500,,,,,,,,,,,,,,,,,,,,,,,,,-50,,,,,,,,,,50,100,,"TRUE",,,,,,,,,,,,,,,,,,,,,,,,,,,,,,,,,,,,,,,,,,,"TRUE",,,,,,,,,,,,,,,,,,,,,,,,,,,,,,,,,"SecondaryTroop",,,,,,,,,,,,,
,,2,,,,,,,,280,,,,,,,,34,,,,,,,,,,,,,,,,,,,,,,,,,,,,,,,,,,,,,,,,,,,,,,,,,,,,,,,,,,,,,,,,,,,,,,,,,,,,,,,,,,,,,,,,,,,,,,,,,,,,,,,,,,,,,,,,,,,,,,,,,,,,,,,,,,,,,,,,,,,,,,,,,,,,,,,,,,,,,,,,,,,,,,,,,,,,,,,,,,,,,,,,,,,,,,,,,,
,,3,,,,,,,,300,,,,,,,,36,,,,,,,,,,,,,,,,,,,,,,,,,,,,,,,,,,,,,,,,,,,,,,,,,,,,,,,,,,,,,,,,,,,,,,,,,,,,,,,,,,,,,,,,,,,,,,,,,,,,,,,,,,,,,,,,,,,,,,,,,,,,,,,,,,,,,,,,,,,,,,,,,,,,,,,,,,,,,,,,,,,,,,,,,,,,,,,,,,,,,,,,,,,,,,,,,,
,,4,,,,,,,,320,,,,,,,,38,,,,,,,,,,,,,,,,,,,,,,,,,,,,,,,,,,,,,,,,,,,,,,,,,,,,,,,,,,,,,,,,,,,,,,,,,,,,,,,,,,,,,,,,,,,,,,,,,,,,,,,,,,,,,,,,,,,,,,,,,,,,,,,,,,,,,,,,,,,,,,,,,,,,,,,,,,,,,,,,,,,,,,,,,,,,,,,,,,,,,,,,,,,,,,,,,,
,,5,,,,,,,,340,,,,,,,,40,,,,,,,,,,,,,,,,,,,,,,,,,,,,,,,,,,,,,,,,,,,,,,,,,,,,,,,,,,,,,,,,,,,,,,,,,,,,,,,,,,,,,,,,,,,,,,,,,,,,,,,,,,,,,,,,,,,,,,,,,,,,,,,,,,,,,,,,,,,,,,,,,,,,,,,,,,,,,,,,,,,,,,,,,,,,,,,,,,,,,,,,,,,,,,,,,,
,,6,,,,,,,,360,,,,,,,,42,,,,,,,,,,,,,,,,,,,,,,,,,,,,,,,,,,,,,,,,,,,,,,,,,,,,,,,,,,,,,,,,,,,,,,,,,,,,,,,,,,,,,,,,,,,,,,,,,,,,,,,,,,,,,,,,,,,,,,,,,,,,,,,,,,,,,,,,,,,,,,,,,,,,,,,,,,,,,,,,,,,,,,,,,,,,,,,,,,,,,,,,,,,,,,,,,,
,,7,,,,,,,,380,,,,,,,,44,,,,,,,,,,,,,,,,,,,,,,,,,,,,,,,,,,,,,,,,,,,,,,,,,,,,,,,,,,,,,,,,,,,,,,,,,,,,,,,,,,,,,,,,,,,,,,,,,,,,,,,,,,,,,,,,,,,,,,,,,,,,,,,,,,,,,,,,,,,,,,,,,,,,,,,,,,,,,,,,,,,,,,,,,,,,,,,,,,,,,,,,,,,,,,,,,,
,,8,,,,,,,,420,,,,,,,,46,,,,,,,,,,,,,,,,,,,,,,,,,,,,,,,,,,,,,,,,,,,,,,,,,,,,,,,,,,,,,,,,,,,,,,,,,,,,,,,,,,,,,,,,,,,,,,,,,,,,,,,,,,,,,,,,,,,,,,,,,,,,,,,,,,,,,,,,,,,,,,,,,,,,,,,,,,,,,,,,,,,,,,,,,,,,,,,,,,,,,,,,,,,,,,,,,,
,,9,,,,,,,,460,,,,,,,,48,,,,,,,,,,,,,,,,,,,,,,,,,,,,,,,,,,,,,,,,,,,,,,,,,,,,,,,,,,,,,,,,,,,,,,,,,,,,,,,,,,,,,,,,,,,,,,,,,,,,,,,,,,,,,,,,,,,,,,,,,,,,,,,,,,,,,,,,,,,,,,,,,,,,,,,,,,,,,,,,,,,,,,,,,,,,,,,,,,,,,,,,,,,,,,,,,,
,,10,,,,,,,,500,,,,,,,,50,,,,,,,,,,,,,,,,,,,,,,,,,,,,,,,,,,,,,,,,,,,,,,,,,,,,,,,,,,,,,,,,,,,,,,,,,,,,,,,,,,,,,,,,,,,,,,,,,,,,,,,,,,,,,,,,,,,,,,,,,,,,,,,,,,,,,,,,,,,,,,,,,,,,,,,,,,,,,,,,,,,,,,,,,,,,,,,,,,,,,,,,,,,,,,,,,,
"MP Equipment Henchman",4000146,1,,"TID_MINION_BODYGUARD","TID_CHARACTER_INFO_MINION_BODYGUARD",10,,,400,1600,,,"DarkElixir",,100,1100,,102,1,,,,"sc/ui.sc","icon_unit_gargoyle","unit_minion_bouncers_big","sc/info_minion_bouncers.sc",,,,,,,"ps_chr_DarkOrb_SummoningPortal","Troop_MinionBodyguard_Deploy","Troop_MinionBodyguard_Atk",,"Gargoyle Hit",,"TRUE","TRUE","TRUE",,,"Troop_MinionBodyguard_Die",,"MinionBouncerSpiky",,"FALSE",,,100,"DarkTombStone",,,,,,,"TRUE",,,,,,,,,,,,,,,,,,,,,,,,,,,,,,,,,,,,,,,,,,,,,,,,,,,60,,,,,,,,,,800,800,,"TRUE",,,,,,,,,,,,,,,,,,,,,,,,,,,,,,,,,,,,,,,,,,,,,,,,,,,,,,,,,,,,,,,,,,,,,,,,,,,,"TroopMinionBodyguard",,,,,,,,,,,,,
,,2,,,,,,,,1700,,,,,,,,110,,,,,,,,,,,,,,,,,,,,,,,,,,,,,,,,,,,,,,,,,,,,,,,,,,,,,,,,,,,,,,,,,,,,,,,,,,,,,,,,,,,,,,,,,,,,,,,,,,,,,,,,,,,,,,,,,,,,,,,,,,,,,,,,,,,,,,,,,,,,,,,,,,,,,,,,,,,,,,,,,,,,,,,,,,,,,,,,,,,,,,,,,,,,,,,,,,
,,3,,,,,,,,1750,,,,,,,,118,,,,,,,,,,,,,,,,,,,,,,,,,,,,,,,,,,,,,,,,,,,,,,,,,,,,,,,,,,,,,,,,,,,,,,,,,,,,,,,,,,,,,,,,,,,,,,,,,,,,,,,,,,,,,,,,,,,,,,,,,,,,,,,,,,,,,,,,,,,,,,,,,,,,,,,,,,,,,,,,,,,,,,,,,,,,,,,,,,,,,,,,,,,,,,,,,,
,,4,,,,,,,,1800,,,,,,,,126,,,,,,,,,,,,,,,,,,,,,,,,,,,,,,,,,,,,,,,,,,,,,,,,,,,,,,,,,,,,,,,,,,,,,,,,,,,,,,,,,,,,,,,,,,,,,,,,,,,,,,,,,,,,,,,,,,,,,,,,,,,,,,,,,,,,,,,,,,,,,,,,,,,,,,,,,,,,,,,,,,,,,,,,,,,,,,,,,,,,,,,,,,,,,,,,,,
,,5,,,,,,,,1950,,,,,,,,134,,,,,,,,,,,,,,,,,,,,,,,,,,,,,,,,,,,,,,,,,,,,,,,,,,,,,,,,,,,,,,,,,,,,,,,,,,,,,,,,,,,,,,,,,,,,,,,,,,,,,,,,,,,,,,,,,,,,,,,,,,,,,,,,,,,,,,,,,,,,,,,,,,,,,,,,,,,,,,,,,,,,,,,,,,,,,,,,,,,,,,,,,,,,,,,,,,
,,6,,,,,,,,2100,,,,,,,,142,,,,,,,,,,,,,,,,,,,,,,,,,,,,,,,,,,,,,,,,,,,,,,,,,,,,,,,,,,,,,,,,,,,,,,,,,,,,,,,,,,,,,,,,,,,,,,,,,,,,,,,,,,,,,,,,,,,,,,,,,,,,,,,,,,,,,,,,,,,,,,,,,,,,,,,,,,,,,,,,,,,,,,,,,,,,,,,,,,,,,,,,,,,,,,,,,,
,,7,,,,,,,,2500,,,,,,,,150,,,,,,,,,,,,,,,,,,,,,,,,,,,,,,,,,,,,,,,,,,,,,,,,,,,,,,,,,,,,,,,,,,,,,,,,,,,,,,,,,,,,,,,,,,,,,,,,,,,,,,,,,,,,,,,,,,,,,,,,,,,,,,,,,,,,,,,,,,,,,,,,,,,,,,,,,,,,,,,,,,,,,,,,,,,,,,,,,,,,,,,,,,,,,,,,,,
"GW Equipment Lavaloon",4000128,1,,"TID_CHARACTER_LAVALOON","TID_CHARACTER_INFO_LAVALOON",21,1,1,200,970,,,"Elixir",,0,2500,1000,45,1,180,,"TRUE","sc/ui.sc","icon_unit_lavaloon","unit_lavaloon_big","sc/info_lavaloon.sc",,"GW_equipment_LavaloonProjectile1",,"Air Defense",,,"Lavaloon Deploy",,"Balloon Goblin Attack",,"LavaloonAttackEffect",,"TRUE","FALSE","TRUE",,,"Lavaloon Die",,"Lavaloon",,"FALSE",,,20,"SourTombStone",180,200,"Balloon Exposion",416,,,"TRUE",,"GW Equipment Lavaloon Pup",,,1,350,,"TRUE",,,,,,,,,,,,,,,,,,,,,,,,,,,,,,,,,,,,,,,,,,,100,,,,,,,,,,1500,1500,,"TRUE",,,,,,,,,,,,,,,,,"TRUE",,,,,,,,,,,,,"TRUE",,,,,,,,,,,,,,,,,,,,,,,,,,,,,,,,"LavaloonPlaceholderAbility","1",,,,,,,,,,,,,"TroopLavaLoon",,,,,,,,,,,,,
,,2,,,,,,,,1420,,,,,,,,63,,,,,,,,,,"GW_equipment_LavaloonProjectile2",,,,,,,,,,,,,,,,,,"Lavaloon",,,,,,,405,,"Balloon Exposion",,,,,,,,,2,,,,,,,,,,,,,,,,,,,,,,,,,,,,,,,,,,,,,,,,,,,,,,,,,,,,,,,,,,,,,,,,,,,,,,,,,,,,,,,,,,,,,,,,,,,,,,,,,,,,,,,,,,,,,,,,,,,,,,,,,,,,,,,,,,,,,,,,,,,,,,,,,,,,
,,3,,,,,,,,1860,,,,,,,,81,,,,,,,,,,"GW_equipment_LavaloonProjectile3",,,,,,,,,,,,,,,,,,"Lavaloon",,,,,,,450,,"Balloon Exposion",,,,,,,,,2,,,,,,,,,,,,,,,,,,,,,,,,,,,,,,,,,,,,,,,,,,,,,,,,,,,,,,,,,,,,,,,,,,,,,,,,,,,,,,,,,,,,,,,,,,,,,,,,,,,,,,,,,,,,,,,,,,,,,,,,,,,,,,,,,,,,,,,,,,,,,,,,,,,,
,,4,,,,,,,,2300,,,,,,,,99,,,,,,,,,,"GW_equipment_LavaloonProjectile4",,,,,,,,,,,,,,,,,,"Lavaloon",,,,,,,540,,"Balloon Exposion",,,,,,,,,3,,,,,,,,,,,,,,,,,,,,,,,,,,,,,,,,,,,,,,,,,,,,,,,,,,,,,,,,,,,,,,,,,,,,,,,,,,,,,,,,,,,,,,,,,,,,,,,,,,,,,,,,,,,,,,,,,,,,,,,,,,,,,,,,,,,,,,,,,,,,,,,,,,,,
,,5,,,,,,,,2750,,,,,,,,117,,,,,,,,,,"GW_equipment_LavaloonProjectile5",,,,,,,,,,,,,,,,,,"Lavaloon",,,,,,,648,,"Balloon Exposion",,,,,,,,,3,,,,,,,,,,,,,,,,,,,,,,,,,,,,,,,,,,,,,,,,,,,,,,,,,,,,,,,,,,,,,,,,,,,,,,,,,,,,,,,,,,,,,,,,,,,,,,,,,,,,,,,,,,,,,,,,,,,,,,,,,,,,,,,,,,,,,,,,,,,,,,,,,,,,
,,6,,,,,,,,3200,,,,,,,,135,,,,,,,,,,"GW_equipment_LavaloonProjectile6",,,,,,,,,,,,,,,,,,"Lavaloon",,,,,,,756,,"Balloon Exposion",,,,,,,,,4,,,,,,,,,,,,,,,,,,,,,,,,,,,,,,,,,,,,,,,,,,,,,,,,,,,,,,,,,,,,,,,,,,,,,,,,,,,,,,,,,,,,,,,,,,,,,,,,,,,,,,,,,,,,,,,,,,,,,,,,,,,,,,,,,,,,,,,,,,,,,,,,,,,,
,,7,,,,,,,,3650,,,,,,,,153,,,,,,,,,,"GW_equipment_LavaloonProjectile7",,,,,,,,,,,,,,,,,,"Lavaloon",,,,,,,864,,"Balloon Exposion",,,,,,,,,4,,,,,,,,,,,,,,,,,,,,,,,,,,,,,,,,,,,,,,,,,,,,,,,,,,,,,,,,,,,,,,,,,,,,,,,,,,,,,,,,,,,,,,,,,,,,,,,,,,,,,,,,,,,,,,,,,,,,,,,,,,,,,,,,,,,,,,,,,,,,,,,,,,,,
,,8,,,,,,,,4000,,,,,,,,171,,,,,,,,,,"GW_equipment_LavaloonProjectile8",,,,,,,,,,,,,,,,,,"Lavaloon",,,,,,,900,,"Balloon Exposion",,,,,,,,,4,,,,,,,,,,,,,,,,,,,,,,,,,,,,,,,,,,,,,,,,,,,,,,,,,,,,,,,,,,,,,,,,,,,,,,,,,,,,,,,,,,,,,,,,,,,,,,,,,,,,,,,,,,,,,,,,,,,,,,,,,,,,,,,,,,,,,,,,,,,,,,,,,,,,
,,9,,,,,,,,4370,,,,,,,,189,,,,,,,,,,"GW_equipment_LavaloonProjectile9",,,,,,,,,,,,,,,,,,"Lavaloon",,,,,,,945,,"Balloon Exposion",,,,,,,,,4,,,,,,,,,,,,,,,,,,,,,,,,,,,,,,,,,,,,,,,,,,,,,,,,,,,,,,,,,,,,,,,,,,,,,,,,,,,,,,,,,,,,,,,,,,,,,,,,,,,,,,,,,,,,,,,,,,,,,,,,,,,,,,,,,,,,,,,,,,,,,,,,,,,,
,,10,,,,,,,,4500,,,,,,,,198,,,,,,,,,,"GW_equipment_LavaloonProjectile10",,,,,,,,,,,,,,,,,,"Lavaloon",,,,,,,990,,"Balloon Exposion",,,,,,,,,4,,,,,,,,,,,,,,,,,,,,,,,,,,,,,,,,,,,,,,,,,,,,,,,,,,,,,,,,,,,,,,,,,,,,,,,,,,,,,,,,,,,,,,,,,,,,,,,,,,,,,,,,,,,,,,,,,,,,,,,,,,,,,,,,,,,,,,,,,,,,,,,,,,,,
,,11,,,,,,,,4590,,,,,,,,202,,,,,,,,,,"GW_equipment_LavaloonProjectile11",,,,,,,,,,,,,,,,,,"Lavaloon",,,,,,,1035,,"Balloon Exposion",,,,,,,,,5,,,,,,,,,,,,,,,,,,,,,,,,,,,,,,,,,,,,,,,,,,,,,,,,,,,,,,,,,,,,,,,,,,,,,,,,,,,,,,,,,,,,,,,,,,,,,,,,,,,,,,,,,,,,,,,,,,,,,,,,,,,,,,,,,,,,,,,,,,,,,,,,,,,,
"GW Equipment Lavaloon Pup",4000129,1,,"TID_CHARACTER_LAVALOON_PUP","TID_CHARACTER_INFO_LAVALOON_PUP",1,1,1,400,10,,,,,225,1000,,10,1,,,,,,"unit_tinymites_haloween_big","sc/info_lavaloon.sc",,"GW_Lavaloon Pup Projectile",,,,,,,"Lavaloon Pup Attack",,"Lavaloon Pup Hit",,"TRUE","TRUE","TRUE",,,"Tinymite Die",,"Lavaloon Pup",,"FALSE",,,100,"SourTombStone",,,,,,,"TRUE",,,,"TRUE",,,,,"TRUE",4,,,,,,,,,,,,,,,,,,,,,,,,,,,,,,,,,,,,,,,,,90,,,,,,,,,,50,100,,"TRUE",,,,,,,,,,,,,,,,,,,,,,,,,,,,,,,,,,,,,,,,,,,,,,,,,,,,,,,,,,,,,,,,,,,,,,,,,,,,"SecondaryTroop",,,,,,,,,,,,,
,,2,,,,,,,,15,,,,,,,,13,,,,,,,,,,,,,,,,,,,,,,,,,,,,"Lavaloon Pup",,,,,,,,,,,,,,,,,,,,,,,,,,,,,,,,,,,,,,,,,,,,,,,,,,,,,,,,,,,,,,,,,,,,,,,,,,,,,,,,,,,,,,,,,,,,,,,,,,,,,,,,,,,,,,,,,,,,,,,,,,,,,,,,,,,,,,,,,,,,,,,,,,,,,,,,,,,,,,,,,,,,,,
,,3,,,,,,,,20,,,,,,,,16,,,,,,,,,,,,,,,,,,,,,,,,,,,,"Lavaloon Pup",,,,,,,,,,,,,,,,,,,,,,,,,,,,,,,,,,,,,,,,,,,,,,,,,,,,,,,,,,,,,,,,,,,,,,,,,,,,,,,,,,,,,,,,,,,,,,,,,,,,,,,,,,,,,,,,,,,,,,,,,,,,,,,,,,,,,,,,,,,,,,,,,,,,,,,,,,,,,,,,,,,,,,
,,4,,,,,,,,25,,,,,,,,19,,,,,,,,,,,,,,,,,,,,,,,,,,,,"Lavaloon Pup",,,,,,,,,,,,,,,,,,,,,,,,,,,,,,,,,,,,,,,,,,,,,,,,,,,,,,,,,,,,,,,,,,,,,,,,,,,,,,,,,,,,,,,,,,,,,,,,,,,,,,,,,,,,,,,,,,,,,,,,,,,,,,,,,,,,,,,,,,,,,,,,,,,,,,,,,,,,,,,,,,,,,,
,,5,,,,,,,,30,,,,,,,,22,,,,,,,,,,,,,,,,,,,,,,,,,,,,"Lavaloon Pup",,,,,,,,,,,,,,,,,,,,,,,,,,,,,,,,,,,,,,,,,,,,,,,,,,,,,,,,,,,,,,,,,,,,,,,,,,,,,,,,,,,,,,,,,,,,,,,,,,,,,,,,,,,,,,,,,,,,,,,,,,,,,,,,,,,,,,,,,,,,,,,,,,,,,,,,,,,,,,,,,,,,,,
,,6,,,,,,,,35,,,,,,,,25,,,,,,,,,,,,,,,,,,,,,,,,,,,,"Lavaloon Pup",,,,,,,,,,,,,,,,,,,,,,,,,,,,,,,,,,,,,,,,,,,,,,,,,,,,,,,,,,,,,,,,,,,,,,,,,,,,,,,,,,,,,,,,,,,,,,,,,,,,,,,,,,,,,,,,,,,,,,,,,,,,,,,,,,,,,,,,,,,,,,,,,,,,,,,,,,,,,,,,,,,,,,
,,7,,,,,,,,40,,,,,,,,28,,,,,,,,,,,,,,,,,,,,,,,,,,,,"Lavaloon Pup",,,,,,,,,,,,,,,,,,,,,,,,,,,,,,,,,,,,,,,,,,,,,,,,,,,,,,,,,,,,,,,,,,,,,,,,,,,,,,,,,,,,,,,,,,,,,,,,,,,,,,,,,,,,,,,,,,,,,,,,,,,,,,,,,,,,,,,,,,,,,,,,,,,,,,,,,,,,,,,,,,,,,,
,,8,,,,,,,,45,,,,,,,,31,,,,,,,,,,,,,,,,,,,,,,,,,,,,"Lavaloon Pup",,,,,,,,,,,,,,,,,,,,,,,,,,,,,,,,,,,,,,,,,,,,,,,,,,,,,,,,,,,,,,,,,,,,,,,,,,,,,,,,,,,,,,,,,,,,,,,,,,,,,,,,,,,,,,,,,,,,,,,,,,,,,,,,,,,,,,,,,,,,,,,,,,,,,,,,,,,,,,,,,,,,,,
,,9,,,,,,,,50,,,,,,,,34,,,,,,,,,,,,,,,,,,,,,,,,,,,,"Lavaloon Pup",,,,,,,,,,,,,,,,,,,,,,,,,,,,,,,,,,,,,,,,,,,,,,,,,,,,,,,,,,,,,,,,,,,,,,,,,,,,,,,,,,,,,,,,,,,,,,,,,,,,,,,,,,,,,,,,,,,,,,,,,,,,,,,,,,,,,,,,,,,,,,,,,,,,,,,,,,,,,,,,,,,,,,
,,10,,,,,,,,55,,,,,,,,37,,,,,,,,,,,,,,,,,,,,,,,,,,,,"Lavaloon Pup",,,,,,,,,,,,,,,,,,,,,,,,,,,,,,,,,,,,,,,,,,,,,,,,,,,,,,,,,,,,,,,,,,,,,,,,,,,,,,,,,,,,,,,,,,,,,,,,,,,,,,,,,,,,,,,,,,,,,,,,,,,,,,,,,,,,,,,,,,,,,,,,,,,,,,,,,,,,,,,,,,,,,,
,,11,,,,,,,,60,,,,,,,,40,,,,,,,,,,,,,,,,,,,,,,,,,,,,"Lavaloon Pup",,,,,,,,,,,,,,,,,,,,,,,,,,,,,,,,,,,,,,,,,,,,,,,,,,,,,,,,,,,,,,,,,,,,,,,,,,,,,,,,,,,,,,,,,,,,,,,,,,,,,,,,,,,,,,,,,,,,,,,,,,,,,,,,,,,,,,,,,,,,,,,,,,,,,,,,,,,,,,,,,,,,,,
"Prototype3",4000093,1,,"TID_BARBARIAN","TID_CHARACTER_INFO_BARBARIAN",1,1,1,200,45,,,"Elixir",25000,40,1000,,8,1,,,,"sc/ui.sc","icon_unit_barbarian","unit_barbarian_big","sc/info_barbarian.sc",,,,,,,"Barbarian Deploy",,"Barbarian Attack",,"Barbarian Hit",,"FALSE","FALSE","TRUE",,,"Barbarian Die",,"Barbarian","Barracks","FALSE",,,0,"TombStone",,,,,,,"TRUE",,,,,,,,,,,,,,,,,,,,,,,,,,,,,,,,,,,,,,,,,,,,,,,,,,,-50,,,,,,,,,,100,100,,"TRUE",,,,,,,,,,,,,,,,,"TRUE",,"TRUE",,,,,,,,,,,,,,,,,,,,,,,,,,,,,,,,,,,,,,,,,,,,,,,,,,,,,,,,,,,,,,,,,,,,,,
"Ruin Witch",4000109,1,,"TID_CHARACTER_RUIN_WITCH","TID_CHARACTER_RUIN_WITCH_INFO",26,13,1,150,2300,264,,"DarkElixir",220000,80,2000,,25,,,,,"sc/ui.sc","icon_unit_ruinwitch","unit_ruin_witch_big","sc/info_ruin_witch.sc",,,,,,,"RuinWitch Deploy",,,,"ps_chr_ruinwitch_atkcomplete",,"FALSE","FALSE","TRUE",,,"SW Die",,"Ruin Witch Lvl1","Dark Barracks","FALSE",,,0,"DarkTombStone",,,,,,,"FALSE",,,,,,100,,,,,,,,,"Ruin Knight",1,4000,200,"ps_chr_ruinwitch_atkcomplete",8,1,2000,"TRUE",4000,"InFront",,,9000,,,,,,,,,,,,,,,,,,,,,,,-50,,,,,,,,,,100,100,,"TRUE",,,,,,,,,,,,,,,,,,,,,,,,,,,,,,,,,,,,,,,,,,,,"Ruin Witch_DEF",,,,,,,,,,,,,,0,,,,,,,,,,,,,,,,,,"RuinWitch",,"HitPoints;TargetType;MovementSpeed;HousingSpace;UnitsSpawnedLevel;Range;TotalSummonedUnits",,,,,,,,,,"TRUE",8
,,2,,,,,,14,,2550,288,,,300000,,,,26,,,,,,,,,,,,,,,,,,,,,,,,,,,,"Ruin Witch Lvl2",,,,,,,,,,,,,,,,,,,,,,,,,,,,,,,,,,2,,,,,,,10000,,,,,,,,,,,,,,,,,,,,,,,,,,,,,,,,,,,,,,,,,,,,,,,,,,,,,,,,,,,,,,,,,,,,,,,,,,,,,,,,,,,,,,,,,,,,,,,,,,,,,,,,,,,,,,,,,,,,,,,,,,,,,
,,3,,,,,,15,,2800,372,,,380000,,,,27,,,,,,,,,,,,,,,,,,,,,,,,,,,,"Ruin Witch Lvl3",,,,,,,,,,,,,,,,,,,,,,,,,,,,,,,,,,3,,,,,,,11000,,,,,,,,,,,,,,,,,,,,,,,,,,,,,,,,,,,,,,,,,,,,,,,,,,,,,,,,,,,,,,,,,,,,,,,,,,,,,,,,,,,,,,,,,,,,,,,,,,,,,,,,,,,,,,,,,,,,,,,,,,,,,
,,4,,,,,,16,,3050,,,,,,,,28,,,,,,,,,,,,,,,,,,,,,,,,,,,,"Ruin Witch Lvl4",,,,,,,,,,,,,,,,,,,,,,,,,,,,,,,,,,4,,,,,,,12000,,,,,,,,,,,,,,,,,,,,,,,,,,,,,,,,,,,,,,,,,,,,,,,,,,,,,,,,,,,,,,,,,,,,,,,,,,,,,,,,,,,,,,,,,,,,,,,,,,,,,,,,,,,,,,,,,,,,,,,,,,,,,
"Prototype4",4000111,1,,"TID_BARBARIAN","TID_CHARACTER_INFO_BARBARIAN",1,1,1,200,45,,,"Elixir",25000,40,1000,,8,1,,,,"sc/ui.sc","icon_unit_barbarian","unit_barbarian_big","sc/info_barbarian.sc",,,,,,,"Barbarian Deploy",,"Barbarian Attack",,"Barbarian Hit",,"FALSE","FALSE","TRUE",,,"Barbarian Die",,"Barbarian","Barracks","FALSE",,,0,"TombStone",,,,,,,"TRUE",,,,,,,,,,,,,,,,,,,,,,,,,,,,,,,,,,,,,,,,,,,,,,,,,,,-50,,,,,,,,,,100,100,,"TRUE",,,,,,,,,,,,,,,,,"TRUE",,"TRUE",,,,,,,,,,,,,,,,,,,,,,,,,,,,,,,,,,,,,,,,,,,,,,,,,,,,,,,,,,,,,,,,,,,,,,
"Prototype5",4000112,1,,"TID_BARBARIAN","TID_CHARACTER_INFO_BARBARIAN",1,1,1,200,45,,,"Elixir",25000,40,1000,,8,1,,,,"sc/ui.sc","icon_unit_barbarian","unit_barbarian_big","sc/info_barbarian.sc",,,,,,,"Barbarian Deploy",,"Barbarian Attack",,"Barbarian Hit",,"FALSE","FALSE","TRUE",,,"Barbarian Die",,"Barbarian","Barracks","FALSE",,,0,"TombStone",,,,,,,"TRUE",,,,,,,,,,,,,,,,,,,,,,,,,,,,,,,,,,,,,,,,,,,,,,,,,,,-50,,,,,,,,,,100,100,,"TRUE",,,,,,,,,,,,,,,,,"TRUE",,"TRUE",,,,,,,,,,,,,,,,,,,,,,,,,,,,,,,,,,,,,,,,,,,,,,,,,,,,,,,,,,,,,,,,,,,,,,
"Prototype6",4000114,1,,"TID_BARBARIAN","TID_CHARACTER_INFO_BARBARIAN",1,1,1,200,45,,,"Elixir",25000,40,1000,,8,1,,,,"sc/ui.sc","icon_unit_barbarian","unit_barbarian_big","sc/info_barbarian.sc",,,,,,,"Barbarian Deploy",,"Barbarian Attack",,"Barbarian Hit",,"FALSE","FALSE","TRUE",,,"Barbarian Die",,"Barbarian","Barracks","FALSE",,,0,"TombStone",,,,,,,"TRUE",,,,,,,,,,,,,,,,,,,,,,,,,,,,,,,,,,,,,,,,,,,,,,,,,,,-50,,,,,,,,,,100,100,,"TRUE",,,,,,,,,,,,,,,,,"TRUE",,"TRUE",,,,,,,,,,,,,,,,,,,,,,,,,,,,,,,,,,,,,,,,,,,,,,,,,,,,,,,,,,,,,,,,,,,,,,
"Prototype7",4000115,1,,"TID_BARBARIAN","TID_CHARACTER_INFO_BARBARIAN",1,1,1,200,45,,,"Elixir",25000,40,1000,,8,1,,,,"sc/ui.sc","icon_unit_barbarian","unit_barbarian_big","sc/info_barbarian.sc",,,,,,,"Barbarian Deploy",,"Barbarian Attack",,"Barbarian Hit",,"FALSE","FALSE","TRUE",,,"Barbarian Die",,"Barbarian","Barracks","FALSE",,,0,"TombStone",,,,,,,"TRUE",,,,,,,,,,,,,,,,,,,,,,,,,,,,,,,,,,,,,,,,,,,,,,,,,,,-50,,,,,,,,,,100,100,,"TRUE",,,,,,,,,,,,,,,,,"TRUE",,"TRUE",,,,,,,,,,,,,,,,,,,,,,,,,,,,,,,,,,,,,,,,,,,,,,,,,,,,,,,,,,,,,,,,,,,,,,
"Ruin Knight",4000127,1,,"TID_CHARACTER_RUIN_KNIGHT","TID_CHARACTER_RUIN_KNIGHT_INFO",20,,,200,3100,,,,,60,1000,,255,1,,,,,,"unit_ruin_witch_rubble_knight_big","sc/info_ruin_witch.sc",,,,,,,"ps_chr_rubbleknight_deploy",,"Giant Attack",,"ps_chr_rubbleknight_hit",,"FALSE","FALSE","TRUE",,,"Giant Die",,"Ruin Knight",,"FALSE",,,0,"TombStone",,,,,,,"TRUE",,,,"TRUE",,,,,,,,,,,,,,,,,,,,,,,,1000,,,,,,,,,,,,,,,,,,,,,,,-50,,,,,,,,,,300,300,,"TRUE",,,,,,,,,,,,,,,,,,,,,40,500,,,,,,,,,,,,,,,,,"Wall",300,,,,,,,,,,,,,,,,,,1,,,,,,,,,,,,,,,,,,"TroopDefenseGround",,,,,,,,,,,,,
,,2,,,,,,,,3400,,,,,,,,285,,,,,,,,,,,,,,,,,,,,,,,,,,,,,,,,,,,,,,,,,,,,,,,,,,,,,,,,,,,,,,,,,,,,,,,,,,,,,,,,,,,,,,,,,,,,,,,,,,,,,,,,,,,,,,,,,,,,,,,,,,,,,,,,,,,,,,,,,,,,,,,,,,,,,,,,,,,,,,,,,,,,,,,,,,,,,,,,,,,,,,,,,,,,,,,,,,
,,3,,,,,,,,3700,,,,,,,,315,,,,,,,,,,,,,,,,,,,,,,,,,,,,,,,,,,,,,,,,,,,,,,,,,,,,,,,,,,,,,,,,,,,,,,,,,,,,,,,,,,,,,,,,,,,,,,,,,,,,,,,,,,,,,,,,,,,,,,,,,,,,,,,,,,,,,,,,,,,,,,,,,,,,,,,,,,,,,,,,,,,,,,,,,,,,,,,,,,,,,,,,,,,,,,,,,,
,,4,,,,,,,,4000,,,,,,,,345,,,,,,,,,,,,,,,,,,,,,,,,,,,,,,,,,,,,,,,,,,,,,,,,,,,,,,,,,,,,,,,,,,,,,,,,,,,,,,,,,,,,,,,,,,,,,,,,,,,,,,,,,,,,,,,,,,,,,,,,,,,,,,,,,,,,,,,,,,,,,,,,,,,,,,,,,,,,,,,,,,,,,,,,,,,,,,,,,,,,,,,,,,,,,,,,,,
"Prototype8",4000131,1,,"TID_BARBARIAN","TID_CHARACTER_INFO_BARBARIAN",1,1,1,200,45,,,"Elixir",25000,40,1000,,8,1,,,,"sc/ui.sc","icon_unit_barbarian","unit_barbarian_big","sc/info_barbarian.sc",,,,,,,"Barbarian Deploy",,"Barbarian Attack",,"Barbarian Hit",,"FALSE","FALSE","TRUE",,,"Barbarian Die",,"Barbarian","Barracks","FALSE",,,0,"TombStone",,,,,,,"TRUE",,,,,,,,,,,,,,,,,,,,,,,,,,,,,,,,,,,,,,,,,,,,,,,,,,,-50,,,,,,,,,,100,100,,"TRUE",,,,,,,,,,,,,,,,,"TRUE",,"TRUE",,,,,,,,,,,,,,,,,,,,,,,,,,,,,,,,,,,,,,,,,,,,,,,,,,,,,,,,,,,,,,,,,,,,,,
"Prototype9",4000133,1,,"TID_BARBARIAN","TID_CHARACTER_INFO_BARBARIAN",1,1,1,200,45,,,"Elixir",25000,40,1000,,8,1,,,,"sc/ui.sc","icon_unit_barbarian","unit_barbarian_big","sc/info_barbarian.sc",,,,,,,"Barbarian Deploy",,"Barbarian Attack",,"Barbarian Hit",,"FALSE","FALSE","TRUE",,,"Barbarian Die",,"Barbarian","Barracks","FALSE",,,0,"TombStone",,,,,,,"TRUE",,,,,,,,,,,,,,,,,,,,,,,,,,,,,,,,,,,,,,,,,,,,,,,,,,,-50,,,,,,,,,,100,100,,"TRUE",,,,,,,,,,,,,,,,,"TRUE",,"TRUE",,,,,,,,,,,,,,,,,,,,,,,,,,,,,,,,,,,,,,,,,,,,,,,,,,,,,,,,,,,,,,,,,,,,,,
"Prototype10",4000134,1,,"TID_BARBARIAN","TID_CHARACTER_INFO_BARBARIAN",1,1,1,200,45,,,"Elixir",25000,40,1000,,8,1,,,,"sc/ui.sc","icon_unit_barbarian","unit_barbarian_big","sc/info_barbarian.sc",,,,,,,"Barbarian Deploy",,"Barbarian Attack",,"Barbarian Hit",,"FALSE","FALSE","TRUE",,,"Barbarian Die",,"Barbarian","Barracks","FALSE",,,0,"TombStone",,,,,,,"TRUE",,,,,,,,,,,,,,,,,,,,,,,,,,,,,,,,,,,,,,,,,,,,,,,,,,,-50,,,,,,,,,,100,100,,"TRUE",,,,,,,,,,,,,,,,,"TRUE",,"TRUE",,,,,,,,,,,,,,,,,,,,,,,,,,,,,,,,,,,,,,,,,,,,,,,,,,,,,,,,,,,,,,,,,,,,,,
"Prototype11",4000137,1,,"TID_BARBARIAN","TID_CHARACTER_INFO_BARBARIAN",1,1,1,200,45,,,"Elixir",25000,40,1000,,8,1,,,,"sc/ui.sc","icon_unit_barbarian","unit_barbarian_big","sc/info_barbarian.sc",,,,,,,"Barbarian Deploy",,"Barbarian Attack",,"Barbarian Hit",,"FALSE","FALSE","TRUE",,,"Barbarian Die",,"Barbarian","Barracks","FALSE",,,0,"TombStone",,,,,,,"TRUE",,,,,,,,,,,,,,,,,,,,,,,,,,,,,,,,,,,,,,,,,,,,,,,,,,,-50,,,,,,,,,,100,100,,"TRUE",,,,,,,,,,,,,,,,,"TRUE",,"TRUE",,,,,,,,,,,,,,,,,,,,,,,,,,,,,,,,,,,,,,,,,,,,,,,,,,,,,,,,,,,,,,,,,,,,,,
"Prototype12",4000138,1,,"TID_BARBARIAN","TID_CHARACTER_INFO_BARBARIAN",1,1,1,200,45,,,"Elixir",25000,40,1000,,8,1,,,,"sc/ui.sc","icon_unit_barbarian","unit_barbarian_big","sc/info_barbarian.sc",,,,,,,"Barbarian Deploy",,"Barbarian Attack",,"Barbarian Hit",,"FALSE","FALSE","TRUE",,,"Barbarian Die",,"Barbarian","Barracks","FALSE",,,0,"TombStone",,,,,,,"TRUE",,,,,,,,,,,,,,,,,,,,,,,,,,,,,,,,,,,,,,,,,,,,,,,,,,,-50,,,,,,,,,,100,100,,"TRUE",,,,,,,,,,,,,,,,,"TRUE",,"TRUE",,,,,,,,,,,,,,,,,,,,,,,,,,,,,,,,,,,,,,,,,,,,,,,,,,,,,,,,,,,,,,,,,,,,,,
"Prototype13",4000139,1,,"TID_BARBARIAN","TID_CHARACTER_INFO_BARBARIAN",1,1,1,200,45,,,"Elixir",25000,40,1000,,8,1,,,,"sc/ui.sc","icon_unit_barbarian","unit_barbarian_big","sc/info_barbarian.sc",,,,,,,"Barbarian Deploy",,"Barbarian Attack",,"Barbarian Hit",,"FALSE","FALSE","TRUE",,,"Barbarian Die",,"Barbarian","Barracks","FALSE",,,0,"TombStone",,,,,,,"TRUE",,,,,,,,,,,,,,,,,,,,,,,,,,,,,,,,,,,,,,,,,,,,,,,,,,,-50,,,,,,,,,,100,100,,"TRUE",,,,,,,,,,,,,,,,,"TRUE",,"TRUE",,,,,,,,,,,,,,,,,,,,,,,,,,,,,,,,,,,,,,,,,,,,,,,,,,,,,,,,,,,,,,,,,,,,,,
"Prototype14",4000140,1,,"TID_BARBARIAN","TID_CHARACTER_INFO_BARBARIAN",1,1,1,200,45,,,"Elixir",25000,40,1000,,8,1,,,,"sc/ui.sc","icon_unit_barbarian","unit_barbarian_big","sc/info_barbarian.sc",,,,,,,"Barbarian Deploy",,"Barbarian Attack",,"Barbarian Hit",,"FALSE","FALSE","TRUE",,,"Barbarian Die",,"Barbarian","Barracks","FALSE",,,0,"TombStone",,,,,,,"TRUE",,,,,,,,,,,,,,,,,,,,,,,,,,,,,,,,,,,,,,,,,,,,,,,,,,,-50,,,,,,,,,,100,100,,"TRUE",,,,,,,,,,,,,,,,,"TRUE",,"TRUE",,,,,,,,,,,,,,,,,,,,,,,,,,,,,,,,,,,,,,,,,,,,,,,,,,,,,,,,,,,,,,,,,,,,,,
"Prototype15",4000153,1,,"TID_BARBARIAN","TID_CHARACTER_INFO_BARBARIAN",1,1,1,200,45,,,"Elixir",25000,40,1000,,8,1,,,,"sc/ui.sc","icon_unit_barbarian","unit_barbarian_big","sc/info_barbarian.sc",,,,,,,"Barbarian Deploy",,"Barbarian Attack",,"Barbarian Hit",,"FALSE","FALSE","TRUE",,,"Barbarian Die",,"Barbarian","Barracks","FALSE",,,0,"TombStone",,,,,,,"TRUE",,,,,,,,,,,,,,,,,,,,,,,,,,,,,,,,,,,,,,,,,,,,,,,,,,,-50,,,,,,,,,,100,100,,"TRUE",,,,,,,,,,,,,,,,,"TRUE",,"TRUE",,,,,,,,,,,,,,,,,,,,,,,,,,,,,,,,,,,,,,,,,,,,,,,,,,,,,,,,,,,,,,,,,,,,,,
"Prototype16",4000154,1,,"TID_BARBARIAN","TID_CHARACTER_INFO_BARBARIAN",1,1,1,200,45,,,"Elixir",25000,40,1000,,8,1,,,,"sc/ui.sc","icon_unit_barbarian","unit_barbarian_big","sc/info_barbarian.sc",,,,,,,"Barbarian Deploy",,"Barbarian Attack",,"Barbarian Hit",,"FALSE","FALSE","TRUE",,,"Barbarian Die",,"Barbarian","Barracks","FALSE",,,0,"TombStone",,,,,,,"TRUE",,,,,,,,,,,,,,,,,,,,,,,,,,,,,,,,,,,,,,,,,,,,,,,,,,,-50,,,,,,,,,,100,100,,"TRUE",,,,,,,,,,,,,,,,,"TRUE",,"TRUE",,,,,,,,,,,,,,,,,,,,,,,,,,,,,,,,,,,,,,,,,,,,,,,,,,,,,,,,,,,,,,,,,,,,,,
"Prototype17",4000155,1,,"TID_BARBARIAN","TID_CHARACTER_INFO_BARBARIAN",1,1,1,200,45,,,"Elixir",25000,40,1000,,8,1,,,,"sc/ui.sc","icon_unit_barbarian","unit_barbarian_big","sc/info_barbarian.sc",,,,,,,"Barbarian Deploy",,"Barbarian Attack",,"Barbarian Hit",,"FALSE","FALSE","TRUE",,,"Barbarian Die",,"Barbarian","Barracks","FALSE",,,0,"TombStone",,,,,,,"TRUE",,,,,,,,,,,,,,,,,,,,,,,,,,,,,,,,,,,,,,,,,,,,,,,,,,,-50,,,,,,,,,,100,100,,"TRUE",,,,,,,,,,,,,,,,,"TRUE",,"TRUE",,,,,,,,,,,,,,,,,,,,,,,,,,,,,,,,,,,,,,,,,,,,,,,,,,,,,,,,,,,,,,,,,,,,,,
"Unused2",4000160,1,"TRUE","TID_BARBARIAN","TID_CHARACTER_INFO_BARBARIAN",1,1,1,200,45,,,"Elixir",,40,1000,,8,1,,,,"sc/ui.sc","icon_unit_barbarian","unit_april25_valkyrie_big","sc/info_april25_valkyrie.sc",,,,,,,"Barbarian Deploy",,"Barbarian Attack",,"Barbarian Hit",,"FALSE","FALSE","TRUE",,,"Barbarian Die",,"Barbarian","Barracks","FALSE",,,0,"TombStone",,,,,,,"TRUE",,,,,,,,,,,,,,,,,,,,,,,,,,,,800,,,,,,,,,,,,,,,,,,,,,,,-50,,,,,,,,,,50,100,,"TRUE",,,,,,,,,,,,,,,,,,,,,,,,,,,,,,,,,,,,,,,,,,,,,,,,,,,,,,,,,,,,,,,,,,,,,,,,,,,,"TroopGroundAny",,,,,,,,,,,,,
"Unused3",4000161,1,"TRUE","TID_BARBARIAN","TID_CHARACTER_INFO_BARBARIAN",1,1,1,200,45,,,"Elixir",,40,1000,,8,1,,,,"sc/ui.sc","icon_unit_barbarian","unit_april25_valkyrie_big","sc/info_april25_valkyrie.sc",,,,,,,"Barbarian Deploy",,"Barbarian Attack",,"Barbarian Hit",,"FALSE","FALSE","TRUE",,,"Barbarian Die",,"Barbarian","Barracks","FALSE",,,0,"TombStone",,,,,,,"TRUE",,,,,,,,,,,,,,,,,,,,,,,,,,,,800,,,,,,,,,,,,,,,,,,,,,,,-50,,,,,,,,,,50,100,,"TRUE",,,,,,,,,,,,,,,,,,,,,,,,,,,,,,,,,,,,,,,,,,,,,,,,,,,,,,,,,,,,,,,,,,,,,,,,,,,,"TroopGroundAny",,,,,,,,,,,,,
"Guardian Eagle",4000171,1,,"TID_GOLEM","TID_CHARACTER_INFO_GOLEM",25,,,150,8000,,,,,5000,3333,1500,1,,300,,,,,"unit_golem_secondary_big","sc/info_golem.sc",,"GuardianEagle",,,,,,,"Artillery Attack",,"Ancient Hit",,"FALSE","TRUE","TRUE",,,"Golem_split",,"Guardian Spawner",,"FALSE",,,0,"TombStone",,,,,,,"TRUE",,,,,,,,,,,,,,,,,,,,,,,,,,,,,,,,,,,,,,,,,,,,,,,,,,,-50,,,,,,,,,,2000,2000,,"TRUE",,,,,,,,,,,,,,,,,,,,,,,,,,,,,,,,,,,,,,,,,,,,,,,,,,,,,,,,,,,,,,,,,,,,,,,,,,,,"TroopGolem",,,5000,1200,,,,,,,,,
"Guardian Giga Inferno",4000172,1,,"TID_GOLEM","TID_CHARACTER_INFO_GOLEM",25,,,250,8000,,,,,700,128,,300,,,,,,,"unit_golem_secondary_big","sc/info_golem.sc",,,,,,,,,"TH16 Attack 1","TH16_attack_FX","TH16 Hit",,"FALSE","TRUE","TRUE",,,"Golem_split",,"GuardianGigaInferno",,"FALSE",,,0,"TombStone",,,,,,,"TRUE",,,,,,,,,,,,,,,,,,,,,,,,,,,,,,,,,,,,,,,,,,,,,,,,,,,-50,,,,,,,,,,2000,2000,,"TRUE",,,,,,,,,,,,,,,,,,,,,,,,,,,,,,,,,,,,,,,,,,,,,,,,,,,,,,,,,,,,,,,,,,,,,,,,,,,,"TroopGolem",,,1000,1200,,,,,,,,,
"Guardian Assassins",4000173,1,,"TID_GOLEM","TID_CHARACTER_INFO_GOLEM",25,,,250,4000,,,,,300,1200,,230,,,,,,,"unit_golem_secondary_big","sc/info_golem.sc",,"Headhunter_Card_lvl1",,,,,,,"Golem Attack",,"Golem Hit",,"FALSE","TRUE","TRUE",,,"Golem_split",,"GuardianAssassin",,"FALSE",,,0,"TombStone",,,,,,,"TRUE",,,,,,,,,,,,,,,,,,,,,,,,,,,,,,,,,,,,,,,,,,,,,,,,,,,-50,,,,,,,,,,2000,2000,,"TRUE",,,,,,,,,,,,,,,,,,,,,,,,,,,,,,,,,,,,,,,,,,,,,,,,,,,,,,,,,,,,,,"PhaseFennecInvis","1",,,,,,,,,,,,,"TroopGolem",,,1000,1200,,,,,,,,,
"Guardian Reviver",4000174,1,,"TID_GOLEM","TID_CHARACTER_INFO_GOLEM",25,,,200,6500,,,,,150,1200,,200,,,,,,,"unit_golem_secondary_big","sc/info_golem.sc",,,,,,,,,"Golem Attack",,"Golem Hit",,"FALSE","TRUE","TRUE",,,"Golem_split",,"GuardianReviver",,"FALSE",,,0,"TombStone",,,,,,,"TRUE",,,,,,,,,,,,,,,,,,,,,,,,,,,,,,,,,,,,,,,,,,,,,,,,,,,-50,,,,,,,,,,2000,2000,,"TRUE",,,,,,,,,,,,,,,,,,,,,,,,,,,,,,,,,,,,,,,,,,,,,,,,,,,,,,,,,,,,,,"GuardianReviverAbility","1",,,,,,,,,,,,,"TroopGolem",,,1000,1200,,,,,,,,,
"Unused4",4000176,1,"TRUE","TID_BARBARIAN","TID_CHARACTER_INFO_BARBARIAN",1,1,1,200,45,,,"Elixir",,40,1000,,8,1,,,,"sc/ui.sc","icon_unit_barbarian","unit_april25_valkyrie_big","sc/info_april25_valkyrie.sc",,,,,,,"Barbarian Deploy",,"Barbarian Attack",,"Barbarian Hit",,"FALSE","FALSE","TRUE",,,"Barbarian Die",,"Barbarian","Barracks","FALSE",,,0,"TombStone",,,,,,,"TRUE",,,,,,,,,,,,,,,,,,,,,,,,,,,,800,,,,,,,,,,,,,,,,,,,,,,,-50,,,,,,,,,,50,100,,"TRUE",,,,,,,,,,,,,,,,,,,,,,,,,,,,,,,,,,,,,,,,,,,,,,,,,,,,,,,,,,,,,,,,,,,,,,,,,,,,"TroopGroundAny",,,,,,,,,,,,,
"DEPRECATED",4000025,1,,"TID_MINER","TID_MINER_INFO",6,99,1,250,550,24,,"Elixir",1500000,60,1700,,80,,,,,"sc/ui.sc","icon_unit_miner","unit_miner_big","sc/info_miner.sc",,,,,,,"Miner Deploy",,"Miner Attack",,"Miner Hit",,"FALSE","FALSE","TRUE",,,"Miner Die",,"Miner_lvl1",,"FALSE",,,0,"TombStone",,,,,,,"TRUE",,,,,,,,,,,,,,,,,,,,,,,,,,,,,,,,,,,,,,,,,,,,,,,,,,,-50,,,,,,,,,,600,500,,"TRUE",,,,,,,,,,"Miner Move",,,"Miner Appear","Miner Hide",,,,,,,,,,,,,,,,,,,,,,,,,,,,,,,,,,,,,,,,,,,,,,,,,,,,,,,,,,,,,,,,,,,,,,,,,,,
,,2,,,,,,8,,610,48,,,2600000,,,,88,,,,,,,,,,,,,,,,,,,,,,,,,,,,"Miner_lvl2",,,,,,,,,,,,,,,,,,,,,,,,,,,,,,,,,,,,,,,,,,,,,,,,,,,,,,,,,,,,,,,,,,,,,,,,,,,,,,,,,,,,,,,,,,,,,,,,,,,,,,,,,,,,,,,,,,,,,,,,,,,,,,,,,,,,,,,,,,,,,,,,,,,,,,,,,,,,,,,,,,,,,,
,,3,,,,,,8,,670,54,,,3000000,,,,96,,,,,,,,,,,,,,,,,,,,,,,,,,,,"Miner_lvl3",,,,,,,,,,,,,,,,,,,,,,,,,,,,,,,,,,,,,,,,,,,,,,,,,,,,,,,,,,,,,,,,,,,,,,,,,,,,,,,,,,,,,,,,,,,,,,,,,,,,,,,,,,,,,,,,,,,,,,,,,,,,,,,,,,,,,,,,,,,,,,,,,,,,,,,,,,,,,,,,,,,,,,
,,4,,,,,,9,,730,60,,,4000000,,,,104,,,,,,,,,,,,,,,,,,,,,,,,,,,,"Miner_lvl3",,,,,,,,,,,,,,,,,,,,,,,,,,,,,,,,,,,,,,,,,,,,,,,,,,,,,,,,,,,,,,,,,,,,,,,,,,,,,,,,,,,,,,,,,,,,,,,,,,,,,,,,,,,,,,,,,,,,,,,,,,,,,,,,,,,,,,,,,,,,,,,,,,,,,,,,,,,,,,,,,,,,,,
,,5,,,,,,9,,800,72,,,4800000,,,,112,,,,,,,,,,,,,,,,,,,,,,,,,,,,"Miner_lvl4",,,,,,,,,,,,,,,,,,,,,,,,,,,,,,,,,,,,,,,,,,,,,,,,,,,,,,,,,,,,,,,,,,,,,,,,,,,,,,,,,,,,,,,,,,,,,,,,,,,,,,,,,,,,,,,,,,,,,,,,,,,,,,,,,,,,,,,,,,,,,,,,,,,,,,,,,,,,,,,,,,,,,,
,,6,,,,,,10,,900,86,,,6000000,,,,120,,,,,,,,,,,,,,,,,,,,,,,,,,,,"Miner_lvl4",,,,,,,,,,,,,,,,,,,,,,,,,,,,,,,,,,,,,,,,,,,,,,,,,,,,,,,,,,,,,,,,,,,,,,,,,,,,,,,,,,,,,,,,,,,,,,,,,,,,,,,,,,,,,,,,,,,,,,,,,,,,,,,,,,,,,,,,,,,,,,,,,,,,,,,,,,,,,,,,,,,,,,
,,7,,,,,,11,,1000,132,,,8600000,,,,128,,,,,,,,,,,,,,,,,,,,,,,,,,,,"Miner_lvl5",,,,,,,,,,,,,,,,,,,,,,,,,,,,,,,,,,,,,,,,,,,,,,,,,,,,,,,,,,,,,,,,,,,,,,,,,,,,,,,,,,,,,,,,,,,,,,,,,,,,,,,,,,,,,,,,,,,,,,,,,,,,,,,,,,,,,,,,,,,,,,,,,,,,,,,,,,,,,,,,,,,,,,
,,8,,,,,,12,,1100,144,,,10500000,,,,136,,,,,,,,,,,,,,,,,,,,,,,,,,,,"Miner_lvl6",,,,,,,,,,,,,,,,,,,,,,,,,,,,,,,,,,,,,,,,,,,,,,,,,,,,,,,,,,,,,,,,,,,,,,,,,,,,,,,,,,,,,,,,,,,,,,,,,,,,,,,,,,,,,,,,,,,,,,,,,,,,,,,,,,,,,,,,,,,,,,,,,,,,,,,,,,,,,,,,,,,,,,
,,9,,,,,,13,,1250,168,,,12500000,,,,144,,,,,,,,,,,,,,,,,,,,,,,,,,,,"Miner_lvl7",,,,,,,,,,,,,,,,,,,,,,,,,,,,,,,,,,,,,,,,,,,,,,,,,,,,,,,,,,,,,,,,,,,,,,,,,,,,,,,,,,,,,,,,,,,,,,,,,,,,,,,,,,,,,,,,,,,,,,,,,,,,,,,,,,,,,,,,,,,,,,,,,,,,,,,,,,,,,,,,,,,,,,
,,10,,,,,,14,,1400,348,,,21500000,,,,152,,,,,,,,,,,,,,,,,,,,,,,,,,,,"Miner_lvl10",,,,,,,,,,,,,,,,,,,,,,,,,,,,,,,,,,,,,,,,,,,,,,,,,,,,,,,,,,,,,,,,,,,,,,,,,,,,,,,,,,,,,,,,,,,,,,,,,,,,,,,,,,,,,,,,,,,,,,,,,,,,,,,,,,,,,,,,,,,,,,,,,,,,,,,,,,,,,,,,,,,,,,
,,11,,,,,,15,,1600,,,,,,,,160,,,,,,,,,,,,,,,,,,,,,,,,,,,,"Miner_lvl10",,,,,,,,,,,,,,,,,,,,,,,,,,,,,,,,,,,,,,,,,11000,,,,,,,,,,,,,,,,,,,,,,,,,,,,,,,,,,,,,,,,,,,,,,,,,,,,,,,,,,,,,,,,,,,,,,,,,,,,,,,,,,,,,,,,,,,,,,,,,,,,,,,,,,,,,,,,,,,,,,,,,,,,,
"BB Raged Barbarian",4000031,1,,"TID_RAGED_BARBARIAN","TID_CHARACTER_INFO_RAGED_BARBARIAN",4,1,1,240,500,,,"Elixir2",3500,40,800,,45,1,,,,"sc/ui.sc","icon_unit_raged_barbarian","unit_raged_barbarian_big","sc/info_raged_barbarian.sc",,,,,,,"Barbarian2 Deploy",,"Barbarian2 Attack",,"Barbarian2 Hit",,"FALSE","FALSE","TRUE",,,"Barbarian2 Die",,"Raged Barbarian 1","BB Barracks","FALSE",,,0,"TombStone_village2",,,,,,,,,,,,,,,,,,,,,,,,,,,,,,,,,,,2800,,,,,,,,,,,,,,,,,,,,,,,-50,,,,,,,,,,100,100,,"TRUE",,,,,,,,,,,,,,,1,3,,,,,,,,,,,,,,,,,,,,,,,,,,,,,,,,,,,,,,,,,,,,,,,,,,,,,,,,,,,,,,,,,,,,,,,,,
,,2,,,,,,1,,500,0,5,,7000,,,,45,,,,,,,,,,,,,,,,,,,,,,,,,,,,"Raged Barbarian 1",,,,,,,,,,,,,,,,,,,,,,,,,,,,,,,,,,,,,,,,,3000,,,,,,,,,,,,,,,,,,,,,,,,,,,,,,,,,,,,,,,,,,,,,,,,,,,,3,,,,,,,,,,,,,,,,,,,,,,,,,,,,,,,,,,,,,,,,,,,,,,"EliteBarbarianAbility","1",,,,,,,,,,,,,,,,,,,,,,,,,,
,,3,,,,,,2,,550,0,15,,10000,,,,58,,,,,,,,,,,,,,,,,,,,,,,,,,,,"Raged Barbarian 1",,,,,,,,,,,,,,,,,,,,,,,,,,,,,,,,,,,,,,,,,3200,,,,,,,,,,,,,,,,,,,,,,,,,,,,,,,,,,,,,,,,,,,,,,,,,,,,3,,,,,,,,,,,,,,,,,,,,,,,,,,,,,,,,,,,,,,,,,,,,,,,"1",,,,,,,,,,,,,,,,,,,,,,,,,,
,,4,,,,,,2,,550,5,0,,90000,,,,58,,,,,,,,,,,,,,,,,,,,,,,,,,,,"Raged Barbarian 1",,,,,,,,,,,,,,,,,,,,,,,,,,,,,,,,,,,,,,,,,3400,,,,,,,,,,,,,,,,,,,,,,,,,,,,,,,,,,,,,,,,,,,,,,,,,,,,3,,,,,,,,,,,,,,,,,,,,,,,,,,,,,,,,,,,,,,,,,,,,,,,"2",,,,,,,,,,,,,,,,,,,,,,,,,,
,,5,,,,,,3,,605,10,0,,180000,,,,70,,,,,,,,,,,,,,,,,,,,,,,,,,,,"Raged Barbarian 2",,,,,,,,,,,,,,,,,,,,,,,,,,,,,,,,,,,,,,,,,3600,,,,,,,,,,,,,,,,,,,,,,,,,,,,,,,,,,,,,,,,,,,,,,,,,,,,3,,,,,,,,,,,,,,,,,,,,,,,,,,,,,,,,,,,,,,,,,,,,,,,"2",,,,,,,,,,,,,,,,,,,,,,,,,,
,,6,,,,,,3,,605,15,0,,300000,,,,70,,,,,,,,,,,,,,,,,,,,,,,,,,,,"Raged Barbarian 2",,,,,,,,,,,,,,,,,,,,,,,,,,,,,,,,,,,,,,,,,3800,,,,,,,,,,,,,,,,,,,,,,,,,,,,,,,,,,,,,,,,,,,,,,,,,,,,4,,,,,,,,,,,,,,,,,,,,,,,,,,,,,,,,,,,,,,,,,,,,,,,"2",,,,,,,,,,,,,,,,,,,,,,,,,,
,,7,,,,,,4,,666,20,0,,330000,,,,83,,,,,,,,,,,,,,,,,,,,,,,,,,,,"Raged Barbarian 2",,,,,,,,,,,,,,,,,,,,,,,,,,,,,,,,,,,,,,,,,4000,,,,,,,,,,,,,,,,,,,,,,,,,,,,,,,,,,,,,,,,,,,,,,,,,,,,4,,,,,,,,,,,,,,,,,,,,,,,,,,,,,,,,,,,,,,,,,,,,,,,"2",,,,,,,,,,,,,,,,,,,,,,,,,,
,,8,,,,,,4,,666,24,0,,700000,,,,83,,,,,,,,,,,,,,,,,,,,,,,,,,,,"Raged Barbarian 2",,,,,,,,,,,,,,,,,,,,,,,,,,,,,,,,,,,,,,,,,4200,,,,,,,,,,,,,,,,,,,,,,,,,,,,,,,,,,,,,,,,,,,,,,,,,,,,4,,,,,,,,,,,,,,,,,,,,,,,,,,,,,,,,,,,,,,,,,,,,,,,"3",,,,,,,,,,,,,,,,,,,,,,,,,,
,,9,,,,,,5,,732,36,0,,900000,,,,93,,,,,,,,,,,,,,,,,,,,,,,,,,,,"Raged Barbarian 3",,,,,,,,,,,,,,,,,,,,,,,,,,,,,,,,,,,,,,,,,4400,,,,,,,,,,,,,,,,,,,,,,,,,,,,,,,,,,,,,,,,,,,,,,,,,,,,4,,,,,,,,,,,,,,,,,,,,,,,,,,,,,,,,,,,,,,,,,,,,,,,"3",,,,,,,,,,,,,,,,,,,,,,,,,,
,,10,,,,,,5,,732,48,0,,1000000,,,,93,,,,,,,,,,,,,,,,,,,,,,,,,,,,"Raged Barbarian 3",,,,,,,,,,,,,,,,,,,,,,,,,,,,,,,,,,,,,,,,,4600,,,,,,,,,,,,,,,,,,,,,,,,,,,,,,,,,,,,,,,,,,,,,,,,,,,,4,,,,,,,,,,,,,,,,,,,,,,,,,,,,,,,,,,,,,,,,,,,,,,,"4",,,,,,,,,,,,,,,,,,,,,,,,,,
,,11,,,,,,6,,805,60,0,,1200000,,,,103,,,,,,,,,,,,,,,,,,,,,,,,,,,,"Raged Barbarian 3",,,,,,,,,,,,,,,,,,,,,,,,,,,,,,,,,,,,,,,,,4800,,,,,,,,,,,,,,,,,,,,,,,,,,,,,,,,,,,,,,,,,,,,,,,,,,,,4,,,,,,,,,,,,,,,,,,,,,,,,,,,,,,,,,,,,,,,,,,,,,,,"4",,,,,,,,,,,,,,,,,,,,,,,,,,
,,12,,,,,,6,,805,84,0,,2000000,,,,103,,,,,,,,,,,,,,,,,,,,,,,,,,,,"Raged Barbarian 3",,,,,,,,,,,,,,,,,,,,,,,,,,,,,,,,,,,,,,,,,5000,,,,,,,,,,,,,,,,,,,,,,,,,,,,,,,,,,,,,,,,,,,,,,,,,,,,4,,,,,,,,,,,,,,,,,,,,,,,,,,,,,,,,,,,,,,,,,,,,,,,"5",,,,,,,,,,,,,,,,,,,,,,,,,,
,,13,,,,,,7,,886,108,0,,2200000,,,,112,,,,,,,,,,,,,,,,,,,,,,,,,,,,"Raged Barbarian 4",,,,,,,,,,,,,,,,,,,,,,,,,,,,,,,,,,,,,,,,,5200,,,,,,,,,,,,,,,,,,,,,,,,,,,,,,,,,,,,,,,,,,,,,,,,,,,,4,,,,,,,,,,,,,,,,,,,,,,,,,,,,,,,,,,,,,,,,,,,,,,,"5",,,,,,,,,,,,,,,,,,,,,,,,,,
,,14,,,,,,7,,886,132,0,,3000000,,,,112,,,,,,,,,,,,,,,,,,,,,,,,,,,,"Raged Barbarian 4",,,,,,,,,,,,,,,,,,,,,,,,,,,,,,,,,,,,,,,,,5400,,,,,,,,,,,,,,,,,,,,,,,,,,,,,,,,,,,,,,,,,,,,,,,,,,,,4,,,,,,,,,,,,,,,,,,,,,,,,,,,,,,,,,,,,,,,,,,,,,,,"6",,,,,,,,,,,,,,,,,,,,,,,,,,
,,15,,,,,,8,,974,132,0,,3200000,,,,120,,,,,,,,,,,,,,,,,,,,,,,,,,,,"Raged Barbarian 4",,,,,,,,,,,,,,,,,,,,,,,,,,,,,,,,,,,,,,,,,5600,,,,,,,,,,,,,,,,,,,,,,,,,,,,,,,,,,,,,,,,,,,,,,,,,,,,4,,,,,,,,,,,,,,,,,,,,,,,,,,,,,,,,,,,,,,,,,,,,,,,"6",,,,,,,,,,,,,,,,,,,,,,,,,,
,,16,,,,,,8,,974,144,0,,3800000,,,,120,,,,,,,,,,,,,,,,,,,,,,,,,,,,"Raged Barbarian 4",,,,,,,,,,,,,,,,,,,,,,,,,,,,,,,,,,,,,,,,,5800,,,,,,,,,,,,,,,,,,,,,,,,,,,,,,,,,,,,,,,,,,,,,,,,,,,,4,,,,,,,,,,,,,,,,,,,,,,,,,,,,,,,,,,,,,,,,,,,,,,,"7",,,,,,,,,,,,,,,,,,,,,,,,,,
,,17,,,,,,9,,1072,144,0,,4000000,,,,128,,,,,,,,,,,,,,,,,,,,,,,,,,,,"Raged Barbarian 5",,,,,,,,,,,,,,,,,,,,,,,,,,,,,,,,,,,,,,,,,6000,,,,,,,,,,,,,,,,,,,,,,,,,,,,,,,,,,,,,,,,,,,,,,,,,,,,4,,,,,,,,,,,,,,,,,,,,,,,,,,,,,,,,,,,,,,,,,,,,,,,"7",,,,,,,,,,,,,,,,,,,,,,,,,,
,,18,,,,,,9,,1072,156,0,,4600000,,,,128,,,,,,,,,,,,,,,,,,,,,,,,,,,,"Raged Barbarian 5",,,,,,,,,,,,,,,,,,,,,,,,,,,,,,,,,,,,,,,,,6200,,,,,,,,,,,,,,,,,,,,,,,,,,,,,,,,,,,,,,,,,,,,,,,,,,,,4,,,,,,,,,,,,,,,,,,,,,,,,,,,,,,,,,,,,,,,,,,,,,,,"8",,,,,,,,,,,,,,,,,,,,,,,,,,
,,19,,,,,,10,,1179,156,0,,5200000,,,,136,,,,,,,,,,,,,,,,,,,,,,,,,,,,"Raged Barbarian 5",,,,,,,,,,,,,,,,,,,,,,,,,,,,,,,,,,,,,,,,,6400,,,,,,,,,,,,,,,,,,,,,,,,,,,,,,,,,,,,,,,,,,,,,,,,,,,,4,,,,,,,,,,,,,,,,,,,,,,,,,,,,,,,,,,,,,,,,,,,,,,,"8",,,,,,,,,,,,,,,,,,,,,,,,,,
,,20,,,,,,10,,1179,,,,,,,,136,,,,,,,,,,,,,,,,,,,,,,,,,,,,"Raged Barbarian 5",,,,,,,,,,,,,,,,,,,,,,,,,,,,,,,,,,,,,,,,,6600,,,,,,,,,,,,,,,,,,,,,,,,,,,,,,,,,,,,,,,,,,,,,,,,,,,,4,,,,,,,,,,,,,,,,,,,,,,,,,,,,,,,,,,,,,,,,,,,,,,,"9",,,,,,,,,,,,,,,,,,,,,,,,,,
"BB Sneaky Archer",4000032,1,,"TID_SNEAKY_ARCHER","TID_CHARACTER_INFO_SNEAKY_ARCHER",3,2,1,360,196,0,3,"Elixir2",5000,350,1000,,60,1,,,,"sc/ui.sc","icon_unit_stealthy_archer","unit_sneaky_archer_big","sc/info_sneaky_archer.sc",,"Arrow_small",,,,,"Archer2 Deploy",,"Archer2 Attack",,"Archer2 Hit",,"FALSE","TRUE","TRUE",,,"Archer2 Die",,"Sneaky Archer 1","BB Barracks","FALSE",,,0,"TombStone_village2",,,,,,,,,,,,,,,,,,,,,,,,,,,,,,,,,,,2800,,,,,,,,,,,,,,,,,,,,,,,-50,,,,,,,,,,100,100,,"TRUE",,,,,,,,,,,,,,,1,3,,,,,,,,,,,,,,,,,,,,,,,,,,,,,,,,,,,,,,,,,,,,,,,,,,,,,,,,,,,,,,,,,,,,,,,,,
,,2,,,,,,1,,196,0,10,,8000,,,,60,,,,,,,,,,"Arrow_small",,,,,,,,,,,,,,,,,,"Sneaky Archer 1",,,,,,,,,,,,,,,,,,,,,,,,,,,,,,,,,,,,,,,,,3000,,,,,,,,,,,,,,,,,,,,,,,,,,,,,,,,,,,,,,,,,,,,,,,,,,,,3,,,,,,,,,,,,,,,,,,,,,,,,,,,,,,,,,,,,,,,,,,,,,,"Archer2Ability","1",,,,,,,,,,,,,,,,,,,,,,,,,,
,,3,,,,,,2,,216,0,30,,12000,,,,66,,,,,,,,,,"Arrow_small",,,,,,,,,,,,,,,,,,"Sneaky Archer 1",,,,,,,,,,,,,,,,,,,,,,,,,,,,,,,,,,,,,,,,,3200,,,,,,,,,,,,,,,,,,,,,,,,,,,,,,,,,,,,,,,,,,,,,,,,,,,,3,,,,,,,,,,,,,,,,,,,,,,,,,,,,,,,,,,,,,,,,,,,,,,,"1",,,,,,,,,,,,,,,,,,,,,,,,,,
,,4,,,,,,2,,216,6,0,,100000,,,,66,,,,,,,,,,"Arrow_small_fire",,,,,,,,,,,,,,,,,,"Sneaky Archer 1",,,,,,,,,,,,,,,,,,,,,,,,,,,,,,,,,,,,,,,,,3400,,,,,,,,,,,,,,,,,,,,,,,,,,,,,,,,,,,,,,,,,,,,,,,,,,,,3,,,,,,,,,,,,,,,,,,,,,,,,,,,,,,,,,,,,,,,,,,,,,,,"2",,,,,,,,,,,,,,,,,,,,,,,,,,
,,5,,,,,,3,,237,11,0,,200000,,,,72,,,,,,,,,,"Arrow_small_fire",,,,,,,,,,,,,,,,,,"Sneaky Archer 2",,,,,,,,,,,,,,,,,,,,,,,,,,,,,,,,,,,,,,,,,3600,,,,,,,,,,,,,,,,,,,,,,,,,,,,,,,,,,,,,,,,,,,,,,,,,,,,3,,,,,,,,,,,,,,,,,,,,,,,,,,,,,,,,,,,,,,,,,,,,,,,"2",,,,,,,,,,,,,,,,,,,,,,,,,,
,,6,,,,,,3,,237,16,0,,320000,,,,72,,,,,,,,,,"Arrow_small_elixirFire",,,,,,,,,,,,,,,,,,"Sneaky Archer 2",,,,,,,,,,,,,,,,,,,,,,,,,,,,,,,,,,,,,,,,,3800,,,,,,,,,,,,,,,,,,,,,,,,,,,,,,,,,,,,,,,,,,,,,,,,,,,,3,,,,,,,,,,,,,,,,,,,,,,,,,,,,,,,,,,,,,,,,,,,,,,,"3",,,,,,,,,,,,,,,,,,,,,,,,,,
,,7,,,,,,4,,261,21,0,,350000,,,,79,,,,,,,,,,"Arrow_small_elixirFire",,,,,,,,,,,,,,,,,,"Sneaky Archer 2",,,,,,,,,,,,,,,,,,,,,,,,,,,,,,,,,,,,,,,,,4000,,,,,,,,,,,,,,,,,,,,,,,,,,,,,,,,,,,,,,,,,,,,,,,,,,,,3,,,,,,,,,,,,,,,,,,,,,,,,,,,,,,,,,,,,,,,,,,,,,,,"3",,,,,,,,,,,,,,,,,,,,,,,,,,
,,8,,,,,,4,,261,24,0,,800000,,,,79,,,,,,,,,,"Arrow_small_darkElixirFire",,,,,,,,,,,,,,,,,,"Sneaky Archer 2",,,,,,,,,,,,,,,,,,,,,,,,,,,,,,,,,,,,,,,,,4200,,,,,,,,,,,,,,,,,,,,,,,,,,,,,,,,,,,,,,,,,,,,,,,,,,,,3,,,,,,,,,,,,,,,,,,,,,,,,,,,,,,,,,,,,,,,,,,,,,,,"4",,,,,,,,,,,,,,,,,,,,,,,,,,
,,9,,,,,,5,,287,36,0,,1000000,,,,86,,,,,,,,,,"Arrow_small_darkElixirFire",,,,,,,,,,,,,,,,,,"Sneaky Archer 3",,,,,,,,,,,,,,,,,,,,,,,,,,,,,,,,,,,,,,,,,4400,,,,,,,,,,,,,,,,,,,,,,,,,,,,,,,,,,,,,,,,,,,,,,,,,,,,3,,,,,,,,,,,,,,,,,,,,,,,,,,,,,,,,,,,,,,,,,,,,,,,"4",,,,,,,,,,,,,,,,,,,,,,,,,,
,,10,,,,,,5,,287,48,0,,1100000,,,,86,,,,,,,,,,"Arrow_small_darkElixirFire",,,,,,,,,,,,,,,,,,"Sneaky Archer 3",,,,,,,,,,,,,,,,,,,,,,,,,,,,,,,,,,,,,,,,,4600,,,,,,,,,,,,,,,,,,,,,,,,,,,,,,,,,,,,,,,,,,,,,,,,,,,,4,,,,,,,,,,,,,,,,,,,,,,,,,,,,,,,,,,,,,,,,,,,,,,,"4",,,,,,,,,,,,,,,,,,,,,,,,,,
,,11,,,,,,6,,316,60,0,,1300000,,,,95,,,,,,,,,,"Arrow_small_darkElixirFire2",,,,,,,,,,,,,,,,,,"Sneaky Archer 3",,,,,,,,,,,,,,,,,,,,,,,,,,,,,,,,,,,,,,,,,4800,,,,,,,,,,,,,,,,,,,,,,,,,,,,,,,,,,,,,,,,,,,,,,,,,,,,4,,,,,,,,,,,,,,,,,,,,,,,,,,,,,,,,,,,,,,,,,,,,,,,"4",,,,,,,,,,,,,,,,,,,,,,,,,,
,,12,,,,,,6,,316,84,0,,2100000,,,,95,,,,,,,,,,"Arrow_small_darkElixirFire2",,,,,,,,,,,,,,,,,,"Sneaky Archer 3",,,,,,,,,,,,,,,,,,,,,,,,,,,,,,,,,,,,,,,,,5000,,,,,,,,,,,,,,,,,,,,,,,,,,,,,,,,,,,,,,,,,,,,,,,,,,,,4,,,,,,,,,,,,,,,,,,,,,,,,,,,,,,,,,,,,,,,,,,,,,,,"5",,,,,,,,,,,,,,,,,,,,,,,,,,
,,13,,,,,,7,,347,108,0,,2300000,,,,104,,,,,,,,,,"Arrow_small_darkElixirFire2",,,,,,,,,,,,,,,,,,"Sneaky Archer 4",,,,,,,,,,,,,,,,,,,,,,,,,,,,,,,,,,,,,,,,,5200,,,,,,,,,,,,,,,,,,,,,,,,,,,,,,,,,,,,,,,,,,,,,,,,,,,,4,,,,,,,,,,,,,,,,,,,,,,,,,,,,,,,,,,,,,,,,,,,,,,,"5",,,,,,,,,,,,,,,,,,,,,,,,,,
,,14,,,,,,7,,347,132,0,,3100000,,,,104,,,,,,,,,,"Arrow_small_darkElixirFire2",,,,,,,,,,,,,,,,,,"Sneaky Archer 4",,,,,,,,,,,,,,,,,,,,,,,,,,,,,,,,,,,,,,,,,5400,,,,,,,,,,,,,,,,,,,,,,,,,,,,,,,,,,,,,,,,,,,,,,,,,,,,4,,,,,,,,,,,,,,,,,,,,,,,,,,,,,,,,,,,,,,,,,,,,,,,"6",,,,,,,,,,,,,,,,,,,,,,,,,,
,,15,,,,,,8,,382,132,0,,3300000,,,,112,,,,,,,,,,"Arrow_small_darkElixirFire2",,,,,,,,,,,,,,,,,,"Sneaky Archer 4",,,,,,,,,,,,,,,,,,,,,,,,,,,,,,,,,,,,,,,,,5600,,,,,,,,,,,,,,,,,,,,,,,,,,,,,,,,,,,,,,,,,,,,,,,,,,,,4,,,,,,,,,,,,,,,,,,,,,,,,,,,,,,,,,,,,,,,,,,,,,,,"6",,,,,,,,,,,,,,,,,,,,,,,,,,
,,16,,,,,,8,,382,144,0,,3900000,,,,112,,,,,,,,,,"Arrow_small_darkElixirFire2",,,,,,,,,,,,,,,,,,"Sneaky Archer 4",,,,,,,,,,,,,,,,,,,,,,,,,,,,,,,,,,,,,,,,,5800,,,,,,,,,,,,,,,,,,,,,,,,,,,,,,,,,,,,,,,,,,,,,,,,,,,,4,,,,,,,,,,,,,,,,,,,,,,,,,,,,,,,,,,,,,,,,,,,,,,,"7",,,,,,,,,,,,,,,,,,,,,,,,,,
,,17,,,,,,9,,420,144,0,,4100000,,,,119,,,,,,,,,,"Arrow_small_darkElixirFire2",,,,,,,,,,,,,,,,,,"Sneaky Archer 5",,,,,,,,,,,,,,,,,,,,,,,,,,,,,,,,,,,,,,,,,6000,,,,,,,,,,,,,,,,,,,,,,,,,,,,,,,,,,,,,,,,,,,,,,,,,,,,4,,,,,,,,,,,,,,,,,,,,,,,,,,,,,,,,,,,,,,,,,,,,,,,"7",,,,,,,,,,,,,,,,,,,,,,,,,,
,,18,,,,,,9,,420,156,0,,4700000,,,,119,,,,,,,,,,"Arrow_small_darkElixirFire2",,,,,,,,,,,,,,,,,,"Sneaky Archer 5",,,,,,,,,,,,,,,,,,,,,,,,,,,,,,,,,,,,,,,,,6200,,,,,,,,,,,,,,,,,,,,,,,,,,,,,,,,,,,,,,,,,,,,,,,,,,,,4,,,,,,,,,,,,,,,,,,,,,,,,,,,,,,,,,,,,,,,,,,,,,,,"8",,,,,,,,,,,,,,,,,,,,,,,,,,
,,19,,,,,,10,,462,156,0,,5300000,,,,125,,,,,,,,,,"Arrow_small_darkElixirFire2",,,,,,,,,,,,,,,,,,"Sneaky Archer 5",,,,,,,,,,,,,,,,,,,,,,,,,,,,,,,,,,,,,,,,,6400,,,,,,,,,,,,,,,,,,,,,,,,,,,,,,,,,,,,,,,,,,,,,,,,,,,,4,,,,,,,,,,,,,,,,,,,,,,,,,,,,,,,,,,,,,,,,,,,,,,,"8",,,,,,,,,,,,,,,,,,,,,,,,,,
,,20,,,,,,10,,462,,,,,,,,125,,,,,,,,,,"Arrow_small_darkElixirFire2",,,,,,,,,,,,,,,,,,"Sneaky Archer 5",,,,,,,,,,,,,,,,,,,,,,,,,,,,,,,,,,,,,,,,,6600,,,,,,,,,,,,,,,,,,,,,,,,,,,,,,,,,,,,,,,,,,,,,,,,,,,,4,,,,,,,,,,,,,,,,,,,,,,,,,,,,,,,,,,,,,,,,,,,,,,,"9",,,,,,,,,,,,,,,,,,,,,,,,,,
"BB Boxer Giant",4000034,3,,"TID_IRONFIST_GIANT","TID_CHARACTER_INFO_IRONFIST_GIANT",18,3,3,180,2530,5,,"Elixir2",60000,100,2000,,65,1,,,,"sc/ui.sc","icon_unit_boxergiant","unit_boxer_giant_big","sc/info_ironfist_giant.sc",,,,,"Defense",,"Giant Deploy",,"Giant Attack",,"Giant Hit",,"FALSE","FALSE","TRUE",,,"Giant Die",,"Boxer Giant 1 (ability used)","BB Barracks","FALSE",,,0,"TombStone_village2",,,,,,,,,,,,,,,,,,,,,,,,,,,,,,,,,,,3200,,,,,,,,,,,,,,,,,,,,,,,-50,,,,,,,,,,600,500,,"TRUE",,,,,,,,,,,,,,,1,1,,,,,,,,,,,,,,,,,,,,,,,,,,,,,,,,,,,,,,,,,,,,,,"BBGiantBigFirstHit","1",,"TRUE",,,,,,,,,,,,,,,,,,,,,,,,
,,4,,,,,,3,,2530,10,,,120000,,,,65,,,,,,,,,,,,,,,,,,,,,,,,,,,,"Boxer Giant 1",,,,,,,,,,,,,,,,,,,,,,,,,,,,,,,,,,,,,,,,,3400,,,,,,,,,,,,,,,,,,,,,,,,,,,,,,,,,,,,,,,,,,,,,,,,,,,,1,,,,,,,,,,,,,,,,,,,,,,,,,,,,,,,,,,,,,,,,,,,,,,"Boxer Giant Block;BBGiantBigFirstHit","1;1",,,,,,,,,,,,,,,,,,,,,,,,,,
,,5,,,,,,3,,2783,16,,,240000,,,,70,,,,,,,,,,,,,,,,,,,,,,,,,,,,"Boxer Giant 1",,,,,,,,,,,,,,,,,,,,,,,,,,,,,,,,,,,,,,,,,3600,,,,,,,,,,,,,,,,,,,,,,,,,,,,,,,,,,,,,,,,,,,,,,,,,,,,1,,,,,,,,,,,,,,,,,,,,,,,,,,,,,,,,,,,,,,,,,,,,,,,"1;1",,,,,,,,,,,,,,,,,,,,,,,,,,
,,6,,,,,,3,,2783,20,,,350000,,,,70,,,,,,,,,,,,,,,,,,,,,,,,,,,,"Boxer Giant 1",,,,,,,,,,,,,,,,,,,,,,,,,,,,,,,,,,,,,,,,,3800,,,,,,,,,,,,,,,,,,,,,,,,,,,,,,,,,,,,,,,,,,,,,,,,,,,,1,,,,,,,,,,,,,,,,,,,,,,,,,,,,,,,,,,,,,,,,,,,,,,,"1;2",,,,,,,,,,,,,,,,,,,,,,,,,,
,,7,,,,,,4,,3061,24,,,380000,,,,76,,,,,,,,,,,,,,,,,,,,,,,,,,,,"Boxer Giant 1",,,,,,,,,,,,,,,,,,,,,,,,,,,,,,,,,,,,,,,,,4000,,,,,,,,,,,,,,,,,,,,,,,,,,,,,,,,,,,,,,,,,,,,,,,,,,,,1,,,,,,,,,,,,,,,,,,,,,,,,,,,,,,,,,,,,,,,,,,,,,,,"1;2",,,,,,,,,,,,,,,,,,,,,,,,,,
,,8,,,,,,4,,3061,36,,,1000000,,,,76,,,,,,,,,,,,,,,,,,,,,,,,,,,,"Boxer Giant 2",,,,,,,,,,,,,,,,,,,,,,,,,,,,,,,,,,,,,,,,,4200,,,,,,,,,,,,,,,,,,,,,,,,,,,,,,,,,,,,,,,,,,,,,,,,,,,,1,,,,,,,,,,,,,,,,,,,,,,,,,,,,,,,,,,,,,,,,,,,,,,,"2;2",,,,,,,,,,,,,,,,,,,,,,,,,,
,,9,,,,,,5,,3367,48,,,1200000,,,,83,,,,,,,,,,,,,,,,,,,,,,,,,,,,"Boxer Giant 2",,,,,,,,,,,,,,,,,,,,,,,,,,,,,,,,,,,,,,,,,4400,,,,,,,,,,,,,,,,,,,,,,,,,,,,,,,,,,,,,,,,,,,,,,,,,,,,1,,,,,,,,,,,,,,,,,,,,,,,,,,,,,,,,,,,,,,,,,,,,,,,"2;2",,,,,,,,,,,,,,,,,,,,,,,,,,
,,10,,,,,,5,,3367,48,,,1300000,,,,83,,,,,,,,,,,,,,,,,,,,,,,,,,,,"Boxer Giant 2",,,,,,,,,,,,,,,,,,,,,,,,,,,,,,,,,,,,,,,,,4600,,,,,,,,,,,,,,,,,,,,,,,,,,,,,,,,,,,,,,,,,,,,,,,,,,,,1,,,,,,,,,,,,,,,,,,,,,,,,,,,,,,,,,,,,,,,,,,,,,,,"2;3",,,,,,,,,,,,,,,,,,,,,,,,,,
,,11,,,,,,6,,3704,60,,,1500000,,,,91,,,,,,,,,,,,,,,,,,,,,,,,,,,,"Boxer Giant 2",,,,,,,,,,,,,,,,,,,,,,,,,,,,,,,,,,,,,,,,,4800,,,,,,,,,,,,,,,,,,,,,,,,,,,,,,,,,,,,,,,,,,,,,,,,,,,,1,,,,,,,,,,,,,,,,,,,,,,,,,,,,,,,,,,,,,,,,,,,,,,,"2;3",,,,,,,,,,,,,,,,,,,,,,,,,,
,,12,,,,,,6,,3704,84,,,2300000,,,,91,,,,,,,,,,,,,,,,,,,,,,,,,,,,"Boxer Giant 3",,,,,,,,,,,,,,,,,,,,,,,,,,,,,,,,,,,,,,,,,5000,,,,,,,,,,,,,,,,,,,,,,,,,,,,,,,,,,,,,,,,,,,,,,,,,,,,1,,,,,,,,,,,,,,,,,,,,,,,,,,,,,,,,,,,,,,,,,,,,,,,"3;3",,,,,,,,,,,,,,,,,,,,,,,,,,
,,13,,,,,,7,,4075,108,,,2500000,,,,100,,,,,,,,,,,,,,,,,,,,,,,,,,,,"Boxer Giant 3",,,,,,,,,,,,,,,,,,,,,,,,,,,,,,,,,,,,,,,,,5200,,,,,,,,,,,,,,,,,,,,,,,,,,,,,,,,,,,,,,,,,,,,,,,,,,,,1,,,,,,,,,,,,,,,,,,,,,,,,,,,,,,,,,,,,,,,,,,,,,,,"3;3",,,,,,,,,,,,,,,,,,,,,,,,,,
,,14,,,,,,7,,4075,132,,,3300000,,,,100,,,,,,,,,,,,,,,,,,,,,,,,,,,,"Boxer Giant 3",,,,,,,,,,,,,,,,,,,,,,,,,,,,,,,,,,,,,,,,,5400,,,,,,,,,,,,,,,,,,,,,,,,,,,,,,,,,,,,,,,,,,,,,,,,,,,,1,,,,,,,,,,,,,,,,,,,,,,,,,,,,,,,,,,,,,,,,,,,,,,,"3;4",,,,,,,,,,,,,,,,,,,,,,,,,,
,,15,,,,,,8,,4482,132,,,3500000,,,,109,,,,,,,,,,,,,,,,,,,,,,,,,,,,"Boxer Giant 3",,,,,,,,,,,,,,,,,,,,,,,,,,,,,,,,,,,,,,,,,5600,,,,,,,,,,,,,,,,,,,,,,,,,,,,,,,,,,,,,,,,,,,,,,,,,,,,1,,,,,,,,,,,,,,,,,,,,,,,,,,,,,,,,,,,,,,,,,,,,,,,"3;4",,,,,,,,,,,,,,,,,,,,,,,,,,
,,16,,,,,,8,,4482,144,,,4000000,,,,109,,,,,,,,,,,,,,,,,,,,,,,,,,,,"Boxer Giant 4",,,,,,,,,,,,,,,,,,,,,,,,,,,,,,,,,,,,,,,,,5800,,,,,,,,,,,,,,,,,,,,,,,,,,,,,,,,,,,,,,,,,,,,,,,,,,,,1,,,,,,,,,,,,,,,,,,,,,,,,,,,,,,,,,,,,,,,,,,,,,,,"4;4",,,,,,,,,,,,,,,,,,,,,,,,,,
,,17,,,,,,9,,4930,144,,,4200000,,,,119,,,,,,,,,,,,,,,,,,,,,,,,,,,,"Boxer Giant 4",,,,,,,,,,,,,,,,,,,,,,,,,,,,,,,,,,,,,,,,,6000,,,,,,,,,,,,,,,,,,,,,,,,,,,,,,,,,,,,,,,,,,,,,,,,,,,,1,,,,,,,,,,,,,,,,,,,,,,,,,,,,,,,,,,,,,,,,,,,,,,,"4;4",,,,,,,,,,,,,,,,,,,,,,,,,,
,,18,,,,,,9,,4930,156,,,4800000,,,,119,,,,,,,,,,,,,,,,,,,,,,,,,,,,"Boxer Giant 4",,,,,,,,,,,,,,,,,,,,,,,,,,,,,,,,,,,,,,,,,6200,,,,,,,,,,,,,,,,,,,,,,,,,,,,,,,,,,,,,,,,,,,,,,,,,,,,1,,,,,,,,,,,,,,,,,,,,,,,,,,,,,,,,,,,,,,,,,,,,,,,"4;5",,,,,,,,,,,,,,,,,,,,,,,,,,
,,19,,,,,,10,,5423,156,,,5400000,,,,129,,,,,,,,,,,,,,,,,,,,,,,,,,,,"Boxer Giant 4",,,,,,,,,,,,,,,,,,,,,,,,,,,,,,,,,,,,,,,,,6400,,,,,,,,,,,,,,,,,,,,,,,,,,,,,,,,,,,,,,,,,,,,,,,,,,,,1,,,,,,,,,,,,,,,,,,,,,,,,,,,,,,,,,,,,,,,,,,,,,,,"4;5",,,,,,,,,,,,,,,,,,,,,,,,,,
,,20,,,,,,10,,5423,,,,,,,,129,,,,,,,,,,,,,,,,,,,,,,,,,,,,"Boxer Giant 5",,,,,,,,,,,,,,,,,,,,,,,,,,,,,,,,,,,,,,,,,6600,,,,,,,,,,,,,,,,,,,,,,,,,,,,,,,,,,,,,,,,,,,,,,,,,,,,1,,,,,,,,,,,,,,,,,,,,,,,,,,,,,,,,,,,,,,,,,,,,,,,"5;5",,,,,,,,,,,,,,,,,,,,,,,,,,
"BB Beta Minion",4000033,3,,"TID_TOXIC_MINION","TID_CHARACTER_INFO_TOXIC_MINION",3,4,3,480,200,4,,"Elixir2",50000,350,1000,,60,1,,,,"sc/ui.sc","icon_unit_glowing_minion","unit_glow_minion_big","sc/info_glowing_minion.sc",,"gargoyle2_projectile",,,,,"Toxic Gargoyle Deploy",,"Toxic Gargoyle Attack","Toxic Gargoyle Attack 2","Toxic Gargoyle Hit","Gargoyle2 Hit","TRUE","TRUE","TRUE",,,"Toxic Gargoyle Die",,"Beta Minion 1","BB Barracks","FALSE",,,100,"TombStone_village2",,,,,,,,,,,,,,,,,,,,,,,,,,,,,,,,,,,3200,,,,,,,,,,,,,,,,,,,,,,,60,,,,,,,,,,200,100,,"TRUE",,,,,,,,,,,,,,,1,3,,,,,,,,,,,,,,,,,,,,,,,,,,,,,,,,,,,,,,,,,,,,,,"GargoyleSpecialProjectiles","1",,,,,,,,,,,,,,,,,,,,,,,,,,
,,4,,,,,,3,,200,8,,,110000,,,,60,,,,,,,,,,,,,,,,,,,,,,,,,,,,"Beta Minion 1",,,,,,,,,,,,,,,,,,,,,,,,,,,,,,,,,,,,,,,,,3400,,,,,,,,,,,,,,,,,,,,,,,,,,,,,,,,,,,,,,,,,,,,,,,,,,,,3,,,,,,,,,,,,,,,,,,,,,,,,,,,,,,,,,,,,,,,,,,,,,,,"2",,,,,,,,,,,,,,,,,,,,,,,,,,
,,5,,,,,,3,,220,12,,,220000,,,,65,,,,,,,,,,,,,,,,,,,,,,,,,,,,"Beta Minion 1",,,,,,,,,,,,,,,,,,,,,,,,,,,,,,,,,,,,,,,,,3600,,,,,,,,,,,,,,,,,,,,,,,,,,,,,,,,,,,,,,,,,,,,,,,,,,,,3,,,,,,,,,,,,,,,,,,,,,,,,,,,,,,,,,,,,,,,,,,,,,,,"2",,,,,,,,,,,,,,,,,,,,,,,,,,
,,6,,,,,,3,,220,18,,,330000,,,,65,,,,,,,,,,,,,,,,,,,,,,,,,,,,"Beta Minion 1",,,,,,,,,,,,,,,,,,,,,,,,,,,,,,,,,,,,,,,,,3800,,,,,,,,,,,,,,,,,,,,,,,,,,,,,,,,,,,,,,,,,,,,,,,,,,,,3,,,,,,,,,,,,,,,,,,,,,,,,,,,,,,,,,,,,,,,,,,,,,,,"3",,,,,,,,,,,,,,,,,,,,,,,,,,
,,7,,,,,,4,,242,24,,,360000,,,,72,,,,,,,,,,,,,,,,,,,,,,,,,,,,"Beta Minion 2",,,,,,,,,,,,,,,,,,,,,,,,,,,,,,,,,,,,,,,,,4000,,,,,,,,,,,,,,,,,,,,,,,,,,,,,,,,,,,,,,,,,,,,,,,,,,,,3,,,,,,,,,,,,,,,,,,,,,,,,,,,,,,,,,,,,,,,,,,,,,,,"3",,,,,,,,,,,,,,,,,,,,,,,,,,
,,8,,,,,,4,,242,36,,,900000,,,,72,,,,,,,,,,,,,,,,,,,,,,,,,,,,"Beta Minion 2",,,,,,,,,,,,,,,,,,,,,,,,,,,,,,,,,,,,,,,,,4200,,,,,,,,,,,,,,,,,,,,,,,,,,,,,,,,,,,,,,,,,,,,,,,,,,,,3,,,,,,,,,,,,,,,,,,,,,,,,,,,,,,,,,,,,,,,,,,,,,,,"4",,,,,,,,,,,,,,,,,,,,,,,,,,
,,9,,,,,,5,,266,48,,,1100000,,,,81,,,,,,,,,,,,,,,,,,,,,,,,,,,,"Beta Minion 2",,,,,,,,,,,,,,,,,,,,,,,,,,,,,,,,,,,,,,,,,4400,,,,,,,,,,,,,,,,,,,,,,,,,,,,,,,,,,,,,,,,,,,,,,,,,,,,3,,,,,,,,,,,,,,,,,,,,,,,,,,,,,,,,,,,,,,,,,,,,,,,"4",,,,,,,,,,,,,,,,,,,,,,,,,,
,,10,,,,,,5,,266,48,,,1300000,,,,81,,,,,,,,,,,,,,,,,,,,,,,,,,,,"Beta Minion 2",,,,,,,,,,,,,,,,,,,,,,,,,,,,,,,,,,,,,,,,,4600,,,,,,,,,,,,,,,,,,,,,,,,,,,,,,,,,,,,,,,,,,,,,,,,,,,,4,,,,,,,,,,,,,,,,,,,,,,,,,,,,,,,,,,,,,,,,,,,,,,,"4",,,,,,,,,,,,,,,,,,,,,,,,,,
,,11,,,,,,6,,293,60,,,1500000,,,,90,,,,,,,,,,,,,,,,,,,,,,,,,,,,"Beta Minion 3",,,,,,,,,,,,,,,,,,,,,,,,,,,,,,,,,,,,,,,,,4800,,,,,,,,,,,,,,,,,,,,,,,,,,,,,,,,,,,,,,,,,,,,,,,,,,,,4,,,,,,,,,,,,,,,,,,,,,,,,,,,,,,,,,,,,,,,,,,,,,,,"4",,,,,,,,,,,,,,,,,,,,,,,,,,
,,12,,,,,,6,,293,84,,,2300000,,,,90,,,,,,,,,,,,,,,,,,,,,,,,,,,,"Beta Minion 3",,,,,,,,,,,,,,,,,,,,,,,,,,,,,,,,,,,,,,,,,5000,,,,,,,,,,,,,,,,,,,,,,,,,,,,,,,,,,,,,,,,,,,,,,,,,,,,4,,,,,,,,,,,,,,,,,,,,,,,,,,,,,,,,,,,,,,,,,,,,,,,"5",,,,,,,,,,,,,,,,,,,,,,,,,,
,,13,,,,,,7,,322,108,,,2500000,,,,99,,,,,,,,,,,,,,,,,,,,,,,,,,,,"Beta Minion 3",,,,,,,,,,,,,,,,,,,,,,,,,,,,,,,,,,,,,,,,,5200,,,,,,,,,,,,,,,,,,,,,,,,,,,,,,,,,,,,,,,,,,,,,,,,,,,,4,,,,,,,,,,,,,,,,,,,,,,,,,,,,,,,,,,,,,,,,,,,,,,,"5",,,,,,,,,,,,,,,,,,,,,,,,,,
,,14,,,,,,7,,322,132,,,3300000,,,,99,,,,,,,,,,,,,,,,,,,,,,,,,,,,"Beta Minion 3",,,,,,,,,,,,,,,,,,,,,,,,,,,,,,,,,,,,,,,,,5400,,,,,,,,,,,,,,,,,,,,,,,,,,,,,,,,,,,,,,,,,,,,,,,,,,,,4,,,,,,,,,,,,,,,,,,,,,,,,,,,,,,,,,,,,,,,,,,,,,,,"6",,,,,,,,,,,,,,,,,,,,,,,,,,
,,15,,,,,,8,,355,132,,,3500000,,,,108,,,,,,,,,,,,,,,,,,,,,,,,,,,,"Beta Minion 4",,,,,,,,,,,,,,,,,,,,,,,,,,,,,,,,,,,,,,,,,5600,,,,,,,,,,,,,,,,,,,,,,,,,,,,,,,,,,,,,,,,,,,,,,,,,,,,4,,,,,,,,,,,,,,,,,,,,,,,,,,,,,,,,,,,,,,,,,,,,,,,"6",,,,,,,,,,,,,,,,,,,,,,,,,,
,,16,,,,,,8,,355,144,,,4000000,,,,108,,,,,,,,,,,,,,,,,,,,,,,,,,,,"Beta Minion 4",,,,,,,,,,,,,,,,,,,,,,,,,,,,,,,,,,,,,,,,,5800,,,,,,,,,,,,,,,,,,,,,,,,,,,,,,,,,,,,,,,,,,,,,,,,,,,,4,,,,,,,,,,,,,,,,,,,,,,,,,,,,,,,,,,,,,,,,,,,,,,,"7",,,,,,,,,,,,,,,,,,,,,,,,,,
,,17,,,,,,9,,390,144,,,4200000,,,,117,,,,,,,,,,,,,,,,,,,,,,,,,,,,"Beta Minion 4",,,,,,,,,,,,,,,,,,,,,,,,,,,,,,,,,,,,,,,,,6000,,,,,,,,,,,,,,,,,,,,,,,,,,,,,,,,,,,,,,,,,,,,,,,,,,,,4,,,,,,,,,,,,,,,,,,,,,,,,,,,,,,,,,,,,,,,,,,,,,,,"7",,,,,,,,,,,,,,,,,,,,,,,,,,
,,18,,,,,,9,,390,156,,,4800000,,,,117,,,,,,,,,,,,,,,,,,,,,,,,,,,,"Beta Minion 4",,,,,,,,,,,,,,,,,,,,,,,,,,,,,,,,,,,,,,,,,6200,,,,,,,,,,,,,,,,,,,,,,,,,,,,,,,,,,,,,,,,,,,,,,,,,,,,4,,,,,,,,,,,,,,,,,,,,,,,,,,,,,,,,,,,,,,,,,,,,,,,"8",,,,,,,,,,,,,,,,,,,,,,,,,,
,,19,,,,,,10,,429,156,,,5400000,,,,126,,,,,,,,,,,,,,,,,,,,,,,,,,,,"Beta Minion 5",,,,,,,,,,,,,,,,,,,,,,,,,,,,,,,,,,,,,,,,,6400,,,,,,,,,,,,,,,,,,,,,,,,,,,,,,,,,,,,,,,,,,,,,,,,,,,,4,,,,,,,,,,,,,,,,,,,,,,,,,,,,,,,,,,,,,,,,,,,,,,,"8",,,,,,,,,,,,,,,,,,,,,,,,,,
,,20,,,,,,10,,429,,,,,,,,126,,,,,,,,,,,,,,,,,,,,,,,,,,,,"Beta Minion 5",,,,,,,,,,,,,,,,,,,,,,,,,,,,,,,,,,,,,,,,,6600,,,,,,,,,,,,,,,,,,,,,,,,,,,,,,,,,,,,,,,,,,,,,,,,,,,,4,,,,,,,,,,,,,,,,,,,,,,,,,,,,,,,,,,,,,,,,,,,,,,,"9",,,,,,,,,,,,,,,,,,,,,,,,,,
"BB Bomber",4000035,5,,"TID_BOMBER","TID_CHARACTER_INFO_BOMBER",12,5,4,240,605,16,,"Elixir2",320000,350,2000,,80,15,160,,,"sc/ui.sc","icon_unit_bomber","unit_bomber_big","sc/info_bomber.sc",,"Bomber Projectile",,,"Wall","TRUE","Bomber Deploy",,"Bomber Attack",,"Bomber Hit",,"FALSE","FALSE","TRUE",,,"Bomber Die",,"Bomber 1","BB Barracks","FALSE",,,0,"TombStone_village2",,,,,,,,,,,,,,,,,,,,,,,,,,,,,,,,,,,3600,,,,,,,,,,,,,,,,,,,,,,,-50,,,,,,,,,,50,50,,"TRUE",,,,,,,,,,,,,,,1,1,,,,,,,,,,,,,,,,,,,,,,,,,,,,,,,,,,,,,,,,,,,,,,"Bomber Bouncing Bomb","1",,"TRUE",,,,,,,,,,,,,,,,,,,,,,,,
,,6,,,,,,4,,605,20,,,340000,,,,80,,,,,,,,,,"Bomber Projectile",,,,,,,,,,,,,,,,,,"Bomber 1",,,,,,,,,,,,,,,,,,,,,,,,,,,,,,,,,,,,,,,,,3800,,,,,,,,,,,,,,,,,,,,,,,,,,,,,,,,,,,,,,,,,,,,,,,,,,,,1,,,,,,,,,,,,,,,,,,,,,,,,,,,,,,,,,,,,,,,,,,,,,,,"2",,,,,,,,,,,,,,,,,,,,,,,,,,
,,7,,,,,,4,,666,24,,,360000,,,,90,,,,,,,,,,"Bomber Projectile",,,,,,,,,,,,,,,,,,"Bomber 1",,,,,,,,,,,,,,,,,,,,,,,,,,,,,,,,,,,,,,,,,4000,,,,,,,,,,,,,,,,,,,,,,,,,,,,,,,,,,,,,,,,,,,,,,,,,,,,1,,,,,,,,,,,,,,,,,,,,,,,,,,,,,,,,,,,,,,,,,,,,,,,"2",,,,,,,,,,,,,,,,,,,,,,,,,,
,,8,,,,,,4,,666,36,,,900000,,,,90,,,,,,,,,,"Bomber Projectile",,,,,,,,,,,,,,,,,,"Bomber 2",,,,,,,,,,,,,,,,,,,,,,,,,,,,,,,,,,,,,,,,,4200,,,,,,,,,,,,,,,,,,,,,,,,,,,,,,,,,,,,,,,,,,,,,,,,,,,,1,,,,,,,,,,,,,,,,,,,,,,,,,,,,,,,,,,,,,,,,,,,,,,,"3",,,,,,,,,,,,,,,,,,,,,,,,,,
,,9,,,,,,5,,732,48,,,1000000,,,,100,,,,,,,,,,"Bomber Projectile",,,,,,,,,,,,,,,,,,"Bomber 2",,,,,,,,,,,,,,,,,,,,,,,,,,,,,,,,,,,,,,,,,4400,,,,,,,,,,,,,,,,,,,,,,,,,,,,,,,,,,,,,,,,,,,,,,,,,,,,1,,,,,,,,,,,,,,,,,,,,,,,,,,,,,,,,,,,,,,,,,,,,,,,"3",,,,,,,,,,,,,,,,,,,,,,,,,,
,,10,,,,,,5,,732,48,,,1200000,,,,100,,,,,,,,,,"Bomber Projectile",,,,,,,,,,,,,,,,,,"Bomber 3",,,,,,,,,,,,,,,,,,,,,,,,,,,,,,,,,,,,,,,,,4600,,,,,,,,,,,,,,,,,,,,,,,,,,,,,,,,,,,,,,,,,,,,,,,,,,,,1,,,,,,,,,,,,,,,,,,,,,,,,,,,,,,,,,,,,,,,,,,,,,,,"4",,,,,,,,,,,,,,,,,,,,,,,,,,
,,11,,,,,,6,,805,60,,,1400000,,,,110,,,,,,,,,,"Bomber Projectile",,,,,,,,,,,,,,,,,,"Bomber 3",,,,,,,,,,,,,,,,,,,,,,,,,,,,,,,,,,,,,,,,,4800,,,,,,,,,,,,,,,,,,,,,,,,,,,,,,,,,,,,,,,,,,,,,,,,,,,,1,,,,,,,,,,,,,,,,,,,,,,,,,,,,,,,,,,,,,,,,,,,,,,,"4",,,,,,,,,,,,,,,,,,,,,,,,,,
,,12,,,,,,6,,805,84,,,2200000,,,,110,,,,,,,,,,"Bomber Projectile",,,,,,,,,,,,,,,,,,"Bomber 4",,,,,,,,,,,,,,,,,,,,,,,,,,,,,,,,,,,,,,,,,5000,,,,,,,,,,,,,,,,,,,,,,,,,,,,,,,,,,,,,,,,,,,,,,,,,,,,1,,,,,,,,,,,,,,,,,,,,,,,,,,,,,,,,,,,,,,,,,,,,,,,"5",,,,,,,,,,,,,,,,,,,,,,,,,,
,,13,,,,,,7,,886,108,,,2400000,,,,120,,,,,,,,,,"Bomber Projectile",,,,,,,,,,,,,,,,,,"Bomber 4",,,,,,,,,,,,,,,,,,,,,,,,,,,,,,,,,,,,,,,,,5200,,,,,,,,,,,,,,,,,,,,,,,,,,,,,,,,,,,,,,,,,,,,,,,,,,,,1,,,,,,,,,,,,,,,,,,,,,,,,,,,,,,,,,,,,,,,,,,,,,,,"5",,,,,,,,,,,,,,,,,,,,,,,,,,
,,14,,,,,,7,,886,132,,,3200000,,,,120,,,,,,,,,,"Bomber Projectile",,,,,,,,,,,,,,,,,,"Bomber 5",,,,,,,,,,,,,,,,,,,,,,,,,,,,,,,,,,,,,,,,,5400,,,,,,,,,,,,,,,,,,,,,,,,,,,,,,,,,,,,,,,,,,,,,,,,,,,,1,,,,,,,,,,,,,,,,,,,,,,,,,,,,,,,,,,,,,,,,,,,,,,,"6",,,,,,,,,,,,,,,,,,,,,,,,,,
,,15,,,,,,8,,974,132,,,3400000,,,,130,,,,,,,,,,"Bomber Projectile",,,,,,,,,,,,,,,,,,"Bomber 5",,,,,,,,,,,,,,,,,,,,,,,,,,,,,,,,,,,,,,,,,5600,,,,,,,,,,,,,,,,,,,,,,,,,,,,,,,,,,,,,,,,,,,,,,,,,,,,1,,,,,,,,,,,,,,,,,,,,,,,,,,,,,,,,,,,,,,,,,,,,,,,"6",,,,,,,,,,,,,,,,,,,,,,,,,,
,,16,,,,,,8,,974,144,,,3900000,,,,130,,,,,,,,,,"Bomber Projectile",,,,,,,,,,,,,,,,,,"Bomber 6",,,,,,,,,,,,,,,,,,,,,,,,,,,,,,,,,,,,,,,,,5800,,,,,,,,,,,,,,,,,,,,,,,,,,,,,,,,,,,,,,,,,,,,,,,,,,,,1,,,,,,,,,,,,,,,,,,,,,,,,,,,,,,,,,,,,,,,,,,,,,,,"7",,,,,,,,,,,,,,,,,,,,,,,,,,
,,17,,,,,,9,,1072,144,,,4100000,,,,140,,,,,,,,,,"Bomber Projectile2",,,,,,,,,,,,,,,,,,"Bomber 6",,,,,,,,,,,,,,,,,,,,,,,,,,,,,,,,,,,,,,,,,6000,,,,,,,,,,,,,,,,,,,,,,,,,,,,,,,,,,,,,,,,,,,,,,,,,,,,1,,,,,,,,,,,,,,,,,,,,,,,,,,,,,,,,,,,,,,,,,,,,,,,"7",,,,,,,,,,,,,,,,,,,,,,,,,,
,,18,,,,,,9,,1072,156,,,4700000,,,,140,,,,,,,,,,"Bomber Projectile2",,,,,,,,,,,,,,,,,,"Bomber 7",,,,,,,,,,,,,,,,,,,,,,,,,,,,,,,,,,,,,,,,,6200,,,,,,,,,,,,,,,,,,,,,,,,,,,,,,,,,,,,,,,,,,,,,,,,,,,,1,,,,,,,,,,,,,,,,,,,,,,,,,,,,,,,,,,,,,,,,,,,,,,,"8",,,,,,,,,,,,,,,,,,,,,,,,,,
,,19,,,,,,10,,1179,156,,,5300000,,,,150,,,,,,,,,,"Bomber Projectile2",,,,,,,,,,,,,,,,,,"Bomber 7",,,,,,,,,,,,,,,,,,,,,,,,,,,,,,,,,,,,,,,,,6400,,,,,,,,,,,,,,,,,,,,,,,,,,,,,,,,,,,,,,,,,,,,,,,,,,,,1,,,,,,,,,,,,,,,,,,,,,,,,,,,,,,,,,,,,,,,,,,,,,,,"8",,,,,,,,,,,,,,,,,,,,,,,,,,
,,20,,,,,,10,,1179,,,,,,,,150,,,,,,,,,,"Bomber Projectile2",,,,,,,,,,,,,,,,,,"Bomber 8",,,,,,,,,,,,,,,,,,,,,,,,,,,,,,,,,,,,,,,,,6600,,,,,,,,,,,,,,,,,,,,,,,,,,,,,,,,,,,,,,,,,,,,,,,,,,,,1,,,,,,,,,,,,,,,,,,,,,,,,,,,,,,,,,,,,,,,,,,,,,,,"9",,,,,,,,,,,,,,,,,,,,,,,,,,
"BB Baby Dragon",4000041,5,,"TID_BABY_DRAGON2","TID_CHARACTER_INFO_BABY_DRAGON2",12,6,4,300,1331,16,,"Elixir2",360000,200,1000,,62,1,30,,,"sc/ui.sc","icon_unit_babydragon","unit_babydragon_big","sc/info_babydragon.sc",,"babydragon_projectile",,,,,"Bdragon Deploy",,"Bdragon Attack",,"Bdragon Hit",,"TRUE","TRUE","TRUE",,,"Bdragon Die",,"Baby Dragon 1 BB","BB Barracks","FALSE",,,30,"TombStone_village2",,,,,,,,,,,,,,,,,,,,,,,,,,,,,,,,,,,3600,,,,,,,,,,,,,,,,,,,,,,,60,,,,,,,,,,1000,1000,,"TRUE",,,,,,,,,,,,,,,1,1,,,,,,,,,,,,,,,,,,,,,,,,,,,,,,,,,,,,,,,,,,,,,,"Baby Dragon Flaming Sneeze;BabyDragonBBRageWhenAlone","1;1",,"TRUE",,,,,,,,,,,,,,,,,,,,,,,,
,,6,,,,,,4,,1331,20,,,380000,,,,62,,,,,,,,,,"babydragon_projectile",,,,,,,,,,,,,,,,,,"Baby Dragon 1 BB",,,,,,,,,,,,,,,,,,,,,,,,,,,,,,,,,,,,,,,,,3800,,,,,,,,,,,,,,,,,,,,,,,,,,,,,,,,,,,,,,,,,,,,,,,,,,,,1,,,,,,,,,,,,,,,,,,,,,,,,,,,,,,,,,,,,,,,,,,,,,,,"1;2",,,,,,,,,,,,,,,,,,,,,,,,,,
,,7,,,,,,4,,1464,24,,,400000,,,,68,,,,,,,,,,"babydragon_projectile",,,,,,,,,,,,,,,,,,"Baby Dragon 1 BB",,,,,,,,,,,,,,,,,,,,,,,,,,,,,,,,,,,,,,,,,4000,,,,,,,,,,,,,,,,,,,,,,,,,,,,,,,,,,,,,,,,,,,,,,,,,,,,1,,,,,,,,,,,,,,,,,,,,,,,,,,,,,,,,,,,,,,,,,,,,,,,"1;2",,,,,,,,,,,,,,,,,,,,,,,,,,
,,8,,,,,,4,,1464,36,,,1000000,,,,68,,,,,,,,,,"babydragon_projectile_lvl2",,,,,,,,,,,,,,,,,,"Baby Dragon 3 BB",,,,,,,,,,,,,,,,,,,,,,,,,,,,,,,,,,,,,,,,,4200,,,,,,,,,,,,,,,,,,,,,,,,,,,,,,,,,,,,,,,,,,,,,,,,,,,,1,,,,,,,,,,,,,,,,,,,,,,,,,,,,,,,,,,,,,,,,,,,,,,,"2;2",,,,,,,,,,,,,,,,,,,,,,,,,,
,,9,,,,,,5,,1611,48,,,1200000,,,,75,,,,,,,,,,"babydragon_projectile_lvl2",,,,,,,,,,,,,,,,,,"Baby Dragon 3 BB",,,,,,,,,,,,,,,,,,,,,,,,,,,,,,,,,,,,,,,,,4400,,,,,,,,,,,,,,,,,,,,,,,,,,,,,,,,,,,,,,,,,,,,,,,,,,,,1,,,,,,,,,,,,,,,,,,,,,,,,,,,,,,,,,,,,,,,,,,,,,,,"2;2",,,,,,,,,,,,,,,,,,,,,,,,,,
,,10,,,,,,5,,1611,48,,,1400000,,,,75,,,,,,,,,,"babydragon_projectile_lvl2",,,,,,,,,,,,,,,,,,"Baby Dragon 3 BB",,,,,,,,,,,,,,,,,,,,,,,,,,,,,,,,,,,,,,,,,4600,,,,,,,,,,,,,,,,,,,,,,,,,,,,,,,,,,,,,,,,,,,,,,,,,,,,1,,,,,,,,,,,,,,,,,,,,,,,,,,,,,,,,,,,,,,,,,,,,,,,"2;3",,,,,,,,,,,,,,,,,,,,,,,,,,
,,11,,,,,,6,,1772,60,,,1600000,,,,83,,,,,,,,,,"babydragon_projectile_lvl2",,,,,,,,,,,,,,,,,,"Baby Dragon 3 BB",,,,,,,,,,,,,,,,,,,,,,,,,,,,,,,,,,,,,,,,,4800,,,,,,,,,,,,,,,,,,,,,,,,,,,,,,,,,,,,,,,,,,,,,,,,,,,,1,,,,,,,,,,,,,,,,,,,,,,,,,,,,,,,,,,,,,,,,,,,,,,,"2;3",,,,,,,,,,,,,,,,,,,,,,,,,,
,,12,,,,,,6,,1772,84,,,2400000,,,,83,,,,,,,,,,"babydragon_projectile_lvl2",,,,,,,,,,,,,,,,,,"Baby Dragon 5 BB",,,,,,,,,,,,,,,,,,,,,,,,,,,,,,,,,,,,,,,,,5000,,,,,,,,,,,,,,,,,,,,,,,,,,,,,,,,,,,,,,,,,,,,,,,,,,,,1,,,,,,,,,,,,,,,,,,,,,,,,,,,,,,,,,,,,,,,,,,,,,,,"3;3",,,,,,,,,,,,,,,,,,,,,,,,,,
,,13,,,,,,7,,1949,108,,,2600000,,,,91,,,,,,,,,,"babydragon_projectile_lvl2",,,,,,,,,,,,,,,,,,"Baby Dragon 5 BB",,,,,,,,,,,,,,,,,,,,,,,,,,,,,,,,,,,,,,,,,5200,,,,,,,,,,,,,,,,,,,,,,,,,,,,,,,,,,,,,,,,,,,,,,,,,,,,1,,,,,,,,,,,,,,,,,,,,,,,,,,,,,,,,,,,,,,,,,,,,,,,"3;3",,,,,,,,,,,,,,,,,,,,,,,,,,
,,14,,,,,,7,,1949,132,,,3400000,,,,91,,,,,,,,,,"babydragon_projectile_lvl2",,,,,,,,,,,,,,,,,,"Baby Dragon 5 BB",,,,,,,,,,,,,,,,,,,,,,,,,,,,,,,,,,,,,,,,,5400,,,,,,,,,,,,,,,,,,,,,,,,,,,,,,,,,,,,,,,,,,,,,,,,,,,,1,,,,,,,,,,,,,,,,,,,,,,,,,,,,,,,,,,,,,,,,,,,,,,,"3;4",,,,,,,,,,,,,,,,,,,,,,,,,,
,,15,,,,,,8,,2144,132,,,3600000,,,,100,,,,,,,,,,"babydragon_projectile_lvl2",,,,,,,,,,,,,,,,,,"Baby Dragon 5 BB",,,,,,,,,,,,,,,,,,,,,,,,,,,,,,,,,,,,,,,,,5600,,,,,,,,,,,,,,,,,,,,,,,,,,,,,,,,,,,,,,,,,,,,,,,,,,,,1,,,,,,,,,,,,,,,,,,,,,,,,,,,,,,,,,,,,,,,,,,,,,,,"3;4",,,,,,,,,,,,,,,,,,,,,,,,,,
,,16,,,,,,8,,2144,144,,,4100000,,,,100,,,,,,,,,,"babydragon_projectile_lvl3",,,,,,,,,,,,,,,,,,"Baby Dragon 6 BB",,,,,,,,,,,,,,,,,,,,,,,,,,,,,,,,,,,,,,,,,5800,,,,,,,,,,,,,,,,,,,,,,,,,,,,,,,,,,,,,,,,,,,,,,,,,,,,1,,,,,,,,,,,,,,,,,,,,,,,,,,,,,,,,,,,,,,,,,,,,,,,"4;4",,,,,,,,,,,,,,,,,,,,,,,,,,
,,17,,,,,,9,,2358,144,,,4300000,,,,110,,,,,,,,,,"babydragon_projectile_lvl3",,,,,,,,,,,,,,,,,,"Baby Dragon 6 BB",,,,,,,,,,,,,,,,,,,,,,,,,,,,,,,,,,,,,,,,,6000,,,,,,,,,,,,,,,,,,,,,,,,,,,,,,,,,,,,,,,,,,,,,,,,,,,,1,,,,,,,,,,,,,,,,,,,,,,,,,,,,,,,,,,,,,,,,,,,,,,,"4;4",,,,,,,,,,,,,,,,,,,,,,,,,,
,,18,,,,,,9,,2358,156,,,5100000,,,,110,,,,,,,,,,"babydragon_projectile_lvl3",,,,,,,,,,,,,,,,,,"Baby Dragon 6 BB",,,,,,,,,,,,,,,,,,,,,,,,,,,,,,,,,,,,,,,,,6200,,,,,,,,,,,,,,,,,,,,,,,,,,,,,,,,,,,,,,,,,,,,,,,,,,,,1,,,,,,,,,,,,,,,,,,,,,,,,,,,,,,,,,,,,,,,,,,,,,,,"4;5",,,,,,,,,,,,,,,,,,,,,,,,,,
,,19,,,,,,10,,2358,156,,,5500000,,,,120,,,,,,,,,,"babydragon_projectile_lvl3",,,,,,,,,,,,,,,,,,"Baby Dragon 6 BB",,,,,,,,,,,,,,,,,,,,,,,,,,,,,,,,,,,,,,,,,6400,,,,,,,,,,,,,,,,,,,,,,,,,,,,,,,,,,,,,,,,,,,,,,,,,,,,1,,,,,,,,,,,,,,,,,,,,,,,,,,,,,,,,,,,,,,,,,,,,,,,"4;5",,,,,,,,,,,,,,,,,,,,,,,,,,
,,20,,,,,,10,,2358,,,,,,,,120,,,,,,,,,,"babydragon_projectile_lvl3",,,,,,,,,,,,,,,,,,"Baby Dragon 8 BB",,,,,,,,,,,,,,,,,,,,,,,,,,,,,,,,,,,,,,,,,6600,,,,,,,,,,,,,,,,,,,,,,,,,,,,,,,,,,,,,,,,,,,,,,,,,,,,1,,,,,,,,,,,,,,,,,,,,,,,,,,,,,,,,,,,,,,,,,,,,,,,"5;5",,,,,,,,,,,,,,,,,,,,,,,,,,
"BB Cannon Cart",4000037,7,,"TID_MOVING_CANNON","TID_CHARACTER_INFO_MOVING_CANNON",16,7,5,240,666,24,,"Elixir2",1000000,450,1200,,115,,,,,"sc/ui.sc","icon_unit_moving_cannon_mortar_a","unit_movingCannon_big","sc/info_moving_cannon.sc",,"Moving Cannon Cannonball",,,,,"Moving Cannon Deploy",,"Moving Cannon Attack",,"Moving Cannon Hit",,"FALSE","FALSE","TRUE",,,"Moving Cannon Die",,"Cannon Cart 1","BB Barracks","FALSE",,,0,,,,,,,,,,,,,,,,,,,,,,,,,,,,,,,,,,,,4000,,,,,,,,,,,,,,,,,,,,,,,-50,,,,,,,,,,100,100,400,"TRUE",,,,,,,,,"Moving_cannon_move",,,,,,1,1,,,,,,,,,,,,,,,,,,,,,,,,,,,,,,,,,,,,,,,,,,,,,,"MovingCannonPlaceholderAbility;Cannon Cart Mortar Mode","1;1",,"TRUE",,,,,,,,,,,,,,,,,,,,,,,,
,,8,,,,,,5,,666,36,,,1100000,,,,115,,,,,,,,,,,,,,,,,,,,,,,,,,,,"Cannon Cart 1",,,,,,,,,,,,,,,,,,,,,,,,,,,,,,,,,,,,,,,,,4200,,,,,,,,,,,,,,,,,,,,,,,,,,,,,,,,,,,,,,,,,,,,,,,,,,,,1,,,,,,,,,,,,,,,,,,,,,,,,,,,,,,,,,,,,,,,,,,,,,,,"1;2",,,,,,,,,,,,,,,,,,,,,,,,,,
,,9,,,,,,5,,732,48,,,1200000,,,,130,,,,,,,,,,,,,,,,,,,,,,,,,,,,"Cannon Cart 1",,,,,,,,,,,,,,,,,,,,,,,,,,,,,,,,,,,,,,,,,4400,,,,,,,,,,,,,,,,,,,,,,,,,,,,,,,,,,,,,,,,,,,,,,,,,,,,1,,,,,,,,,,,,,,,,,,,,,,,,,,,,,,,,,,,,,,,,,,,,,,,"1;2",,,,,,,,,,,,,,,,,,,,,,,,,,
,,10,,,,,,5,,732,48,,,1400000,,,,130,,,,,,,,,,,,,,,,,,,,,,,,,,,,"Cannon Cart 1",,,,,,,,,,,,,,,,,,,,,,,,,,,,,,,,,,,,,,,,,4600,,,,,,,,,,,,,,,,,,,,,,,,,,,,,,,,,,,,,,,,,,,,,,,,,,,,1,,,,,,,,,,,,,,,,,,,,,,,,,,,,,,,,,,,,,,,,,,,,,,,"1;3",,,,,,,,,,,,,,,,,,,,,,,,,,
,,11,,,,,,6,,805,60,,,1600000,,,,150,,,,,,,,,,,,,,,,,,,,,,,,,,,,"Cannon Cart 1",,,,,,,,,,,,,,,,,,,,,,,,,,,,,,,,,,,,,,,,,4800,,,,,,,,,,,,,,,,,,,,,,,,,,,,,,,,,,,,,,,,,,,,,,,,,,,,1,,,,,,,,,,,,,,,,,,,,,,,,,,,,,,,,,,,,,,,,,,,,,,,"1;3",,,,,,,,,,,,,,,,,,,,,,,,,,
,,12,,,,,,6,,805,84,,,2400000,,,,150,,,,,,,,,,,,,,,,,,,,,,,,,,,,"Cannon Cart 2",,,,,,,,,,,,,,,,,,,,,,,,,,,,,,,,,,,,,,,,,5000,,,,,,,,,,,,,,,,,,,,,,,,,,,,,,,,,,,,,,,,,,,,,,,,,,,,1,,,,,,,,,,,,,,,,,,,,,,,,,,,,,,,,,,,,,,,,,,,,,,,"1;4",,,,,,,,,,,,,,,,,,,,,,,,,,
,,13,,,,,,7,,886,108,,,2600000,,,,170,,,,,,,,,,,,,,,,,,,,,,,,,,,,"Cannon Cart 2",,,,,,,,,,,,,,,,,,,,,,,,,,,,,,,,,,,,,,,,,5200,,,,,,,,,,,,,,,,,,,,,,,,,,,,,,,,,,,,,,,,,,,,,,,,,,,,1,,,,,,,,,,,,,,,,,,,,,,,,,,,,,,,,,,,,,,,,,,,,,,,"1;4",,,,,,,,,,,,,,,,,,,,,,,,,,
,,14,,,,,,7,,886,132,,,3400000,,,,170,,,,,,,,,,,,,,,,,,,,,,,,,,,,"Cannon Cart 2",,,,,,,,,,,,,,,,,,,,,,,,,,,,,,,,,,,,,,,,,5400,,,,,,,,,,,,,,,,,,,,,,,,,,,,,,,,,,,,,,,,,,,,,,,,,,,,1,,,,,,,,,,,,,,,,,,,,,,,,,,,,,,,,,,,,,,,,,,,,,,,"1;5",,,,,,,,,,,,,,,,,,,,,,,,,,
,,15,,,,,,8,,974,132,,,3600000,,,,190,,,,,,,,,,,,,,,,,,,,,,,,,,,,"Cannon Cart 2",,,,,,,,,,,,,,,,,,,,,,,,,,,,,,,,,,,,,,,,,5600,,,,,,,,,,,,,,,,,,,,,,,,,,,,,,,,,,,,,,,,,,,,,,,,,,,,1,,,,,,,,,,,,,,,,,,,,,,,,,,,,,,,,,,,,,,,,,,,,,,,"1;5",,,,,,,,,,,,,,,,,,,,,,,,,,
,,16,,,,,,8,,974,144,,,4100000,,,,190,,,,,,,,,,,,,,,,,,,,,,,,,,,,"Cannon Cart 3",,,,,,,,,,,,,,,,,,,,,,,,,,,,,,,,,,,,,,,,,5800,,,,,,,,,,,,,,,,,,,,,,,,,,,,,,,,,,,,,,,,,,,,,,,,,,,,1,,,,,,,,,,,,,,,,,,,,,,,,,,,,,,,,,,,,,,,,,,,,,,,"1;6",,,,,,,,,,,,,,,,,,,,,,,,,,
,,17,,,,,,9,,1072,144,,,4300000,,,,215,,,,,,,,,,,,,,,,,,,,,,,,,,,,"Cannon Cart 3",,,,,,,,,,,,,,,,,,,,,,,,,,,,,,,,,,,,,,,,,6000,,,,,,,,,,,,,,,,,,,,,,,,,,,,,,,,,,,,,,,,,,,,,,,,,,,,1,,,,,,,,,,,,,,,,,,,,,,,,,,,,,,,,,,,,,,,,,,,,,,,"1;6",,,,,,,,,,,,,,,,,,,,,,,,,,
,,18,,,,,,9,,1072,156,,,5300000,,,,215,,,,,,,,,,,,,,,,,,,,,,,,,,,,"Cannon Cart 4",,,,,,,,,,,,,,,,,,,,,,,,,,,,,,,,,,,,,,,,,6200,,,,,,,,,,,,,,,,,,,,,,,,,,,,,,,,,,,,,,,,,,,,,,,,,,,,1,,,,,,,,,,,,,,,,,,,,,,,,,,,,,,,,,,,,,,,,,,,,,,,"1;7",,,,,,,,,,,,,,,,,,,,,,,,,,
,,19,,,,,,10,,1179,156,,,5700000,,,,240,,,,,,,,,,,,,,,,,,,,,,,,,,,,"Cannon Cart 4",,,,,,,,,,,,,,,,,,,,,,,,,,,,,,,,,,,,,,,,,6400,,,,,,,,,,,,,,,,,,,,,,,,,,,,,,,,,,,,,,,,,,,,,,,,,,,,1,,,,,,,,,,,,,,,,,,,,,,,,,,,,,,,,,,,,,,,,,,,,,,,"1;7",,,,,,,,,,,,,,,,,,,,,,,,,,
,,20,,,,,,10,,1179,,,,,,,,240,,,,,,,,,,,,,,,,,,,,,,,,,,,,"Cannon Cart 5",,,,,,,,,,,,,,,,,,,,,,,,,,,,,,,,,,,,,,,,,6600,,,,,,,,,,,,,,,,,,,,,,,,,,,,,,,,,,,,,,,,,,,,,,,,,,,,1,,,,,,,,,,,,,,,,,,,,,,,,,,,,,,,,,,,,,,,,,,,,,,,"1;8",,,,,,,,,,,,,,,,,,,,,,,,,,
"BB Night Witch",4000042,9,,"TID_DARK_WITCH","TID_CHARACTER_INFO_DARK_WITCH",14,8,6,150,750,48,,"Elixir2",1400000,400,700,,176,1,30,,,"sc/ui.sc","icon_unit_nightwitch","unit_nightwitch_big","sc/info_nightwitch.sc",,"Witch_projectile",,,,,"Warlock Deploy2",,"Warlock Attack2",,"Warlock Hit",,"FALSE","TRUE","TRUE",,,"Warlock Die",,"Night Witch 1","BB Barracks","FALSE",,,0,"TombStone_village2",,,,,,,,,,,,,150,,"TRUE",,,,,,,"BB Bat",3,750,6000,"Warlock Summon",4,1,,,,,,,4400,,,,,,,,,,,,,,,,,,,,,,,-50,,,,,,,,,,1200,200,,"TRUE",,,,,,,,,,,,,,,1,1,,,,,,,,,,,,,,,,,,,,,,,,,,,,,,,,,,,,,,,,,,,,,,"Night Witch Bat Bomb","1",,,,,,,,,,,,,,,,,,,,,,,,,,
,,10,,,,,,6,,750,48,,,1600000,,,,176,,,,,,,,,,,,,,,,,,,,,,,,,,,,"Night Witch 1",,,,,,,,,,,,,,,,,,,150,,,,,,,,,,3,600,4800,,4,1,,,,,,,4600,,,,,,,,,,,,,,,,,,,,,,,,,,,,,,,,,,,,,,,,,,,,,,,,,,,,1,,,,,,,,,,,,,,,,,,,,,,,,,,,,,,,,,,,,,,,,,,,,,,,"1",,,,,,,,,,,,,,,,,,,,,,,,,,
,,11,,,,,,6,,830,60,,,1800000,,,,193,,,,,,,,,,,,,,,,,,,,,,,,,,,,"Night Witch 1",,,,,,,,,,,,,,,,,,,150,,,,,,,,,,3,600,4800,,4,1,,,,,,,4800,,,,,,,,,,,,,,,,,,,,,,,,,,,,,,,,,,,,,,,,,,,,,,,,,,,,1,,,,,,,,,,,,,,,,,,,,,,,,,,,,,,,,,,,,,,,,,,,,,,,"1",,,,,,,,,,,,,,,,,,,,,,,,,,
,,12,,,,,,6,,830,84,,,2500000,,,,193,,,,,,,,,,,,,,,,,,,,,,,,,,,,"Night Witch 2",,,,,,,,,,,,,,,,,,,150,,,,,,,,,,3,600,4800,,4,1,,,,,,,5000,,,,,,,,,,,,,,,,,,,,,,,,,,,,,,,,,,,,,,,,,,,,,,,,,,,,1,,,,,,,,,,,,,,,,,,,,,,,,,,,,,,,,,,,,,,,,,,,,,,,"2",,,,,,,,,,,,,,,,,,,,,,,,,,
,,13,,,,,,7,,915,108,,,2700000,,,,216,,,,,,,,,,,,,,,,,,,,,,,,,,,,"Night Witch 2",,,,,,,,,,,,,,,,,,,150,,,,,,,,,,3,600,4800,,4,1,,,,,,,5200,,,,,,,,,,,,,,,,,,,,,,,,,,,,,,,,,,,,,,,,,,,,,,,,,,,,1,,,,,,,,,,,,,,,,,,,,,,,,,,,,,,,,,,,,,,,,,,,,,,,"2",,,,,,,,,,,,,,,,,,,,,,,,,,
,,14,,,,,,7,,915,132,,,3500000,,,,216,,,,,,,,,,,,,,,,,,,,,,,,,,,,"Night Witch 2",,,,,,,,,,,,,,,,,,,150,,,,,,,,,,4,600,4800,,5,1,,,,,,,5400,,,,,,,,,,,,,,,,,,,,,,,,,,,,,,,,,,,,,,,,,,,,,,,,,,,,1,,,,,,,,,,,,,,,,,,,,,,,,,,,,,,,,,,,,,,,,,,,,,,,"2",,,,,,,,,,,,,,,,,,,,,,,,,,
,,15,,,,,,8,,1000,132,,,3700000,,,,234,,,,,,,,,,,,,,,,,,,,,,,,,,,,"Night Witch 2",,,,,,,,,,,,,,,,,,,150,,,,,,,,,,4,600,4800,,5,1,,,,,,,5600,,,,,,,,,,,,,,,,,,,,,,,,,,,,,,,,,,,,,,,,,,,,,,,,,,,,1,,,,,,,,,,,,,,,,,,,,,,,,,,,,,,,,,,,,,,,,,,,,,,,"2",,,,,,,,,,,,,,,,,,,,,,,,,,
,,16,,,,,,8,,1000,144,,,4200000,,,,234,,,,,,,,,,,,,,,,,,,,,,,,,,,,"Night Witch 3",,,,,,,,,,,,,,,,,,,150,,,,,,,,,,4,600,4800,,5,1,,,,,,,5800,,,,,,,,,,,,,,,,,,,,,,,,,,,,,,,,,,,,,,,,,,,,,,,,,,,,1,,,,,,,,,,,,,,,,,,,,,,,,,,,,,,,,,,,,,,,,,,,,,,,"3",,,,,,,,,,,,,,,,,,,,,,,,,,
,,17,,,,,,9,,1100,144,,,4400000,,,,257,,,,,,,,,,,,,,,,,,,,,,,,,,,,"Night Witch 3",,,,,,,,,,,,,,,,,,,150,,,,,,,,,,4,600,4800,,5,1,,,,,,,6000,,,,,,,,,,,,,,,,,,,,,,,,,,,,,,,,,,,,,,,,,,,,,,,,,,,,1,,,,,,,,,,,,,,,,,,,,,,,,,,,,,,,,,,,,,,,,,,,,,,,"3",,,,,,,,,,,,,,,,,,,,,,,,,,
,,18,,,,,,9,,1100,156,,,5200000,,,,257,,,,,,,,,,,,,,,,,,,,,,,,,,,,"Night Witch 4",,,,,,,,,,,,,,,,,,,150,,,,,,,,,,4,600,4800,,5,1,,,,,,,6200,,,,,,,,,,,,,,,,,,,,,,,,,,,,,,,,,,,,,,,,,,,,,,,,,,,,1,,,,,,,,,,,,,,,,,,,,,,,,,,,,,,,,,,,,,,,,,,,,,,,"4",,,,,,,,,,,,,,,,,,,,,,,,,,
,,19,,,,,,10,,1220,156,,,5600000,,,,278,,,,,,,,,,,,,,,,,,,,,,,,,,,,"Night Witch 4",,,,,,,,,,,,,,,,,,,150,,,,,,,,,,4,600,4800,,5,1,,,,,,,6400,,,,,,,,,,,,,,,,,,,,,,,,,,,,,,,,,,,,,,,,,,,,,,,,,,,,1,,,,,,,,,,,,,,,,,,,,,,,,,,,,,,,,,,,,,,,,,,,,,,,"4",,,,,,,,,,,,,,,,,,,,,,,,,,
,,20,,,,,,10,,1220,,,,,,,,278,,,,,,,,,,,,,,,,,,,,,,,,,,,,"Night Witch 5",,,,,,,,,,,,,,,,,,,150,,,,,,,,,,4,600,4800,,5,1,,,,,,,6600,,,,,,,,,,,,,,,,,,,,,,,,,,,,,,,,,,,,,,,,,,,,,,,,,,,,1,,,,,,,,,,,,,,,,,,,,,,,,,,,,,,,,,,,,,,,,,,,,,,,"5",,,,,,,,,,,,,,,,,,,,,,,,,,
"BB Bat",4000043,1,,"TID_BAT","TID_CHARACTER_INFO_BAT",1,1,1,700,10,,,,,30,2000,,20,1,,,,,,"unit_bat_big","sc/info_nightwitch.sc",,,,,,,"Bat Deploy",,"Bat Attack",,"Bat Hit",,"TRUE","TRUE","TRUE",,,"Tinymite Die",,"Bat_lvl1",,"FALSE",,8,200,,,,,,,,"TRUE",,,,"TRUE",,,,,,,,,,,,,,,,,,,,,,200,,,,,,,,,,,,,,,,,,,,,,,,,100,,,,,,,,,,200,100,1000,"TRUE",,,,,,,,,,,,,,,1,,,,,,,,,,,,,,,,,,,,,,,,,,,,,,,,,,,,,,,,,,,0,,,,,,,,,,,,,,,,,,,,,,,,,,,,,,,
"BB Enraged Bat",4000105,1,,"TID_BAT","TID_CHARACTER_INFO_BAT",1,1,1,700,10,,,,,30,2000,,20,1,,,,,,"unit_bat_big","sc/info_nightwitch.sc",,,,,,,"Bat Deploy",,"Bat Attack",,"Bat Hit",,"TRUE","TRUE","TRUE",,,"Tinymite Die",,"Bat_lvl1",,"FALSE",,8,200,,,,,,,,"TRUE",,,,"TRUE",,,,,,,,,,,,,,,,,,,,,,200,,,,,,,,,,,,,,,,,,,,,,,,,100,,,,,,,,,,200,100,1000,"TRUE",,,,,,,,,,,,,,,1,,,,,,,,,,,,,,,,,,,,,,,,,,,,,,,,,,,,,,,,,,,,,,,"EnragedBatAbility","1",,,,,,,,,,,,,,,,,,,,,,,,,,
"BB Drop Ship",4000038,11,,"TID_BALLOON_CARRIER","TID_INFO_BALLOON_CARRIER",15,9,7,150,3400,60,,"Elixir2",2400000,50,3500,,10,1,125,,"TRUE","sc/ui.sc","icon_unit_skeletonBalloon","unit_skeletonCarrier_big","sc/info_witch.sc",,,,,"Defense",,"Balloon Goblin Deploy",,"Balloon Goblin Attack",,"Balloon Goblin Hit",,"TRUE","FALSE","TRUE",,,"Balloon Goblin Die",,"Drop Ship 1","BB Barracks","FALSE",,,20,"TombStone_village2",300,200,"Balloon Exposion",416,,,,,,,,,75,,,,,,,,,"BB Drop Ship Skeleton",3,337,2700,,9,1,,,,,,"TRUE",4800,,,,,,,,,,,,,,,,,,,,,,,100,,,,,,,,,,600,500,,"TRUE",,,,,,,,,,,,,,,1,1,,,,,,,,,,,,,,,,,,,,,,,,,,,,,,,,,,,,,,,,,,,,,,"Drop Ship Bomb","1",,"TRUE",,,,,,,,,,,,,,,,,,,,,,,,
,,12,,,,,,7,,3400,84,,,2600000,,,,10,,,,,,,,,,,,,,,,,,,,,,,,,,,,"Drop Ship 1",,,,,,,300,,"Balloon Exposion",,,,,,,,,,,,,,,,,,,,,,,,9,1,,,,,,,5000,,,,,,,,,,,,,,,,,,,,,,,,,,,,,,,,,,,,,,,,,,,,,,,,,,,,1,,,,,,,,,,,,,,,,,,,,,,,,,,,,,,,,,,,,,,,,,,,,,,,"2",,,,,,,,,,,,,,,,,,,,,,,,,,
,,13,,,,,,7,,3740,108,,,2800000,,,,10,,,,,,,,,,,,,,,,,,,,,,,,,,,,"Drop Ship 2",,,,,,,300,,"Balloon Exposion",,,,,,,,,,,,,,,,,,,,,,,,9,1,,,,,,,5200,,,,,,,,,,,,,,,,,,,,,,,,,,,,,,,,,,,,,,,,,,,,,,,,,,,,1,,,,,,,,,,,,,,,,,,,,,,,,,,,,,,,,,,,,,,,,,,,,,,,"2",,,,,,,,,,,,,,,,,,,,,,,,,,
,,14,,,,,,7,,3740,132,,,3600000,,,,10,,,,,,,,,,,,,,,,,,,,,,,,,,,,"Drop Ship 2",,,,,,,400,,"Balloon Exposion",,,,,,,,,,,,,,,,,,,,,,,,9,1,,,,,,,5400,,,,,,,,,,,,,,,,,,,,,,,,,,,,,,,,,,,,,,,,,,,,,,,,,,,,1,,,,,,,,,,,,,,,,,,,,,,,,,,,,,,,,,,,,,,,,,,,,,,,"2",,,,,,,,,,,,,,,,,,,,,,,,,,
,,15,,,,,,8,,4114,132,,,3800000,,,,10,,,,,,,,,,,,,,,,,,,,,,,,,,,,"Drop Ship 3",,,,,,,400,,"Balloon Exposion",,,,,,,,,,,,,,,,,,,,,,,,9,1,,,,,,,5600,,,,,,,,,,,,,,,,,,,,,,,,,,,,,,,,,,,,,,,,,,,,,,,,,,,,1,,,,,,,,,,,,,,,,,,,,,,,,,,,,,,,,,,,,,,,,,,,,,,,"2",,,,,,,,,,,,,,,,,,,,,,,,,,
,,16,,,,,,8,,4114,144,,,4300000,,,,10,,,,,,,,,,,,,,,,,,,,,,,,,,,,"Drop Ship 3",,,,,,,400,,"Balloon Exposion",,,,,,,,,,,,,,,,,,,,,,,,9,1,,,,,,,5800,,,,,,,,,,,,,,,,,,,,,,,,,,,,,,,,,,,,,,,,,,,,,,,,,,,,1,,,,,,,,,,,,,,,,,,,,,,,,,,,,,,,,,,,,,,,,,,,,,,,"3",,,,,,,,,,,,,,,,,,,,,,,,,,
,,17,,,,,,9,,4525,144,,,4500000,,,,10,,,,,,,,,,,,,,,,,,,,,,,,,,,,"Drop Ship 4",,,,,,,400,,"Balloon Exposion",,,,,,,,,,,,,,,,,,,,,,,,9,1,,,,,,,6000,,,,,,,,,,,,,,,,,,,,,,,,,,,,,,,,,,,,,,,,,,,,,,,,,,,,1,,,,,,,,,,,,,,,,,,,,,,,,,,,,,,,,,,,,,,,,,,,,,,,"3",,,,,,,,,,,,,,,,,,,,,,,,,,
,,18,,,,,,9,,4525,156,,,5500000,,,,10,,,,,,,,,,,,,,,,,,,,,,,,,,,,"Drop Ship 4",,,,,,,500,,"Balloon Exposion",,,,,,,,,,,,,,,,,,,,,,,,9,1,,,,,,,6200,,,,,,,,,,,,,,,,,,,,,,,,,,,,,,,,,,,,,,,,,,,,,,,,,,,,1,,,,,,,,,,,,,,,,,,,,,,,,,,,,,,,,,,,,,,,,,,,,,,,"3",,,,,,,,,,,,,,,,,,,,,,,,,,
,,19,,,,,,10,,4978,156,,,5700000,,,,10,,,,,,,,,,,,,,,,,,,,,,,,,,,,"Drop Ship 5",,,,,,,500,,"Balloon Exposion",,,,,,,,,,,,,,,,,,,,,,,,9,1,,,,,,,6400,,,,,,,,,,,,,,,,,,,,,,,,,,,,,,,,,,,,,,,,,,,,,,,,,,,,1,,,,,,,,,,,,,,,,,,,,,,,,,,,,,,,,,,,,,,,,,,,,,,,"3",,,,,,,,,,,,,,,,,,,,,,,,,,
,,20,,,,,,10,,4978,,,,,,,,10,,,,,,,,,,,,,,,,,,,,,,,,,,,,"Drop Ship 5",,,,,,,500,,"Balloon Exposion",,,,,,,,,,,,,,,,,,,,,,,,9,1,,,,,,,6600,,,,,,,,,,,,,,,,,,,,,,,,,,,,,,,,,,,,,,,,,,,,,,,,,,,,1,,,,,,,,,,,,,,,,,,,,,,,,,,,,,,,,,,,,,,,,,,,,,,,"4",,,,,,,,,,,,,,,,,,,,,,,,,,
"BB Drop Ship Skeleton",4000040,1,,"TID_SKELETON","TID_CHARACTER_INFO_SKELETON2",1,1,1,300,10,,,,,40,1000,,20,1,,,,,,"unit_skeletonwarrior_withCarrier_big","sc/info_witch.sc",,,,,,,"Balloon Skeleton Deploy",,"Skeleton Attack",,"Skeleton Hit",,"FALSE","FALSE","TRUE",,,"Skeleton Die",,"BB Drop Ship Skeleton",,"FALSE",,,0,,,,,,,,"TRUE",,,,"TRUE",,,,,,,,,,,,,,,,,,,,,,500,,,,,,,,,,,,,,,,,,,,,,,,,-50,,,,,,,,,,100,100,,"TRUE",,,,,,,,,,,,,,,1,,,,,,,,,,,,,,,,,,,,,,,,,,,,"TRUE",,,,,,,,,,,,,,,0,,,,,,,,,,,,,,,,,,,,,,,,,,,,,,,
"BB Power PEKKA",4000036,13,,"TID_SUPER_CHARGED_PEKKA","TID_CHARACTER_INFO_SUPER_CHARGED_PEKKA",22,10,8,200,3900,108,,"Elixir2",3600000,80,1800,,420,1,,,,"sc/ui.sc","icon_unit_electric_pekka","unit_charged_pekka_big","sc/info_super_charged_pekka.sc",,,,,,,"Pekka Deploy",,"Pekka Attack",,"Pekka Hit",,"FALSE","FALSE","TRUE",,,"New Pekka pre death",,"Power PEKKA 1","BB Barracks","FALSE",,,0,"TombStone_village2",,,,,,,,,,,,,,,,,,,,,,,,,,,,,,,,,,,5200,,,,,,,,,,,,,,,,,,,,,,,-50,,,,,,,,,,3000,2000,,"TRUE",,,,,,,,,,,,,,,1,1,,,,,,,,,,,,,,,,,,,,,,,,,,,,,,,,,,,,,,,,,,,,,,"Power PEKKA Overcharge","1",,"TRUE",,,,,,,,,,,,,,,,,,,,,,,,
,,14,,,,,,8,,3900,132,,,3800000,,,,420,,,,,,,,,,,,,,,,,,,,,,,,,,,,"Power PEKKA 2",,,,,,,,,,,,,,,,,,,,,,,,,,,,,,,,,,,,,,,,,5400,,,,,,,,,,,,,,,,,,,,,,,,,,,,,,,,,,,,,,,,,,,,,,,,,,,,1,,,,,,,,,,,,,,,,,,,,,,,,,,,,,,,,,,,,,,,,,,,,,,,"2",,,,,,,,,,,,,,,,,,,,,,,,,,
,,15,,,,,,8,,4290,132,,,4000000,,,,460,,,,,,,,,,,,,,,,,,,,,,,,,,,,"Power PEKKA 2",,,,,,,,,,,,,,,,,,,,,,,,,,,,,,,,,,,,,,,,,5600,,,,,,,,,,,,,,,,,,,,,,,,,,,,,,,,,,,,,,,,,,,,,,,,,,,,1,,,,,,,,,,,,,,,,,,,,,,,,,,,,,,,,,,,,,,,,,,,,,,,"2",,,,,,,,,,,,,,,,,,,,,,,,,,
,,16,,,,,,8,,4290,144,,,4600000,,,,460,,,,,,,,,,,,,,,,,,,,,,,,,,,,"Power PEKKA 3",,,,,,,,,,,,,,,,,,,,,,,,,,,,,,,,,,,,,,,,,5800,,,,,,,,,,,,,,,,,,,,,,,,,,,,,,,,,,,,,,,,,,,,,,,,,,,,1,,,,,,,,,,,,,,,,,,,,,,,,,,,,,,,,,,,,,,,,,,,,,,,"3",,,,,,,,,,,,,,,,,,,,,,,,,,
,,17,,,,,,9,,4719,144,,,4800000,,,,500,,,,,,,,,,,,,,,,,,,,,,,,,,,,"Power PEKKA 3",,,,,,,,,,,,,,,,,,,,,,,,,,,,,,,,,,,,,,,,,6000,,,,,,,,,,,,,,,,,,,,,,,,,,,,,,,,,,,,,,,,,,,,,,,,,,,,1,,,,,,,,,,,,,,,,,,,,,,,,,,,,,,,,,,,,,,,,,,,,,,,"3",,,,,,,,,,,,,,,,,,,,,,,,,,
,,18,,,,,,9,,4719,156,,,5600000,,,,500,,,,,,,,,,,,,,,,,,,,,,,,,,,,"Power PEKKA 4",,,,,,,,,,,,,,,,,,,,,,,,,,,,,,,,,,,,,,,,,6200,,,,,,,,,,,,,,,,,,,,,,,,,,,,,,,,,,,,,,,,,,,,,,,,,,,,1,,,,,,,,,,,,,,,,,,,,,,,,,,,,,,,,,,,,,,,,,,,,,,,"4",,,,,,,,,,,,,,,,,,,,,,,,,,
,,19,,,,,,10,,5191,156,,,5800000,,,,560,,,,,,,,,,,,,,,,,,,,,,,,,,,,"Power PEKKA 4",,,,,,,,,,,,,,,,,,,,,,,,,,,,,,,,,,,,,,,,,6400,,,,,,,,,,,,,,,,,,,,,,,,,,,,,,,,,,,,,,,,,,,,,,,,,,,,1,,,,,,,,,,,,,,,,,,,,,,,,,,,,,,,,,,,,,,,,,,,,,,,"4",,,,,,,,,,,,,,,,,,,,,,,,,,
,,20,,,,,,10,,5191,,,,,,,,560,,,,,,,,,,,,,,,,,,,,,,,,,,,,"Power PEKKA 5",,,,,,,,,,,,,,,,,,,,,,,,,,,,,,,,,,,,,,,,,6600,,,,,,,,,,,,,,,,,,,,,,,,,,,,,,,,,,,,,,,,,,,,,,,,,,,,1,,,,,,,,,,,,,,,,,,,,,,,,,,,,,,,,,,,,,,,,,,,,,,,"5",,,,,,,,,,,,,,,,,,,,,,,,,,
"BB Hog Glider",4000070,15,,"TID_HOG_GLIDER","TID_CHARACTER_INFO_HOG_GLIDER",12,11,9,300,600,132,,"Elixir2",4000000,50,200,,900,1,,,,"sc/ui.sc","icon_unit_hog_glider","unit_hog_glider_big","sc/info_hog_glider.sc",,,,,"Defense",,"HogGlider Deploy",,"BoarRider Attack",,"BoarRider Hit","Giant Big Hit","TRUE","FALSE","TRUE",,1,"Moving Cannon Die",,"Hog Glider 1","BB Barracks","FALSE",,,0,,,,,,,,,,"BB Hog Rider",,,1,0,,,,,,,,,,,,,,,,,,,,,,5600,,,,,,,,,,,,,,,,,,,,,,,60,,,,,,,,,,600,500,,"TRUE",,,,,,,,,,,,,,,1,2,,,,,,,,,,,,,,,,,,,,,,,,,,,,,,,,,,,,,,,,,,0,,,,"BBHogGliderStunAbility","1",,,,,,,,,,,,,,,,,,,,,,,,,,
,,16,,,,,,9,,650,144,,,4200000,,,,1100,,,,,,,,,,,,,,,,,,,,,,,,,,,,"Hog Glider 1",,,,,,,,,,,,,,,,,,,,,,,,,,,,,,,,,,,,,,,,,5800,,,,,,,,,,,,,,,,,,,,,,,,,,,,,,,,,,,,,,,,,,,,,,,,,,,,2,,,,,,,,,,,,,,,,,,,,,,,,,,,,,,,,,,,,,,,,,,,,,,,"1",,,,,,,,,,,,,,,,,,,,,,,,,,
,,17,,,,,,9,,650,144,,,4400000,,,,1100,,,,,,,,,,,,,,,,,,,,,,,,,,,,"Hog Glider 2",,,,,,,,,,,,,,,,,,,,,,,,,,,,,,,,,,,,,,,,,6000,,,,,,,,,,,,,,,,,,,,,,,,,,,,,,,,,,,,,,,,,,,,,,,,,,,,2,,,,,,,,,,,,,,,,,,,,,,,,,,,,,,,,,,,,,,,,,,,,,,,"1",,,,,,,,,,,,,,,,,,,,,,,,,,
,,18,,,,,,9,,650,156,,,5400000,,,,1100,,,,,,,,,,,,,,,,,,,,,,,,,,,,"Hog Glider 3",,,,,,,,,,,,,,,,,,,,,,,,,,,,,,,,,,,,,,,,,6200,,,,,,,,,,,,,,,,,,,,,,,,,,,,,,,,,,,,,,,,,,,,,,,,,,,,2,,,,,,,,,,,,,,,,,,,,,,,,,,,,,,,,,,,,,,,,,,,,,,,"2",,,,,,,,,,,,,,,,,,,,,,,,,,
,,19,,,,,,10,,650,156,,,5800000,,,,1100,,,,,,,,,,,,,,,,,,,,,,,,,,,,"Hog Glider 4",,,,,,,,,,,,,,,,,,,,,,,,,,,,,,,,,,,,,,,,,6400,,,,,,,,,,,,,,,,,,,,,,,,,,,,,,,,,,,,,,,,,,,,,,,,,,,,2,,,,,,,,,,,,,,,,,,,,,,,,,,,,,,,,,,,,,,,,,,,,,,,"2",,,,,,,,,,,,,,,,,,,,,,,,,,
,,20,,,,,,10,,700,,,,,,,,1300,,,,,,,,,,,,,,,,,,,,,,,,,,,,"Hog Glider 5",,,,,,,,,,,,,,,,,,,,,,,,,,,,,,,,,,,,,,,,,6600,,,,,,,,,,,,,,,,,,,,,,,,,,,,,,,,,,,,,,,,,,,,,,,,,,,,2,,,,,,,,,,,,,,,,,,,,,,,,,,,,,,,,,,,,,,,,,,,,,,,"2",,,,,,,,,,,,,,,,,,,,,,,,,,
"BB Hog Rider",4000071,15,,"TID_HOG_RIDER","TID_CHARACTER_INFO_HOG_RIDER",12,10,1,400,1267,,,,,100,1000,,112,1,,,,"sc/ui.sc","icon_unit_boarRider","unit_boarRider_big","sc/info_hogrider.sc",,,,,"Defense",,"BoarRider Deploy",,"BoarRider Attack",,"BoarRider Hit",,"FALSE","FALSE","TRUE",,,"BoarRider Die",,"BoarRider_lvl1 BB","BB Barracks","TRUE",,,0,"TombStone_village2",,,,,,,"TRUE",,,,"TRUE",,,,,,,,,,,,,,,,,,,,,,,,,,,,,,,,,,,,,,,,,,,,,,,-50,,,,,,,,,,600,500,,"TRUE",,,,,,,,,,,,,,,1,2,,,,,,,,,,,,,,,,,,,,,,,,,,,,,,,,,,,,,,,,,,,,,,,,,,"TRUE",,,,,,,,,,,,,,,,,,,,,,,
,,16,,,,,,,,1267,,,,,,,,112,,,,,,,,,,,,,,,,,,,,,,,,,,,,"BoarRider_lvl1 BB",,,,,,,,,,,,,,,,,,,,,,,,,,,,,,,,,,,,,,,,,,,,,,,,,,,,,,,,,,,,,,,,,,,,,,,,,,,,,,,,,,,,,,,,,,,,,2,,,,,,,,,,,,,,,,,,,,,,,,,,,,,,,,,,,,,,,,,,,,,,,,,,,,,,,,,,,,,,,,,,,,,,,,,
,,17,,,,,,,,1393,,,,,,,,125,,,,,,,,,,,,,,,,,,,,,,,,,,,,"BoarRider_lvl2 BB",,,,,,,,,,,,,,,,,,,,,,,,,,,,,,,,,,,,,,,,,,,,,,,,,,,,,,,,,,,,,,,,,,,,,,,,,,,,,,,,,,,,,,,,,,,,,2,,,,,,,,,,,,,,,,,,,,,,,,,,,,,,,,,,,,,,,,,,,,,,,,,,,,,,,,,,,,,,,,,,,,,,,,,
,,18,,,,,,,,1393,,,,,,,,125,,,,,,,,,,,,,,,,,,,,,,,,,,,,"BoarRider_lvl3 BB",,,,,,,,,,,,,,,,,,,,,,,,,,,,,,,,,,,,,,,,,,,,,,,,,,,,,,,,,,,,,,,,,,,,,,,,,,,,,,,,,,,,,,,,,,,,,2,,,,,,,,,,,,,,,,,,,,,,,,,,,,,,,,,,,,,,,,,,,,,,,,,,,,,,,,,,,,,,,,,,,,,,,,,
,,19,,,,,,,,1533,,,,,,,,139,,,,,,,,,,,,,,,,,,,,,,,,,,,,"BoarRider_lvl4 BB",,,,,,,,,,,,,,,,,,,,,,,,,,,,,,,,,,,,,,,,,,,,,,,,,,,,,,,,,,,,,,,,,,,,,,,,,,,,,,,,,,,,,,,,,,,,,2,,,,,,,,,,,,,,,,,,,,,,,,,,,,,,,,,,,,,,,,,,,,,,,,,,,,,,,,,,,,,,,,,,,,,,,,,
,,20,,,,,,,,1533,,,,,,,,139,,,,,,,,,,,,,,,,,,,,,,,,,,,,"BoarRider_lvl5 BB",,,,,,,,,,,,,,,,,,,,,,,,,,,,,,,,,,,,,,,,,,,,,,,,,,,,,,,,,,,,,,,,,,,,,,,,,,,,,,,,,,,,,,,,,,,,,2,,,,,,,,,,,,,,,,,,,,,,,,,,,,,,,,,,,,,,,,,,,,,,,,,,,,,,,,,,,,,,,,,,,,,,,,,
"BB Electrofire Wizard",4000106,17,,"TID_ELECTROFIRE_WIZARD","TID_ELECTROFIRE_WIZARD_INFO",14,12,10,280,1100,144,,"Elixir2",4400000,350,128,,220,1,,,,"sc/ui.sc","icon_unit_electrofire_wizard_fire","unit_electrofire_wizard_fire","sc/info_electrofire_wizard.sc",,,,,,,"Wizard Deploy",,"Inferno Dragon Attack 1",,"Dark Tower Hit",,"FALSE","TRUE","TRUE",,,"Wizard Die",,"Electro_Fire_Wizard_1_Inferno","BB Barracks","FALSE",,,0,"TombStone_village2",,,,,,,,,,,,,,,,,,,,,,,,,,,,,,,,,,,6000,,,,,,,,,,,,"TRUE",330,440,1500,3000,"Inferno Dragon Attack 2","Inferno Dragon Attack 3",,"Electrofire Wizard Up 2","Electrofire Wizard Up 3",,-50,,,,,,,,,,1200,200,,"TRUE",,,,,,,,,,,,,,,1,1,,,,,,,,,,,,,,,,,,,,,,,,,,,,,,,,,,,,,,,,,,,,,,"BBWizardPlaceholderAbility;Wizard Lightning Mode","1;1",,"TRUE",,,,,,,,,,,,,,,,600,,,,,,,,
,,18,,,,,,10,,1100,156,,,5400000,,,,220,,,,,,,,,,,,,,,,,,,,,,,,,,,,"Electro_Fire_Wizard_1_Inferno",,,,,,,,,,,,,,,,,,,,,,,,,,,,,,,,,,,,,,,,,6200,,,,,,,,,,,,,330,440,,,,,,,,,,,,,,,,,,,,,,,,,,,,,,,,,,,,,,1,,,,,,,,,,,,,,,,,,,,,,,,,,,,,,,,,,,,,,,,,,,,,,,"1;2",,,,,,,,,,,,,,,,,,,,,,,,,,
,,19,,,,,,10,,1210,156,,,5800000,,,,253,,,,,,,,,,,,,,,,,,,,,,,,,,,,"Electro_Fire_Wizard_1_Inferno",,,,,,,,,,,,,,,,,,,,,,,,,,,,,,,,,,,,,,,,,6400,,,,,,,,,,,,,380,506,,,,,,,,,,,,,,,,,,,,,,,,,,,,,,,,,,,,,,1,,,,,,,,,,,,,,,,,,,,,,,,,,,,,,,,,,,,,,,,,,,,,,,"1;2",,,,,,,,,,,,,,,,,,,,,,,,,,
,,20,,,,,,10,,1210,,,,,,,,253,,,,,,,,,,,,,,,,,,,,,,,,,,,,"Electro_Fire_Wizard_2_Inferno",,,,,,,,,,,,,,,,,,,,,,,,,,,,,,,,,,,,,,,,,6600,,,,,,,,,,,,,380,506,,,,,,,,,,,,,,,,,,,,,,,,,,,,,,,,,,,,,,1,,,,,,,,,,,,,,,,,,,,,,,,,,,,,,,,,,,,,,,,,,,,,,,"1;3",,,,,,,,,,,,,,,,,,,,,,,,,,
"BB Zappy",4000107,1,,"TID_ZAPPY","TID_ZAPPY_INFO",6,,,300,330,,,,,250,1000,,42,1,,,,,,"unit_zappie","sc/info_zappie.sc",,,,,,,,,"Zappies Attack",,"Zappies Hit",,"FALSE","TRUE","TRUE",,,"Zappies Die",,"BB Zappy",,"FALSE",,,0,,,,,,,,"TRUE",,,,"TRUE",,,,,"TRUE",,,,,,,,,,,,,,,,,,,,,,,,,,,,,,,,,,,,,,,,,,,,,,,,,,,,200,600,,,,,,,,,,,,,,,,,1,,,,,,,,,,,,,,,,,,,,,,,,,,,,,,,,,,,,,,,,,,,,,,,,,,,,,,,,,,,,,,,,,,,,,,,,,,
,,2,,,,,,,,350,,,,,,,,46,,,,,,,,,,,,,,,,,,,,,,,,,,,,"BB Zappy",,,,,,,,,,,,,,,,,,,,,,,,,,,,,,,,,,,,,,,,,,,,,,,,,,,,,,,,,,,,,,,,,,,,,,,,,,,,,,,,,,,,,,,,,,,,,,,,,,,,,,,,,,,,,,,,,,,,,,,,,,,,,,,,,,,,,,,,,,,,,,,,,,,,,,,,,,,,,,,,,,,,,,
,,3,,,,,,,,369,,,,,,,,50,,,,,,,,,,,,,,,,,,,,,,,,,,,,"BB Zappy",,,,,,,,,,,,,,,,,,,,,,,,,,,,,,,,,,,,,,,,,,,,,,,,,,,,,,,,,,,,,,,,,,,,,,,,,,,,,,,,,,,,,,,,,,,,,,,,,,,,,,,,,,,,,,,,,,,,,,,,,,,,,,,,,,,,,,,,,,,,,,,,,,,,,,,,,,,,,,,,,,,,,,
,,4,,,,,,,,389,,,,,,,,55,,,,,,,,,,,,,,,,,,,,,,,,,,,,"BB Zappy",,,,,,,,,,,,,,,,,,,,,,,,,,,,,,,,,,,,,,,,,,,,,,,,,,,,,,,,,,,,,,,,,,,,,,,,,,,,,,,,,,,,,,,,,,,,,,,,,,,,,,,,,,,,,,,,,,,,,,,,,,,,,,,,,,,,,,,,,,,,,,,,,,,,,,,,,,,,,,,,,,,,,,
,,5,,,,,,,,408,,,,,,,,59,,,,,,,,,,,,,,,,,,,,,,,,,,,,"BB Zappy",,,,,,,,,,,,,,,,,,,,,,,,,,,,,,,,,,,,,,,,,,,,,,,,,,,,,,,,,,,,,,,,,,,,,,,,,,,,,,,,,,,,,,,,,,,,,,,,,,,,,,,,,,,,,,,,,,,,,,,,,,,,,,,,,,,,,,,,,,,,,,,,,,,,,,,,,,,,,,,,,,,,,,
,,6,,,,,,,,428,,,,,,,,63,,,,,,,,,,,,,,,,,,,,,,,,,,,,"BB Zappy",,,,,,,,,,,,,,,,,,,,,,,,,,,,,,,,,,,,,,,,,,,,,,,,,,,,,,,,,,,,,,,,,,,,,,,,,,,,,,,,,,,,,,,,,,,,,,,,,,,,,,,,,,,,,,,,,,,,,,,,,,,,,,,,,,,,,,,,,,,,,,,,,,,,,,,,,,,,,,,,,,,,,,
,,7,,,,,,,,447,,,,,,,,67,,,,,,,,,,,,,,,,,,,,,,,,,,,,"BB Zappy",,,,,,,,,,,,,,,,,,,,,,,,,,,,,,,,,,,,,,,,,,,,,,,,,,,,,,,,,,,,,,,,,,,,,,,,,,,,,,,,,,,,,,,,,,,,,,,,,,,,,,,,,,,,,,,,,,,,,,,,,,,,,,,,,,,,,,,,,,,,,,,,,,,,,,,,,,,,,,,,,,,,,,
,,8,,,,,,,,467,,,,,,,,71,,,,,,,,,,,,,,,,,,,,,,,,,,,,"BB Zappy",,,,,,,,,,,,,,,,,,,,,,,,,,,,,,,,,,,,,,,,,,,,,,,,,,,,,,,,,,,,,,,,,,,,,,,,,,,,,,,,,,,,,,,,,,,,,,,,,,,,,,,,,,,,,,,,,,,,,,,,,,,,,,,,,,,,,,,,,,,,,,,,,,,,,,,,,,,,,,,,,,,,,,
,,9,,,,,,,,486,,,,,,,,76,,,,,,,,,,,,,,,,,,,,,,,,,,,,"BB Zappy",,,,,,,,,,,,,,,,,,,,,,,,,,,,,,,,,,,,,,,,,,,,,,,,,,,,,,,,,,,,,,,,,,,,,,,,,,,,,,,,,,,,,,,,,,,,,,,,,,,,,,,,,,,,,,,,,,,,,,,,,,,,,,,,,,,,,,,,,,,,,,,,,,,,,,,,,,,,,,,,,,,,,,
,,10,,,,,,,,518,,,,,,,,80,,,,,,,,,,,,,,,,,,,,,,,,,,,,"BB Zappy",,,,,,,,,,,,,,,,,,,,,,,,,,,,,,,,,,,,,,,,,,,,,,,,,,,,,,,,,,,,,,,,,,,,,,,,,,,,,,,,,,,,,,,,,,,,,,,,,,,,,,,,,,,,,,,,,,,,,,,,,,,,,,,,,,,,,,,,,,,,,,,,,,,,,,,,,,,,,,,,,,,,,,
"BB MovingCannonSecondary",4000044,1,,"TID_MOVING_CANNON","TID_CHARACTER_INFO_MOVING_CANNON",16,7,4,0,100,,,,,550,1200,,100,1,,,,"sc/ui.sc","icon_unit_movingCannon","unit_movingCannon_big_02","sc/info_moving_cannon.sc",,"Moving Cannon Cannonball",,,,,"Moving Cannon Deploy",,"Moving Cannon Attack",,"Moving Cannon Hit",,"FALSE","FALSE","TRUE",,,"Moving Cannon Die",,"BrokenCannon_lvl1","BB Barracks","FALSE",,,0,"TombStone_village2",,,,,,,"TRUE",,,,"TRUE",,,,,,,,,,,,,,,,,,,,,,,,,,,,,,,,,,,,,,,,,,,,,,,-50,,,,,,,,,,100,100,400,"TRUE",,,,,,,,,,,,,,,1,2,,,,,5,200,,,,,,,,,,,,,,,,,,,,,,,,,,,,,,,,,,,,,,,,,,,,,,,,,,,,,,,,,,,,,,,,,,,
,,2,,,,,,,,100,,,,,,,,100,,1,,,,,,,,,,,,,,,,,,,,,,,,,,"BrokenCannon_lvl1",,,,,,,,,,,,,,,,,,,,,,,,,,,,,,,,,,,,,,,,,,,,,,,,,,,,,,,,,,,,,,,,,,,,,,,,,,,,,,,,,,,,,,,,,,,,,,,,,,,,,,,,,,,,,,,,,,,,,,,,,,,,,,,,,,,,,,,,,,,,,,,,,,,,,,,,,,,,,,,,,,,,,,
,,3,,,,,,,,100,,,,,,,,110,,1,,,,,,,,,,,,,,,,,,,,,,,,,,"BrokenCannon_lvl1",,,,,,,,,,,,,,,,,,,,,,,,,,,,,,,,,,,,,,,,,,,,,,,,,,,,,,,,,,,,,,,,,,,,,,,,,,,,,,,,,,,,,,,,,,,,,,,,,,,,,,,,,,,,,,,,,,,,,,,,,,,,,,,,,,,,,,,,,,,,,,,,,,,,,,,,,,,,,,,,,,,,,,
,,4,,,,,,,,150,,,,,,,,110,,2,,,,,,,,,,,,,,,,,,,,,,,,,,"BrokenCannon_lvl1",,,,,,,,,,,,,,,,,,,,,,,,,,,,,,,,,,,,,,,,,,,,,,,,,,,,,,,,,,,,,,,,,,,,,,,,,,,,,,,,,,,,,,,,,,,,,,,,,,,,,,,,,,,,,,,,,,,,,,,,,,,,,,,,,,,,,,,,,,,,,,,,,,,,,,,,,,,,,,,,,,,,,,
,,5,,,,,,,,150,,,,,,,,121,,2,,,,,,,,,,,,,,,,,,,,,,,,,,"BrokenCannon_lvl2",,,,,,,,,,,,,,,,,,,,,,,,,,,,,,,,,,,,,,,,,,,,,,,,,,,,,,,,,,,,,,,,,,,,,,,,,,,,,,,,,,,,,,,,,,,,,,,,,,,,,,,,,,,,,,,,,,,,,,,,,,,,,,,,,,,,,,,,,,,,,,,,,,,,,,,,,,,,,,,,,,,,,,
,,6,,,,,,,,150,,,,,,,,141,,2,,,,,,,,,,,,,,,,,,,,,,,,,,"BrokenCannon_lvl2",,,,,,,,,,,,,,,,,,,,,,,,,,,,,,,,,,,,,,,,,,,,,,,,,,,,,,,,,,,,,,,,,,,,,,,,,,,,,,,,,,,,,,,,,,,,,,,,,,,,,,,,,,,,,,,,,,,,,,,,,,,,,,,,,,,,,,,,,,,,,,,,,,,,,,,,,,,,,,,,,,,,,,
,,7,,,,,,,,150,,,,,,,,153,,2,,,,,,,,,,,,,,,,,,,,,,,,,,"BrokenCannon_lvl2",,,,,,,,,,,,,,,,,,,,,,,,,,,,,,,,,,,,,,,,,,,,,,,,,,,,,,,,,,,,,,,,,,,,,,,,,,,,,,,,,,,,,,,,,,,,,,,,,,,,,,,,,,,,,,,,,,,,,,,,,,,,,,,,,,,,,,,,,,,,,,,,,,,,,,,,,,,,,,,,,,,,,,
,,8,,,,,,,,200,,,,,,,,153,,3,,,,,,,,,,,,,,,,,,,,,,,,,,"BrokenCannon_lvl2",,,,,,,,,,,,,,,,,,,,,,,,,,,,,,,,,,,,,,,,,,,,,,,,,,,,,,,,,,,,,,,,,,,,,,,,,,,,,,,,,,,,,,,,,,,,,,,,,,,,,,,,,,,,,,,,,,,,,,,,,,,,,,,,,,,,,,,,,,,,,,,,,,,,,,,,,,,,,,,,,,,,,,
,,9,,,,,,,,200,,,,,,,,166,,3,,,,,,,,,,,,,,,,,,,,,,,,,,"BrokenCannon_lvl3",,,,,,,,,,,,,,,,,,,,,,,,,,,,,,,,,,,,,,,,,,,,,,,,,,,,,,,,,,,,,,,,,,,,,,,,,,,,,,,,,,,,,,,,,,,,,,,,,,,,,,,,,,,,,,,,,,,,,,,,,,,,,,,,,,,,,,,,,,,,,,,,,,,,,,,,,,,,,,,,,,,,,,
,,10,,,,,,,,200,,,,,,,,186,,3,,,,,,,,,,,,,,,,,,,,,,,,,,"BrokenCannon_lvl3",,,,,,,,,,,,,,,,,,,,,,,,,,,,,,,,,,,,,,,,,,,,,,,,,,,,,,,,,,,,,,,,,,,,,,,,,,,,,,,,,,,,,,,,,,,,,,,,,,,,,,,,,,,,,,,,,,,,,,,,,,,,,,,,,,,,,,,,,,,,,,,,,,,,,,,,,,,,,,,,,,,,,,
,,11,,,,,,,,200,,,,,,,,201,,3,,,,,,,,,,,,,,,,,,,,,,,,,,"BrokenCannon_lvl3",,,,,,,,,,,,,,,,,,,,,,,,,,,,,,,,,,,,,,,,,,,,,,,,,,,,,,,,,,,,,,,,,,,,,,,,,,,,,,,,,,,,,,,,,,,,,,,,,,,,,,,,,,,,,,,,,,,,,,,,,,,,,,,,,,,,,,,,,,,,,,,,,,,,,,,,,,,,,,,,,,,,,,
,,12,,,,,,,,300,,,,,,,,201,,3,,,,,,,,,,,,,,,,,,,,,,,,,,"BrokenCannon_lvl3",,,,,,,,,,,,,,,,,,,,,,,,,,,,,,,,,,,,,,,,,,,,,,,,,,,,,,,,,,,,,,,,,,,,,,,,,,,,,,,,,,,,,,,,,,,,,,,,,,,,,,,,,,,,,,,,,,,,,,,,,,,,,,,,,,,,,,,,,,,,,,,,,,,,,,,,,,,,,,,,,,,,,,
,,13,,,,,,,,300,,,,,,,,217,,3,,,,,,,,,,,,,,,,,,,,,,,,,,"BrokenCannon_lvl4",,,,,,,,,,,,,,,,,,,,,,,,,,,,,,,,,,,,,,,,,,,,,,,,,,,,,,,,,,,,,,,,,,,,,,,,,,,,,,,,,,,,,,,,,,,,,,,,,,,,,,,,,,,,,,,,,,,,,,,,,,,,,,,,,,,,,,,,,,,,,,,,,,,,,,,,,,,,,,,,,,,,,,
,,14,,,,,,,,300,,,,,,,,237,,4,,,,,,,,,,,,,,,,,,,,,,,,,,"BrokenCannon_lvl4",,,,,,,,,,,,,,,,,,,,,,,,,,,,,,,,,,,,,,,,,,,,,,,,,,,,,,,,,,,,,,,,,,,,,,,,,,,,,,,,,,,,,,,,,,,,,,,,,,,,,,,,,,,,,,,,,,,,,,,,,,,,,,,,,,,,,,,,,,,,,,,,,,,,,,,,,,,,,,,,,,,,,,
,,15,,,,,,,,300,,,,,,,,255,,4,,,,,,,,,,,,,,,,,,,,,,,,,,"BrokenCannon_lvl4",,,,,,,,,,,,,,,,,,,,,,,,,,,,,,,,,,,,,,,,,,,,,,,,,,,,,,,,,,,,,,,,,,,,,,,,,,,,,,,,,,,,,,,,,,,,,,,,,,,,,,,,,,,,,,,,,,,,,,,,,,,,,,,,,,,,,,,,,,,,,,,,,,,,,,,,,,,,,,,,,,,,,,
,,16,,,,,,,,300,,,,,,,,255,,4,,,,,,,,,,,,,,,,,,,,,,,,,,"BrokenCannon_lvl4",,,,,,,,,,,,,,,,,,,,,,,,,,,,,,,,,,,,,,,,,,,,,,,,,,,,,,,,,,,,,,,,,,,,,,,,,,,,,,,,,,,,,,,,,,,,,,,,,,,,,,,,,,,,,,,,,,,,,,,,,,,,,,,,,,,,,,,,,,,,,,,,,,,,,,,,,,,,,,,,,,,,,,
,,17,,,,,,,,300,,,,,,,,275,,4,,,,,,,,,,,,,,,,,,,,,,,,,,"BrokenCannon_lvl5",,,,,,,,,,,,,,,,,,,,,,,,,,,,,,,,,,,,,,,,,,,,,,,,,,,,,,,,,,,,,,,,,,,,,,,,,,,,,,,,,,,,,,,,,,,,,,,,,,,,,,,,,,,,,,,,,,,,,,,,,,,,,,,,,,,,,,,,,,,,,,,,,,,,,,,,,,,,,,,,,,,,,,
,,18,,,,,,,,300,,,,,,,,297,,4,,,,,,,,,,,,,,,,,,,,,,,,,,"BrokenCannon_lvl5",,,,,,,,,,,,,,,,,,,,,,,,,,,,,,,,,,,,,,,,,,,,,,,,,,,,,,,,,,,,,,,,,,,,,,,,,,,,,,,,,,,,,,,,,,,,,,,,,,,,,,,,,,,,,,,,,,,,,,,,,,,,,,,,,,,,,,,,,,,,,,,,,,,,,,,,,,,,,,,,,,,,,,
"Guardian Sniffer",4000181,1,,"TID_SNIFFER_GUARDIAN","TID_SNIFFER_GUARDIAN_INFO",25,,,250,13500,168,,"Elixir",18000000,1000,1200,1200,600,,,,,,,"unit_golem_secondary_big","sc/info_golem.sc",,"Arrow_small",,,,,,,"Golem Attack",,"Golem Hit",,"FALSE","TRUE","TRUE",,,"Golem_split",,"RangedGuardian",,"FALSE",,,0,"TombStone",,,,,,,"TRUE",,,,,,,,,,,,,,,,,,,,,,,,,,,,,,,,,,,,,,,,,,,,,,,,,,,-50,,,,,,,,,,2000,2000,,"TRUE",,,,,,,,,,,,,,,,,,,,,,,,,,,,,,,,,,,,,,,,,,,,,,,,,,,,,,,,,,,"SnifferGuardian",,,,,,,,,,,,,,,,,,,,1600,1900,,,,,,,,,
"Guardian Builder",4000182,1,,"TID_BUILDER_GUARDIAN","TID_BUILDER_GUARDIAN_INFO",25,,,250,100000,168,,"Elixir",18000000,50,750,1200,-180,,,,,,,,,1,,,,,,,,,,,,"FALSE","FALSE","TRUE",,,,,"Defending Builder",,"TRUE",,,,"TombStone",,,,,,,"TRUE",,,,,,,,,,,,,,,,,,,,,,,,,,,,,,,,,,,,,,,,,,,,,,,,,,,-50,,,,,,,,,,2000,2000,,"TRUE",,,,,,,,,,,,,,,,,,,,,,,,,,,,,,,,,,,,,,,,,,,,,,,,,,,,,,,,,,,"BuilderGuardian",,,"GuardianBuilderRage","1",,,,,,,,,,,,,,,,1400,1000,,,,,,,,,
"Guardian Logger",4000183,1,,"TID_LOGGER_GUARDIAN","TID_LOGGER_GUARDIAN_INFO",25,,,100,8000,168,,"Elixir",18000000,700,2500,1300,230,,,,,,,"unit_siege_machine_loglauncher_big","sc/info_siege_machine_loglauncher.sc",,"LoggerProjectile",,,,,,,,,"Generic Hit",,"FALSE","TRUE","TRUE",,,"ps_chr_guardianLogger_Die",,,,"FALSE",,,0,"TombStone",,,,,,,"TRUE",,,,,,,,,,,,150,,,,,,,,,,,,,,,,,,,,,,,,,,,,,,,,,,,,,,,-50,,,,,,,,,,2000,2000,,"TRUE",,,,,,,,,,,,,,,,1,,,,,,,,,,,,,,,,,,,,,,,,,,,,,,,,,,,,"TRUE",180,500,,,,,"LoggerGuardian",,,,,,,,,,,,,,,,,,,"HitPoints;DamagePerSecond;PushStrength;PenetratingExtraRange;DamageType;TargetType;MovementSpeed;Range",1400,1500,,,,,,,,,
,,2,,,,,,,,9000,216,,,22000000,,,,260,,,,,,,,,,,,,,,,,,,,,,,,,,,,,,,,,,,,,,,,,,,,,,,,,,,,,,,,,,,,,,,,,,,,,,,,,,,,,,,,,,,,,,,,,,,,,,,,,,,,,,,,,,,,,,,,,,,,,,,,,,,,,,,,,,,,,,,,,,,,,,,,,,,,,,,,,,,,,,,500,,,,,,,,,,,,,,,,,,,,,,,,,,,,,,,,,,,
,,3,,,,,,,,10000,264,,,26000000,,,,290,,,,,,,,,,,,,,,,,,,,,,,,,,,,,,,,,,,,,,,,,,,,,,,,,,,,,,,,,,,,,,,,,,,,,,,,,,,,,,,,,,,,,,,,,,,,,,,,,,,,,,,,,,,,,,,,,,,,,,,,,,,,,,,,,,,,,,,,,,,,,,,,,,,,,,,,,,,,,,,500,,,,,,,,,,,,,,,,,,,,,,,,,,,,,,,,,,,
,,4,,,,,,,,11000,312,,,28000000,,,,320,,,,,,,,,,,,,,,,,,,,,,,,,,,,,,,,,,,,,,,,,,,,,,,,,,,,,,,,,,,,,,,,,,,,,,,,,,,,,,,,,,,,,,,,,,,,,,,,,,,,,,,,,,,,,,,,,,,,,,,,,,,,,,,,,,,,,,,,,,,,,,,,,,,,,,,,,,,,,,,600,,,,,,,,,,,,,,,,,,,,,,,,,,,,,,,,,,,
,,5,,,,,,,,12000,,,,,,,,350,,,,,,,,,,,,,,,,,,,,,,,,,,,,,,,,,,,,,,,,,,,,,,,,,,,,,,,,,,,,,,,,,,,,,,,,,,,,,,,,,,,,,,,,,,,,,,,,,,,,,,,,,,,,,,,,,,,,,,,,,,,,,,,,,,,,,,,,,,,,,,,,,,,,,,,,,,,,,,,600,,,,,,,,,,,,,,,,,,,,,,,,,,,,,,,,,,,
"Guardian Returner",4000184,1,,"TID_RETURNER_GUARDIAN","TID_RETURNER_GUARDIAN_INFO",25,,,250,7000,168,,"Elixir",18000000,1000,1200,1200,600,,,,,,,"unit_golem_secondary_big","sc/info_golem.sc",,"Arrow_small",,,,,,,"Golem Attack",,"Golem Hit",,"FALSE","TRUE","TRUE",,,"Golem_split",,"RangedGuardian",,"FALSE",,,0,"TombStone",,,,,,,"TRUE",,,,,,,,,,,,,,,,,,,,,,,,,,,,,,,,,,,,,,,,,,,,,,,,,,,-50,,,,,,,,,,2000,2000,,"TRUE",,,,,,,,,,,,,,,,,,,,,,,,,,,,,,,,,,,,,,,,,,,,,,,,,,,,,,,,,,,"ReturnerGuardian",,,"Sniffer Respawn","1",,,,,,,,,,,,,,,,1600,1900,,,,,,,,,
"Elephant",4000186,1,,"TID_CHARACTER_ELEPHANT","TID_CHARACTER_ELEPHANT_INFO",20,,1,250,450,,,"Elixir",,80,1400,,10,,150,,,,,"unit_elephant_rider_elephant_solo_big","sc/info_elephant_rider.sc",,,,,"Defense",,"SuperBoar Deploy",,"ps_chr_elephantrider_attack",,"ps_chr_elephantrider_hit",,"FALSE","FALSE","TRUE",,,"Elephant Die",,"Elephant","Barracks","FALSE",,,0,"DarkTombStone",,,,,,,"TRUE",,,,"TRUE",,,,,,,,,,,,,,,,,,,,,,,,,,,,,,,,16,,,,,,,,,,,,,,,-50,,,,,,,,,,600,500,600,"TRUE",,,,,,,,,,,,,,,,,,,,,,,,1,1,,,,,,,,,,,,,,"Wall",2000,,,,,,,,,,,,,,,,,,,,,,"SuperGiantPlaceholderAbility","1",,,,,,,,,,,,,"ElephantRiderElephant",,"HitPoints;DamagePerSecond;DamageType;TargetType;MovementSpeed;HousingSpace;PreferredTargetType;Range",,,,,"Rudra Gaidhani",,,,,,
,,2,,,,,,1,,600,,,,,,,,13,,,,,,,,,,,,,,,,,,,,,,,,,,,,,,,,,,,,,,,,,,,,,,,,,,,,,,,,,,,,,,,,,,,,,,,,,,,,,,,,,,,,,,,,,,,,,,,,,,,,,,,,,,,,,,,,,,,,,,,,,,,,,,,,,2,,,,,,,,,,,,,,,,,,,,,,,,,,,,,,,,,,,,,,,,,,,,,,,,,,,,,,,,,,,,,,,,,
,,3,,,,,,1,,700,,,,,,,,18,,,,,,,,,,,,,,,,,,,,,,,,,,,,,,,,,,,,,,,,,,,,,,,,,,,,,,,,,,,,,,,,,,,,,,,,,,,,,,,,,,,,,,,,,,,,,,,,,,,,,,,,,,,,,,,,,,,,,,,,,,,,,,,,,3,,,,,,,,,,,,,,,,,,,,,,,,,,,,,,,,,,,,,,,,,,,,,,,,,,,,,,,,,,,,,,,,,
,,4,,,,,,2,,850,,,,,,,,22,,,,,,,,,,,,,,,,,,,,,,,,,,,,,,,,,,,,,,,,,,,,,,,,,,,,,,,,,,,,,,,,,,,,,,,,,,,,,,,,,,,,,,,,,,,,,,,,,,,,,,,,,,,,,,,,,,,,,,,,,,,,,,,,,4,,,,,,,,,,,,,,,,,,,,,,,,,,,,,,,,,,,,,,,,,,,,,,,,,,,,,,,,,,,,,,,,,
,,5,,,,,,3,,1000,,,,,,,,28,,,,,,,,,,,,,,,,,,,,,,,,,,,,,,,,,,,,,,,,,,,,,,,,,,,,,,,,,,,,,,,,,,,,,,,,,,,,,,,,,,,,,,,,,,,,,,,,,,,,,,,,,,,,,,,,,,,,,,,,,,,,,,,,,5,,,,,,,,,,,,,,,,,,,,,,,,,,,,,,,,,,,,,,,,,,,,,,,,,,,,,,,,,,,,,,,,,
,,6,,,,,,4,,1300,,,,,,,,35,,,,,,,,,,,,,,,,,,,,,,,,,,,,,,,,,,,,,,,,,,,,,,,,,,,,,,,,,,,,,,,,,,,,,,,,,,,,,,,,,,,,,,,,,,,,,,,,,,,,,,,,,,,,,,,,,,,,,,,,,,,,,,,,,6,,,,,,,,,,,,,,,,,,,,,,,,,,,,,,,,,,,,,,,,,,,,,,,,,,,,,,,,,,,,,,,,,
,,7,,,,,,5,,1550,,,,,,,,42,,,,,,,,,,,,,,,,,,,,,,,,,,,,,,,,,,,,,,,,,,,,,,,,,,,,,,,,,,,,,,,,,,,,,,,,,,,,,,,,,,,,,,,,,,,,,,,,,,,,,,,,,,,,,,,,,,,,,,,,,,,,,,,,,7,,,,,,,,,,,,,,,,,,,,,,,,,,,,,,,,,,,,,,,,,,,,,,,,,,,,,,,,,,,,,,,,,
,,8,,,,,,6,,1850,,,,,,,,48,,,,,,,,,,,,,,,,,,,,,,,,,,,,,,,,,,,,,,,,,,,,,,,,,,,,,,,,,,,,,,,,,,,,,,,,,,,,,,,,,,,,,,,,,,,,,,,,,,,,,,,,,,,,,,,,,,,,,,,,,,,,,,,,,8,,,,,,,,,,,,,,,,,,,,,,,,,,,,,,,,,,,,,,,,,,,,,,,,,,,,,,,,,,,,,,,,,
,,9,,,,,,7,,2200,,,,,,,,55,,,,,,,,,,,,,,,,,,,,,,,,,,,,,,,,,,,,,,,,,,,,,,,,,,,,,,,,,,,,,,,,,,,,,,,,,,,,,,,,,,,,,,,,,,,,,,,,,,,,,,,,,,,,,,,,,,,,,,,,,,,,,,,,,9,,,,,,,,,,,,,,,,,,,,,,,,,,,,,,,,,,,,,,,,,,,,,,,,,,,,,,,,,,,,,,,,,
,,10,,,,,,8,,2700,,,,,,,,65,,,,,,,,,,,,,,,,,,,,,,,,,,,,,,,,,,,,,,,,,,,,,,,,,,,,,,,,,,,,,,,,,,,,,,,,,,,,,,,,,,,,,,,,,,,,,,,,,,,,,,,,,,,,,,,,,,,,,,,,,,,,,,,,,10,,,,,,,,,,,,,,,,,,,,,,,,,,,,,,,,,,,,,,,,,,,,,,,,,,,,,,,,,,,,,,,,,
,,11,,,,,,9,,3050,,,,,,,,75,,,,,,,,,,,,,,,,,,,,,,,,,,,,,,,,,,,,,,,,,,,,,,,,,,,,,,,,,,,,,,,,,,,,,,,,,,,,,,,,,,,,,,,,,,,,,,,,,,,,,,,,,,,,,,,,,,,,,,,,,,,,,,,,,11,,,,,,,,,,,,,,,,,,,,,,,,,,,,,,,,,,,,,,,,,,,,,,,,,,,,,,,,,,,,,,,,,
,,12,,,,,,10,,3500,,,,,,,,85,,,,,,,,,,,,,,,,,,,,,,,,,,,,,,,,,,,,,,,,,,,,,,,,,,,,,,,,,,,,,,,,,,,,,,,,,,,,,,,,,,,,,,,,,,,,,,,,,,,,,,,,,,,,,,,,,,,,,,,,,,,,,,,,,12,,,,,,,,,,,,,,,,,,,,,,,,,,,,,,,,,,,,,,,,,,,,,,,,,,,,,,,,,,,,,,,,,
,,13,,,,,,11,,3900,,,,,,,,100,,,,,,,,,,,,,,,,,,,,,,,,,,,,,,,,,,,,,,,,,,,,,,,,,,,,,,,,,,,,,,,,,,,,,,,,,,,,,,,,,,,,,,,,,,,,,,,,,,,,,,,,,,,,,,,,,,,,,,,,,,,,,,,,,13,,,,,,,,,,,,,,,,,,,,,,,,,,,,,,,,,,,,,,,,,,,,,,,,,,,,,,,,,,,,,,,,,
,,14,,,,,,12,,4450,,,,,,,,110,,,,,,,,,,,,,,,,,,,,,,,,,,,,,,,,,,,,,,,,,,,,,,,,,,,,,,,,,,,,,,,,,,,,,,,,,,,,,,,,,,,,,,,,,,,,,,,,,,,,,,,,,,,,,,,,,,,,,,,,,,,,,,,,,14,,,,,,,,,,,,,,,,,,,,,,,,,,,,,,,,,,,,,,,,,,,,,,,,,,,,,,,,,,,,,,,,,
,,15,,,,,,13,,5000,,,,,,,,125,,,,,,,,,,,,,,,,,,,,,,,,,,,,,,,,,,,,,,,,,,,,,,,,,,,,,,,,,,,,,,,,,,,,,,,,,,,,,,,,,,,,,,,,,,,,,,,,,,,,,,,,,,,,,,,,,,,,,,,,,,,,,,,,,15,,,,,,,,,,,,,,,,,,,,,,,,,,,,,,,,,,,,,,,,,,,,,,,,,,,,,,,,,,,,,,,,,
,,16,,,,,,14,,5650,,,,,,,,140,,,,,,,,,,,,,,,,,,,,,,,,,,,,,,,,,,,,,,,,,,,,,,,,,,,,,,,,,,,,,,,,,,,,,,,,,,,,,,,,,,,,,,,,,,,,,,,,,,,,,,,,,,,,,,,,,,,,,,,,,,,,,,,,,16,,,,,,,,,,,,,,,,,,,,,,,,,,,,,,,,,,,,,,,,,,,,,,,,,,,,,,,,,,,,,,,,,
,,17,,,,,,15,,6400,,,,,,,,160,,,,,,,,,,,,,,,,,,,,,,,,,,,,,,,,,,,,,,,,,,,,,,,,,,,,,,,,,,,,,,,,,,,,,,,,,,,,,,,,,,,,,,,,,,,,,,,,,,,,,,,,,,,,,,,,,,,,,,,,,,,,,,,,,17,,,,,,,,,,,,,,,,,,,,,,,,,,,,,,,,,,,,,,,,,,,,,,,,,,,,,,,,,,,,,,,,,
,,18,,,,,,16,,7200,,,,,,,,180,,,,,,,,,,,,,,,,,,,,,,,,,,,,,,,,,,,,,,,,,,,,,,,,,,,,,,,,,,,,,,,,,,,,,,,,,,,,,,,,,,,,,,,,,,,,,,,,,,,,,,,,,,,,,,,,,,,,,,,,,,,,,,,,,18,,,,,,,,,,,,,,,,,,,,,,,,,,,,,,,,,,,,,,,,,,,,,,,,,,,,,,,,,,,,,,,,,
"Rider",4000187,1,,"TID_CHARACTER_ELEPHANT_RIDER_DEPLOYED","TID_CHARACTER_ELEPHANT_RIDER_DEPLOYED_INFO",10,,1,200,220,,,"DarkElixir",,50,1200,,22,,150,,"TRUE","sc/ui.sc","icon_unit_elephant_rider","unit_elephant_rider_rider_solo_big","sc/info_elephant_rider.sc",,,,,,,"WarriorGirl Deploy",,"ps_chr_elephantlesssrider_attack",,"ps_chr_elephantlesssrider_hit",,"FALSE","FALSE","TRUE",,,"WarriorGirl Die",,"ElephantRiderDeployed","Dark Barracks","FALSE",,,0,"DarkTombStone",,,,,,,"TRUE",,,,"TRUE",,,,,,,,,,,,,,,,,,,,,,,,,,,,,,,,,,,"TRUE",,,,,,,,,,,,-50,,,,,,,,,,600,500,600,"TRUE",,,,,,,,,,,,,,,,,,,,,,,,1,1,,,,,,,,,,,,,,,,,,,,,,,,,,,,,,,,,,,,,,,,,,,,,,,,,,,"ElephantRiderRider",,"HitPoints;DamagePerSecond;DamageType;TargetType;MovementSpeed;HousingSpace;Range",,,,,"Rudra Gaidhani",,,,,,
,,2,,,,,,1,,280,,,,,,,,28,,,,,,,,,,,,,,,,,,,,,,,,,,,,,,,,,,,,,,,,,,,,,,,,,,,,,,,,,,,,,,,,,,,,,,,,,,,,,,,,,,,,,,,,,,,,,,,,,,,,,,,,,,,,,,,,,,,,,,,,,,,,,,,,,2,,,,,,,,,,,,,,,,,,,,,,,,,,,,,,,,,,,,,,,,,,,,,,,,,,,,,,,,,,,,,,,,,
,,3,,,,,,1,,340,,,,,,,,33,,,,,,,,,,,,,,,,,,,,,,,,,,,,,,,,,,,,,,,,,,,,,,,,,,,,,,,,,,,,,,,,,,,,,,,,,,,,,,,,,,,,,,,,,,,,,,,,,,,,,,,,,,,,,,,,,,,,,,,,,,,,,,,,,3,,,,,,,,,,,,,,,,,,,,,,,,,,,,,,,,,,,,,,,,,,,,,,,,,,,,,,,,,,,,,,,,,
,,4,,,,,,2,,420,,,,,,,,42,,,,,,,,,,,,,,,,,,,,,,,,,,,,,,,,,,,,,,,,,,,,,,,,,,,,,,,,,,,,,,,,,,,,,,,,,,,,,,,,,,,,,,,,,,,,,,,,,,,,,,,,,,,,,,,,,,,,,,,,,,,,,,,,,4,,,,,,,,,,,,,,,,,,,,,,,,,,,,,,,,,,,,,,,,,,,,,,,,,,,,,,,,,,,,,,,,,
,,5,,,,,,3,,500,,,,,,,,50,,,,,,,,,,,,,,,,,,,,,,,,,,,,,,,,,,,,,,,,,,,,,,,,,,,,,,,,,,,,,,,,,,,,,,,,,,,,,,,,,,,,,,,,,,,,,,,,,,,,,,,,,,,,,,,,,,,,,,,,,,,,,,,,,5,,,,,,,,,,,,,,,,,,,,,,,,,,,,,,,,,,,,,,,,,,,,,,,,,,,,,,,,,,,,,,,,,
,,6,,,,,,4,,630,,,,,,,,65,,,,,,,,,,,,,,,,,,,,,,,,,,,,,,,,,,,,,,,,,,,,,,,,,,,,,,,,,,,,,,,,,,,,,,,,,,,,,,,,,,,,,,,,,,,,,,,,,,,,,,,,,,,,,,,,,,,,,,,,,,,,,,,,,6,,,,,,,,,,,,,,,,,,,,,,,,,,,,,,,,,,,,,,,,,,,,,,,,,,,,,,,,,,,,,,,,,
,,7,,,,,,5,,760,,,,,,,,78,,,,,,,,,,,,,,,,,,,,,,,,,,,,,,,,,,,,,,,,,,,,,,,,,,,,,,,,,,,,,,,,,,,,,,,,,,,,,,,,,,,,,,,,,,,,,,,,,,,,,,,,,,,,,,,,,,,,,,,,,,,,,,,,,7,,,,,,,,,,,,,,,,,,,,,,,,,,,,,,,,,,,,,,,,,,,,,,,,,,,,,,,,,,,,,,,,,
,,8,,,,,,6,,920,,,,,,,,92,,,,,,,,,,,,,,,,,,,,,,,,,,,,,,,,,,,,,,,,,,,,,,,,,,,,,,,,,,,,,,,,,,,,,,,,,,,,,,,,,,,,,,,,,,,,,,,,,,,,,,,,,,,,,,,,,,,,,,,,,,,,,,,,,8,,,,,,,,,,,,,,,,,,,,,,,,,,,,,,,,,,,,,,,,,,,,,,,,,,,,,,,,,,,,,,,,,
,,9,,,,,,7,,1100,,,,,,,,108,,,,,,,,,,,,,,,,,,,,,,,,,,,,,,,,,,,,,,,,,,,,,,,,,,,,,,,,,,,,,,,,,,,,,,,,,,,,,,,,,,,,,,,,,,,,,,,,,,,,,,,,,,,,,,,,,,,,,,,,,,,,,,,,,9,,,,,,,,,,,,,,,,,,,,,,,,,,,,,,,,,,,,,,,,,,,,,,,,,,,,,,,,,,,,,,,,,
,,10,,,,,,8,,1350,,,,,,,,130,,,,,,,,,,,,,,,,,,,,,,,,,,,,,,,,,,,,,,,,,,,,,,,,,,,,,,,,,,,,,,,,,,,,,,,,,,,,,,,,,,,,,,,,,,,,,,,,,,,,,,,,,,,,,,,,,,,,,,,,,,,,,,,,,10,,,,,,,,,,,,,,,,,,,,,,,,,,,,,,,,,,,,,,,,,,,,,,,,,,,,,,,,,,,,,,,,,
,,11,,,,,,9,,1500,,,,,,,,145,,,,,,,,,,,,,,,,,,,,,,,,,,,,,,,,,,,,,,,,,,,,,,,,,,,,,,,,,,,,,,,,,,,,,,,,,,,,,,,,,,,,,,,,,,,,,,,,,,,,,,,,,,,,,,,,,,,,,,,,,,,,,,,,,11,,,,,,,,,,,,,,,,,,,,,,,,,,,,,,,,,,,,,,,,,,,,,,,,,,,,,,,,,,,,,,,,,
,,12,,,,,,10,,1700,,,,,,,,170,,,,,,,,,,,,,,,,,,,,,,,,,,,,,,,,,,,,,,,,,,,,,,,,,,,,,,,,,,,,,,,,,,,,,,,,,,,,,,,,,,,,,,,,,,,,,,,,,,,,,,,,,,,,,,,,,,,,,,,,,,,,,,,,,12,,,,,,,,,,,,,,,,,,,,,,,,,,,,,,,,,,,,,,,,,,,,,,,,,,,,,,,,,,,,,,,,,
,,13,,,,,,11,,1900,,,,,,,,190,,,,,,,,,,,,,,,,,,,,,,,,,,,,,,,,,,,,,,,,,,,,,,,,,,,,,,,,,,,,,,,,,,,,,,,,,,,,,,,,,,,,,,,,,,,,,,,,,,,,,,,,,,,,,,,,,,,,,,,,,,,,,,,,,13,,,,,,,,,,,,,,,,,,,,,,,,,,,,,,,,,,,,,,,,,,,,,,,,,,,,,,,,,,,,,,,,,
,,14,,,,,,12,,2150,,,,,,,,215,,,,,,,,,,,,,,,,,,,,,,,,,,,,,,,,,,,,,,,,,,,,,,,,,,,,,,,,,,,,,,,,,,,,,,,,,,,,,,,,,,,,,,,,,,,,,,,,,,,,,,,,,,,,,,,,,,,,,,,,,,,,,,,,,14,,,,,,,,,,,,,,,,,,,,,,,,,,,,,,,,,,,,,,,,,,,,,,,,,,,,,,,,,,,,,,,,,
,,15,,,,,,13,,2450,,,,,,,,245,,,,,,,,,,,,,,,,,,,,,,,,,,,,,,,,,,,,,,,,,,,,,,,,,,,,,,,,,,,,,,,,,,,,,,,,,,,,,,,,,,,,,,,,,,,,,,,,,,,,,,,,,,,,,,,,,,,,,,,,,,,,,,,,,15,,,,,,,,,,,,,,,,,,,,,,,,,,,,,,,,,,,,,,,,,,,,,,,,,,,,,,,,,,,,,,,,,
,,16,,,,,,14,,2750,,,,,,,,275,,,,,,,,,,,,,,,,,,,,,,,,,,,,,,,,,,,,,,,,,,,,,,,,,,,,,,,,,,,,,,,,,,,,,,,,,,,,,,,,,,,,,,,,,,,,,,,,,,,,,,,,,,,,,,,,,,,,,,,,,,,,,,,,,16,,,,,,,,,,,,,,,,,,,,,,,,,,,,,,,,,,,,,,,,,,,,,,,,,,,,,,,,,,,,,,,,,
,,17,,,,,,15,,3100,,,,,,,,310,,,,,,,,,,,,,,,,,,,,,,,,,,,,,,,,,,,,,,,,,,,,,,,,,,,,,,,,,,,,,,,,,,,,,,,,,,,,,,,,,,,,,,,,,,,,,,,,,,,,,,,,,,,,,,,,,,,,,,,,,,,,,,,,,17,,,,,,,,,,,,,,,,,,,,,,,,,,,,,,,,,,,,,,,,,,,,,,,,,,,,,,,,,,,,,,,,,
,,18,,,,,,16,,3500,,,,,,,,350,,,,,,,,,,,,,,,,,,,,,,,,,,,,,,,,,,,,,,,,,,,,,,,,,,,,,,,,,,,,,,,,,,,,,,,,,,,,,,,,,,,,,,,,,,,,,,,,,,,,,,,,,,,,,,,,,,,,,,,,,,,,,,,,,18,,,,,,,,,,,,,,,,,,,,,,,,,,,,,,,,,,,,,,,,,,,,,,,,,,,,,,,,,,,,,,,,,
"Air Troop Launcher",4000188,1,,"TID_SIEGE_MACHINE_AIR_TROOP_LAUNCHER","TID_CHARACTER_INFO_SIEGE_MACHINE_AIR_TROOP_LAUNCHER",1,9,14,200,3600,240,,"Elixir",22000000,550,8000,6000,1,,1,,,"sc/ui.sc","icon_unit_siege_machine_AirTroopLauncher","unit_siege_machine_air_troop_launcher_big","sc/info_siege_machine_air_troop_launcher.sc",,"Air Troop Launcher Barrel1",,,"Any Building",,"sm_air_troop_launcher_deploy",,"sm_air_troop_launcher_attack",,,,"TRUE","FALSE","TRUE",,4,"sm_air_troop_launcher_destroyed",,"SiegeMachine_Air_Troop_Launcher_lvl1","Siege Workshop","FALSE",,,0,,,,,,,,,,,,,,,,,,,,,,,,,,,,,,,,,,,,10000,,,,,,,,,,,,,,,,,,,,,,,120,,,,,,,,,,100,100,,"TRUE",,,,,,,,,,,,,,,,1,,,,,,,,,,,,,,,,,,,,,,,,,,,,,,,,,,,,,,,"TRUE",,,,,,,"SiegeMachineAirTroopLauncherSelfDestruct","1",,"TRUE",,,,,,,,,,,"Air Troop Launcher",,"HitPoints;MovementSpeed;HousingSpace;NumAttacks;NumUnitSpawnedByProjectileHitSpell1;NumUnitSpawnedByProjectileHitSpell2;NumUnitSpawnedByProjectileHitSpell3;SplitLevelOfUnitsSpawnedByProjectileHitSpell",,,,,,"TRUE",,,,,
,,2,,,,,,15,,3800,324,,,26000000,,,,2,,,,,,,,,,"Air Troop Launcher Barrel2",,,,,,,,,,,,,,,4,,,"SiegeMachine_Air_Troop_Launcher_lvl2",,,,,,,,,,,,,,,,,,,,,,,,,,,,,,,,,,,,,,,,,11000,,,,,,,,,,,,,,,,,,,,,,,,,,,,,,,,,,,,,,,,,,,,,,,,,,,,,,,,,,,,,,,,,,,,,,,,,,,,,,,,,,,,,,,,,,,,,,,,,,,,,,,,,,,,,,,,,,,,,,,,,,,,,
,,3,,,,,,16,,4000,384,,,29000000,,,,3,,,,,,,,,,"Air Troop Launcher Barrel3",,,,,,,,,,,,,,,5,,,"SiegeMachine_Air_Troop_Launcher_lvl3",,,,,,,,,,,,,,,,,,,,,,,,,,,,,,,,,,,,,,,,,12000,,,,,,,,,,,,,,,,,,,,,,,,,,,,,,,,,,,,,,,,,,,,,,,,,,,,,,,,,,,,,,,,,,,,,,,,,,,,,,,,,,,,,,,,,,,,,,,,,,,,,,,,,,,,,,,,,,,,,,,,,,,,,
,,4,,,,,,16,,4200,,,,,,,,4,,,,,,,,,,"Air Troop Launcher Barrel4",,,,,,,,,,,,,,,5,,,"SiegeMachine_Air_Troop_Launcher_lvl4",,,,,,,,,,,,,,,,,,,,,,,,,,,,,,,,,,,,,,,,,13000,,,,,,,,,,,,,,,,,,,,,,,,,,,,,,,,,,,,,,,,,,,,,,,,,,,,,,,,,,,,,,,,,,,,,,,,,,,,,,,,,,,,,,,,,,,,,,,,,,,,,,,,,,,,,,,,,,,,,,,,,,,,,
"UnusedSiegePrototype",4000189,1,"TRUE","TID_SIEGE_MACHINE_RAM","TID_CHARACTER_INFO_SIEGE_MACHINE_RAM",1,1,9,200,200,48,,"Elixir",2500000,150,1300,550,250,10,150,,,"sc/ui.sc","icon_unit_siege_machine_ram","unit_siege_machine_ram_big","sc/info_siege_machine_ram.sc",,,,,,,"Siege Ram Deploy",,"Siege Ram Attack",,"Siege Ram Hit","Giant Big Hit","FALSE","FALSE","TRUE",,,"Siege Ram Die",,"SiegeMachine_Ram_lvl1","Siege Workshop","FALSE",,,0,,,,,,,,,,,,,,,,,,,,,,,,,,,,,,,,,,,,6000,,,,,,,,16,,,,,,,,,,,,,,,-50,,,,,,,,,,100,100,,"FALSE",,,,,,,,,,,,,,,,1,,,,,,,,,,,,,,,"Town Hall",,,,,,,,,,,,,,,,,,,,,,,,,,,,,,,"SiegeMachineRamSelfDestruct","1",,"TRUE",,,,,,,,,,,"WallWrecker",,,,,,,,,,,,,
"Unused8",4000190,1,"TRUE","TID_BARBARIAN","TID_CHARACTER_INFO_BARBARIAN",1,1,1,200,45,,,"Elixir",,40,1000,,8,1,,,,"sc/ui.sc","icon_unit_barbarian","unit_april25_valkyrie_big","sc/info_april25_valkyrie.sc",,,,,,,"Barbarian Deploy",,"Barbarian Attack",,"Barbarian Hit",,"FALSE","FALSE","TRUE",,,"Barbarian Die",,"Barbarian","Barracks","FALSE",,,0,"TombStone",,,,,,,"TRUE",,,,,,,,,,,,,,,,,,,,,,,,,,,,800,,,,,,,,,,,,,,,,,,,,,,,-50,,,,,,,,,,50,100,,"TRUE",,,,,,,,,,,,,,,,,,,,,,,,,,,,,,,,,,,,,,,,,,,,,,,,,,,,,,,,,,,"Unused",,,,,,,,,,,,,,,,,"TroopGroundAny",,,,,,,,,,,,,
"Unused9",4000191,1,"TRUE","TID_BARBARIAN","TID_CHARACTER_INFO_BARBARIAN",1,1,1,200,45,,,"Elixir",,40,1000,,8,1,,,,"sc/ui.sc","icon_unit_barbarian","unit_april25_valkyrie_big","sc/info_april25_valkyrie.sc",,,,,,,"Barbarian Deploy",,"Barbarian Attack",,"Barbarian Hit",,"FALSE","FALSE","TRUE",,,"Barbarian Die",,"Barbarian","Barracks","FALSE",,,0,"TombStone",,,,,,,"TRUE",,,,,,,,,,,,,,,,,,,,,,,,,,,,800,,,,,,,,,,,,,,,,,,,,,,,-50,,,,,,,,,,50,100,,"TRUE",,,,,,,,,,,,,,,,,,,,,,,,,,,,,,,,,,,,,,,,,,,,,,,,,,,,,,,,,,,,,,,,,,,,,,,,,,,,"TroopGroundAny",,,,,,,,,,,,,
"Elephant Rider",4000185,1,,"TID_CHARACTER_ELEPHANT_RIDER","TID_CHARACTER_ELEPHANT_RIDER_INFO",24,0,1,250,750,,,"Elixir",,80,1400,,40,,150,,,"sc/ui.sc","icon_unit_elephant_rider","unit_elephant_rider_big","sc/info_elephant_rider.sc",,,,,"Defense",,"ElephantRider Deploy",,"ps_chr_elephantrider_attack",,"ps_chr_elephantrider_hit",,"FALSE","FALSE","TRUE",,,"ElephantRider Die",,"ElephantRider","Barracks","FALSE",,,0,,,,,,,,,"TRUE",,,,,,,,,,,,,,,,,,,,,,,,,,,,,,,,,,,16,,,,,,,,,,,,,,,-50,,,,,,,,,,1200,1200,600,"TRUE",,,,,,,,,,,,,,,,,"TRUE",,"TRUE",,,,,1,1,,,,,,,,,,,,,,"Wall",2000,,,,,,,,,,,,,,,,,,,,,,"ElephantRiderSummonRider;ElephantRiderSummonElephant","1;1",,,,,,,,,,,,,"ElephantRiderTH1Above",,,,,,,"Rudra Gaidhani",,,,,,
,,2,,,,,,,,900,,,,,,,,50,,,,,,,,,,,,,,,,,,,,,,,,,,,,,,,,,,,,,,,,,,,,,,,,,,,,,,,,,,,,,,,,,,,,,,,,,,,,,,,,,,,,,,,,,,,,,,,,,,,,,,,,,,,,,,,,,,,,,,,,,,,,,,,,,2,,,,,,,,,,,,,,,,,,,,,,,,,,,,,,,,,,,,,,,"2;2",,,,,,,,,,,,,,,,,,,,,,,,,,
,,3,,,,,,,,1050,,,,,,,,60,,,,,,,,,,,,,,,,,,,,,,,,,,,,,,,,,,,,,,,,,,,,,,,,,,,,,,,,,,,,,,,,,,,,,,,,,,,,,,,,,,,,,,,,,,,,,,,,,,,,,,,,,,,,,,,,,,,,,,,,,,,,,,,,,3,,,,,,,,,,,,,,,,,,,,,,,,,,,,,,,,,,,,,,,"3;3",,,,,,,,,,,,,,,,,,,,,,,,,,
,,4,,,,,,,,1300,,,,,,,,75,,,,,,,,,,,,,,,,,,,,,,,,,,,,,,,,,,,,,,,,,,,,,,,,,,,,,,,,,,,,,,,,,,,,,,,,,,,,,,,,,,,,,,,,,,,,,,,,,,,,,,,,,,,,,,,,,,,,,,,,,,,,,,,,,4,,,,,,,,,,,,,,,,,,,,,,,,,,,,,,,,,,,,,,,"4;4",,,,,,,,,,,,,,,,,,,,,,,,,,
,,5,,,,,,,,1550,,,,,,,,85,,,,,,,,,,,,,,,,,,,,,,,,,,,,,,,,,,,,,,,,,,,,,,,,,,,,,,,,,,,,,,,,,,,,,,,,,,,,,,,,,,,,,,,,,,,,,,,,,,,,,,,,,,,,,,,,,,,,,,,,,,,,,,,,,5,,,,,,,,,,,,,,,,,,,,,,,,,,,,,,,,,,,,,,,"5;5",,,,,,,,,,,,,,,,,,,,,,,,,,
,,6,,,,,,,,1950,,,,,,,,105,,,,,,,,,,,,,,,,,,,,,,,,,,,,,,,,,,,,,,,,,,,,,,,,,,,,,,,,,,,,,,,,,,,,,,,,,,,,,,,,,,,,,,,,,,,,,,,,,,,,,,,,,,,,,,,,,,,,,,,,,,,,,,,,,6,,,,,,,,,,,,,,,,,,,,,,,,,,,,,,,,,,,,,,,"6;6",,,,,,,,,,,,,,,,,,,,,,,,,,
,,7,,,,,,,,2300,,,,,,,,125,,,,,,,,,,,,,,,,,,,,,,,,,,,,,,,,,,,,,,,,,,,,,,,,,,,,,,,,,,,,,,,,,,,,,,,,,,,,,,,,,,,,,,,,,,,,,,,,,,,,,,,,,,,,,,,,,,,,,,,,,,,,,,,,,7,,,,,,,,,,,,,,,,,,,,,,,,,,,,,,,,,,,,,,,"7;7",,,,,,,,,,,,,,,,,,,,,,,,,,
,,8,,,,,,,,2800,,,,,,,,150,,,,,,,,,,,,,,,,,,,,,,,,,,,,,,,,,,,,,,,,,,,,,,,,,,,,,,,,,,,,,,,,,,,,,,,,,,,,,,,,,,,,,,,,,,,,,,,,,,,,,,,,,,,,,,,,,,,,,,,,,,,,,,,,,8,,,,,,,,,,,,,,,,,,,,,,,,,,,,,,,,,,,,,,,"8;8",,,,,,,,,,,,,,,,,,,,,,,,,,
,,9,,,,,,,,3300,,,,,,,,175,,,,,,,,,,,,,,,,,,,,,,,,,,,,,,,,,,,,,,,,,,,,,,,,,,,,,,,,,,,,,,,,,,,,,,,,,,,,,,,,,,,,,,,,,,,,,,,,,,,,,,,,,,,,,,,,,,,,,,,,,,,,,,,,,9,,,,,,,,,,,,,,,,,,,,,,,,,,,,,,,,,,,,,,,"9;9",,,,,,,,,,,,,,,,,,,,,,,,,,
,,10,,,,,,,,3950,,,,,,,,210,,,,,,,,,,,,,,,,,,,,,,,,,,,,,,,,,,,,,,,,,,,,,,,,,,,,,,,,,,,,,,,,,,,,,,,,,,,,,,,,,,,,,,,,,,,,,,,,,,,,,,,,,,,,,,,,,,,,,,,,,,,,,,,,,10,,,,,,,,,,,,,,,,,,,,,,,,,,,,,,,,,,,,,,,"10;10",,,,,,,,,,,,,"ElephantRiderTH10Above",,,,,,,,,,,,,
,,11,,,,,,,,4450,,,,,,,,235,,,,,,,,,,,,,,,,,,,,,,,,,,,,,,,,,,,,,,,,,,,,,,,,,,,,,,,,,,,,,,,,,,,,,,,,,,,,,,,,,,,,,,,,,,,,,,,,,,,,,,,,,,,,,,,,,,,,,,,,,,,,,,,,,11,,,,,,,,,,,,,,,,,,,,,,,,,,,,,,,,,,,,,,,"11;11",,,,,,,,,,,,,,,,,,,,,,,,,,
,,12,,,,,,,,5100,,,,,,,,270,,,,,,,,,,,,,,,,,,,,,,,,,,,,,,,,,,,,,,,,,,,,,,,,,,,,,,,,,,,,,,,,,,,,,,,,,,,,,,,,,,,,,,,,,,,,,,,,,,,,,,,,,,,,,,,,,,,,,,,,,,,,,,,,,12,,,,,,,,,,,,,,,,,,,,,,,,,,,,,,,,,,,,,,,"12;12",,,,,,,,,,,,,,,,,,,,,,,,,,
,,13,,,,,,,,5700,,,,,,,,305,,,,,,,,,,,,,,,,,,,,,,,,,,,,,,,,,,,,,,,,,,,,,,,,,,,,,,,,,,,,,,,,,,,,,,,,,,,,,,,,,,,,,,,,,,,,,,,,,,,,,,,,,,,,,,,,,,,,,,,,,,,,,,,,,13,,,,,,,,,,,,,,,,,,,,,,,,,,,,,,,,,,,,,,,"13;13",,,,,,,,,,,,,,,,,,,,,,,,,,
,,14,,,,,,,,6500,,,,,,,,345,,,,,,,,,,,,,,,,,,,,,,,,,,,,,,,,,,,,,,,,,,,,,,,,,,,,,,,,,,,,,,,,,,,,,,,,,,,,,,,,,,,,,,,,,,,,,,,,,,,,,,,,,,,,,,,,,,,,,,,,,,,,,,,,,14,,,,,,,,,,,,,,,,,,,,,,,,,,,,,,,,,,,,,,,"14;14",,,,,,,,,,,,,,,,,,,,,,,,,,
,,15,,,,,,,,7300,,,,,,,,385,,,,,,,,,,,,,,,,,,,,,,,,,,,,,,,,,,,,,,,,,,,,,,,,,,,,,,,,,,,,,,,,,,,,,,,,,,,,,,,,,,,,,,,,,,,,,,,,,,,,,,,,,,,,,,,,,,,,,,,,,,,,,,,,,15,,,,,,,,,,,,,,,,,,,,,,,,,,,,,,,,,,,,,,,"15;15",,,,,,,,,,,,,,,,,,,,,,,,,,
,,16,,,,,,,,8250,,,,,,,,440,,,,,,,,,,,,,,,,,,,,,,,,,,,,,,,,,,,,,,,,,,,,,,,,,,,,,,,,,,,,,,,,,,,,,,,,,,,,,,,,,,,,,,,,,,,,,,,,,,,,,,,,,,,,,,,,,,,,,,,,,,,,,,,,,16,,,,,,,,,,,,,,,,,,,,,,,,,,,,,,,,,,,,,,,"16;16",,,,,,,,,,,,,,,,,,,,,,,,,,
,,17,,,,,,,,9300,,,,,,,,495,,,,,,,,,,,,,,,,,,,,,,,,,,,,,,,,,,,,,,,,,,,,,,,,,,,,,,,,,,,,,,,,,,,,,,,,,,,,,,,,,,,,,,,,,,,,,,,,,,,,,,,,,,,,,,,,,,,,,,,,,,,,,,,,,17,,,,,,,,,,,,,,,,,,,,,,,,,,,,,,,,,,,,,,,"17;17",,,,,,,,,,,,,,,,,,,,,,,,,,
,,18,,,,,,,,10500,,,,,,,,560,,,,,,,,,,,,,,,,,,,,,,,,,,,,,,,,,,,,,,,,,,,,,,,,,,,,,,,,,,,,,,,,,,,,,,,,,,,,,,,,,,,,,,,,,,,,,,,,,,,,,,,,,,,,,,,,,,,,,,,,,,,,,,,,,18,,,,,,,,,,,,,,,,,,,,,,,,,,,,,,,,,,,,,,,"18;18",,,,,,,,,,,,,,,,,,,,,,,,,,
"Ruin Witch_DEF",4000192,1,,"TID_CHARACTER_RUIN_WITCH","TID_CHARACTER_RUIN_WITCH_INFO",26,13,1,150,2300,,,,,80,2000,,25,,,,,,,,,,,,,,,"RuinWitch Deploy",,,,"ps_chr_ruinwitch_atkcomplete",,"FALSE","FALSE","TRUE",,,"SW Die",,"Ruin Witch Lvl1","Dark Barracks","FALSE",,,0,"DarkTombStone",,,,,,,"TRUE",,,,,,,,,,,,,,,,,,,,,,,,,,,,,,,,,,,,,,,,,,,,,,,,,,,-50,,,,,,,,,,100,100,,"TRUE",,,,,,,,,,,,,,,,,,,,,,,,,,,,,,,,,,,,,,,,,,,,,,,,,,,,,,,,,,,,,,,,,,,,,,,,,,,,,,,,,,,,,,,,,
,,2,,,,,,14,,2550,,,,,,,,26,,,,,,,,,,,,,,,,,,,,,,,,,,,,"Ruin Witch Lvl2",,,,,,,,,,,,,,,,,,,,,,,,,,,,,,,,,,,,,,,,,,,,,,,,,,,,,,,,,,,,,,,,,,,,,,,,,,,,,,,,,,,,,,,,,,,,,,,,,,,,,,,,,,,,,,,,,,,,,,,,,,,,,,,,,,,,,,,,,,,,,,,,,,,,,,,,,,,,,,,,,,,,,,
,,3,,,,,,15,,2800,,,,,,,,27,,,,,,,,,,,,,,,,,,,,,,,,,,,,"Ruin Witch Lvl3",,,,,,,,,,,,,,,,,,,,,,,,,,,,,,,,,,,,,,,,,,,,,,,,,,,,,,,,,,,,,,,,,,,,,,,,,,,,,,,,,,,,,,,,,,,,,,,,,,,,,,,,,,,,,,,,,,,,,,,,,,,,,,,,,,,,,,,,,,,,,,,,,,,,,,,,,,,,,,,,,,,,,,
,,4,,,,,,16,,3050,,,,,,,,28,,,,,,,,,,,,,,,,,,,,,,,,,,,,"Ruin Witch Lvl4",,,,,,,,,,,,,,,,,,,,,,,,,,,,,,,,,,,,,,,,,,,,,,,,,,,,,,,,,,,,,,,,,,,,,,,,,,,,,,,,,,,,,,,,,,,,,,,,,,,,,,,,,,,,,,,,,,,,,,,,,,,,,,,,,,,,,,,,,,,,,,,,,,,,,,,,,,,,,,,,,,,,,,
